ecosystem,packageName,requestedVersion,version,name,displayName,description,recipeCount,category1,category2,category3,category4,category1Description,category2Description,category3Description,category4Description,options
go,github.com/moderneinc/recipes-go,,v0.5.3,org.openrewrite.golang.AddImport,Add import,Add an `import` statement to a Go compilation unit. No-op if the import is already present in a compatible form.,1,,,,Go,,,,,"[{""name"":""packagePath"",""type"":""String"",""displayName"":""Package path"",""description"":""The import path to add."",""example"":""fmt"",""required"":true},{""name"":""onlyIfReferenced"",""type"":""Boolean"",""displayName"":""Only if referenced"",""description"":""When true, add the import only if some identifier in the file already references the package via type attribution."",""value"":false}]"
go,github.com/moderneinc/recipes-go,,v0.5.3,org.openrewrite.golang.ChangeMethodName,Change method name,Rename method invocations matching a method pattern.,1,,,,Go,,,,,"[{""name"":""methodPattern"",""type"":""String"",""displayName"":""Method pattern"",""description"":""A method pattern to match method invocations."",""example"":""fmt.Println(..)"",""required"":true},{""name"":""newMethodName"",""type"":""String"",""displayName"":""New method name"",""description"":""The new name for the method."",""example"":""Printf"",""required"":true}]"
go,github.com/moderneinc/recipes-go,,v0.5.3,org.openrewrite.golang.ChangeType,Change type,Change a Go type reference from one fully qualified name to another.,1,,,,Go,,,,,"[{""name"":""oldFullyQualifiedTypeName"",""type"":""String"",""displayName"":""Old fully qualified type name"",""description"":""The fully qualified Go type name to replace."",""example"":""github.com/old/pkg.MyType"",""required"":true},{""name"":""newFullyQualifiedTypeName"",""type"":""String"",""displayName"":""New fully qualified type name"",""description"":""The fully qualified Go type name to use instead."",""example"":""github.com/new/pkg.MyType"",""required"":true}]"
go,github.com/moderneinc/recipes-go,,v0.5.3,org.openrewrite.golang.OrderImports,Order imports,"Sort `import` lines into stdlib / third-party / local groups. Within each group, entries are alphabetized; non-empty groups are separated by a blank line. Mirrors `goimports -w`. Local detection uses the sibling go.mod's module path.",1,,,,Go,,,,,
go,github.com/moderneinc/recipes-go,,v0.5.3,org.openrewrite.golang.RemoveImport,Remove import,"Remove an `import` statement from a Go compilation unit. Matches by import path; any form (regular, aliased, dot, blank) is removed.",1,,,,Go,,,,,"[{""name"":""packagePath"",""type"":""String"",""displayName"":""Package path"",""description"":""The import path to remove."",""example"":""fmt"",""required"":true}]"
go,github.com/moderneinc/recipes-go,,v0.5.3,org.openrewrite.golang.RemoveUnusedImports,Remove unused imports,Remove imports for packages that are not referenced by any identifier in the file. Blank (`_`) imports are preserved.,1,,,,Go,,,,,
go,github.com/moderneinc/recipes-go,,v0.5.3,org.openrewrite.golang.RenamePackage,Rename package,"Rename a Go package across a project — rewrites the `package` declaration in files that own the package, and rewrites import paths in every file that references it.",1,,,,Go,,,,,"[{""name"":""oldPackagePath"",""type"":""String"",""displayName"":""Old package path"",""description"":""The fully qualified package path to rename."",""example"":""github.com/old/foo"",""required"":true},{""name"":""newPackagePath"",""type"":""String"",""displayName"":""New package path"",""description"":""The fully qualified package path to use instead."",""example"":""github.com/new/foo"",""required"":true}]"
go,github.com/moderneinc/recipes-go,,v0.5.3,org.openrewrite.golang.codequality.AddExportedFuncComment,Add exported func comment,Add a stub doc comment to exported functions and methods that lack one.,1,,Style,Code quality,Go,,Code style and conventions,Recipes for improving Go code quality,,
go,github.com/moderneinc/recipes-go,,v0.5.3,org.openrewrite.golang.codequality.AllBranchesIdentical,Remove if/else with identical branches,"Replace an if/else chain where every branch has the same body with just the body, since the conditions have no effect on the outcome.",1,,Redundancy,Code quality,Go,,Remove redundant code,Recipes for improving Go code quality,,
go,github.com/moderneinc/recipes-go,,v0.5.3,org.openrewrite.golang.codequality.AllocateMapOutsideLoop,Allocate map outside loop,Hoist `make(map[...]...)` calls out of for/range loops and clear the map each iteration.,1,,Performance,Code quality,Go,,Performance optimizations,Recipes for improving Go code quality,,
go,github.com/moderneinc/recipes-go,,v0.5.3,org.openrewrite.golang.codequality.AllocateOutsideLoop,Allocate outside loop,Find `new()` calls inside for/range loops. Repeated heap allocations in loops add GC pressure; consider reusing the object.,1,,Performance,Code quality,Go,,Performance optimizations,Recipes for improving Go code quality,,
go,github.com/moderneinc/recipes-go,,v0.5.3,org.openrewrite.golang.codequality.AuditChannelClose,Audit channel close,"Find calls to the built-in `close()` function. Channels should only be closed by the sender, and double-closing causes a panic.",1,,Style,Code quality,Go,,Code style and conventions,Recipes for improving Go code quality,,
go,github.com/moderneinc/recipes-go,,v0.5.3,org.openrewrite.golang.codequality.AuditContextBackground,Audit context.Background,Find calls to `context.Background()`. Consider using a context passed from the caller instead.,1,,Style,Code quality,Go,,Code style and conventions,Recipes for improving Go code quality,,
go,github.com/moderneinc/recipes-go,,v0.5.3,org.openrewrite.golang.codequality.AuditExecCommand,Audit exec.Command calls,"Find calls to `exec.Command()`. If arguments come from user input, this is a potential command injection vulnerability.",1,,Style,Code quality,Go,,Code style and conventions,Recipes for improving Go code quality,,
go,github.com/moderneinc/recipes-go,,v0.5.3,org.openrewrite.golang.codequality.AuditGoroutineClosure,Audit goroutine closure,Find `go func() { ... }()` patterns. Goroutines with closures can inadvertently capture loop variables.,1,,Style,Code quality,Go,,Code style and conventions,Recipes for improving Go code quality,,
go,github.com/moderneinc/recipes-go,,v0.5.3,org.openrewrite.golang.codequality.AuditHttpRedirect,Audit HTTP redirect,Find calls to `http.Redirect`. Review redirect targets to ensure they are validated and status codes are appropriate.,1,,Style,Code quality,Go,,Code style and conventions,Recipes for improving Go code quality,,
go,github.com/moderneinc/recipes-go,,v0.5.3,org.openrewrite.golang.codequality.AuditJsonNumber,Audit json.Number,Find usage of `json.Number`. json.Number should be used carefully as it can lead to unexpected behavior when converting between numeric types.,1,,Style,Code quality,Go,,Code style and conventions,Recipes for improving Go code quality,,
go,github.com/moderneinc/recipes-go,,v0.5.3,org.openrewrite.golang.codequality.AuditJsonRawMessage,Audit json.RawMessage,Find usage of `json.RawMessage`. RawMessage defers JSON parsing and should be reviewed to ensure deferred parsing is handled correctly.,1,,Style,Code quality,Go,,Code style and conventions,Recipes for improving Go code quality,,
go,github.com/moderneinc/recipes-go,,v0.5.3,org.openrewrite.golang.codequality.AuditMultipleErrorWraps,Replace extra %w verbs with %v in fmt.Errorf,Replace all but the first `%w` with `%v` in `fmt.Errorf` format strings. Multiple error wrapping is invalid in Go < 1.20 and rare in later versions.,1,,Error handling,Code quality,Go,,Error handling best practices,Recipes for improving Go code quality,,
go,github.com/moderneinc/recipes-go,,v0.5.3,org.openrewrite.golang.codequality.AuditMustFunction,Audit Must* function calls,"Find calls to functions named `Must*` or `must*`, which typically panic on error.",1,,Error handling,Code quality,Go,,Error handling best practices,Recipes for improving Go code quality,,
go,github.com/moderneinc/recipes-go,,v0.5.3,org.openrewrite.golang.codequality.AuditRecover,Audit recover() calls,"Find calls to the built-in `recover()` function, which catches panics and signals unusual control flow.",1,,Error handling,Code quality,Go,,Error handling best practices,Recipes for improving Go code quality,,
go,github.com/moderneinc/recipes-go,,v0.5.3,org.openrewrite.golang.codequality.AuditTestFatal,Audit test fatal,Find `t.Fatal()` and `t.Fatalf()` calls. These abort the test immediately and panic when called from a goroutine other than the test function's goroutine.,1,,Style,Code quality,Go,,Code style and conventions,Recipes for improving Go code quality,,
go,github.com/moderneinc/recipes-go,,v0.5.3,org.openrewrite.golang.codequality.AuditTestMain,Audit TestMain,Find `func TestMain(m *testing.M)` declarations. TestMain overrides the default test execution for the entire package.,1,,Style,Code quality,Go,,Code style and conventions,Recipes for improving Go code quality,,
go,github.com/moderneinc/recipes-go,,v0.5.3,org.openrewrite.golang.codequality.AuditYamlUnmarshal,Audit yaml.Unmarshal,Find calls to `yaml.Unmarshal()`. YAML parsing should validate input carefully to avoid unexpected behavior from untrusted data.,1,,Style,Code quality,Go,,Code style and conventions,Recipes for improving Go code quality,,
go,github.com/moderneinc/recipes-go,,v0.5.3,org.openrewrite.golang.codequality.AvoidChannelLenCheck,Avoid channel length check,Find comparisons on channel length such as `len(ch) == 0`. These are almost always racy because the length can change between the check and the next operation.,1,,Simplification,Code quality,Go,,Simplify expressions and patterns,Recipes for improving Go code quality,,
go,github.com/moderneinc/recipes-go,,v0.5.3,org.openrewrite.golang.codequality.AvoidContextWithValue,Avoid context.WithValue,Find calls to `context.WithValue()`. Context values are an anti-pattern for passing dependencies; prefer explicit function parameters.,1,,Style,Code quality,Go,,Code style and conventions,Recipes for improving Go code quality,,
go,github.com/moderneinc/recipes-go,,v0.5.3,org.openrewrite.golang.codequality.AvoidDeferInLoop,Avoid defer in loop,Wrap loop bodies containing `defer` in an immediately-invoked function literal so deferred calls run per iteration.,1,,Performance,Code quality,Go,,Performance optimizations,Recipes for improving Go code quality,,
go,github.com/moderneinc/recipes-go,,v0.5.3,org.openrewrite.golang.codequality.AvoidDotImport,Avoid dot imports,"Remove the dot alias from `import . ""pkg""`, converting to a normal import.",1,,Style,Code quality,Go,,Code style and conventions,Recipes for improving Go code quality,,
go,github.com/moderneinc/recipes-go,,v0.5.3,org.openrewrite.golang.codequality.AvoidEmptyInterfaceParam,Avoid empty interface parameters,Replace `interface{}` parameter types with `any` (Go 1.18+).,1,,Style,Code quality,Go,,Code style and conventions,Recipes for improving Go code quality,,
go,github.com/moderneinc/recipes-go,,v0.5.3,org.openrewrite.golang.codequality.AvoidFmtInLoop,Avoid fmt in loop,"Find `fmt.Sprintf`, `fmt.Sprint`, or `fmt.Fprintf` calls inside for/range loops. These allocate on every call; prefer direct string operations or strconv.",1,,Performance,Code quality,Go,,Performance optimizations,Recipes for improving Go code quality,,
go,github.com/moderneinc/recipes-go,,v0.5.3,org.openrewrite.golang.codequality.AvoidFormatStringVariable,Avoid format string variable,Find calls like `fmt.Sprintf(variable)` where the format string is not a literal. This is a potential format string vulnerability.,1,,Style,Code quality,Go,,Code style and conventions,Recipes for improving Go code quality,,
go,github.com/moderneinc/recipes-go,,v0.5.3,org.openrewrite.golang.codequality.AvoidGlobalVariable,Avoid global variables,Find package-level `var` declarations. Mutable global state makes code harder to test and reason about.,1,,Style,Code quality,Go,,Code style and conventions,Recipes for improving Go code quality,,
go,github.com/moderneinc/recipes-go,,v0.5.3,org.openrewrite.golang.codequality.AvoidHardcodedCredentials,Avoid hardcoded credentials,Replace hardcoded credential string literals with `os.Getenv("VAR_NAME")` calls.,1,,Style,Code quality,Go,,Code style and conventions,Recipes for improving Go code quality,,
go,github.com/moderneinc/recipes-go,,v0.5.3,org.openrewrite.golang.codequality.AvoidInitFunction,Avoid init functions,Find `func init()` declarations. Init functions make testing harder and have implicit ordering dependencies.,1,,Style,Code quality,Go,,Code style and conventions,Recipes for improving Go code quality,,
go,github.com/moderneinc/recipes-go,,v0.5.3,org.openrewrite.golang.codequality.AvoidLockInLoop,Avoid lock in loop,Find `Lock()` or `RLock()` calls inside for/range loops. Acquiring locks in tight loops can cause contention; consider locking once outside the loop.,1,,Performance,Code quality,Go,,Performance optimizations,Recipes for improving Go code quality,,
go,github.com/moderneinc/recipes-go,,v0.5.3,org.openrewrite.golang.codequality.AvoidLogFatal,Avoid log.Fatal,"Replace `log.Fatal`, `log.Fatalf`, and `log.Fatalln` with their non-exiting equivalents (`log.Println`, `log.Printf`, `log.Println`).",1,,Error handling,Code quality,Go,,Error handling best practices,Recipes for improving Go code quality,,
go,github.com/moderneinc/recipes-go,,v0.5.3,org.openrewrite.golang.codequality.AvoidNestedGoroutine,Avoid nested goroutine,Find goroutines launched inside other goroutines. Nested goroutines create hard-to-track concurrency.,1,,Style,Code quality,Go,,Code style and conventions,Recipes for improving Go code quality,,
go,github.com/moderneinc/recipes-go,,v0.5.3,org.openrewrite.golang.codequality.AvoidOsExit,Avoid os.Exit,Remove `os.Exit(0)` calls and flag non-zero `os.Exit(n)` which bypass deferred functions and cleanup.,1,,Error handling,Code quality,Go,,Error handling best practices,Recipes for improving Go code quality,,
go,github.com/moderneinc/recipes-go,,v0.5.3,org.openrewrite.golang.codequality.AvoidPanic,Avoid panic,"Find calls to the built-in `panic()` function, which crashes the program.",1,,Error handling,Code quality,Go,,Error handling best practices,Recipes for improving Go code quality,,
go,github.com/moderneinc/recipes-go,,v0.5.3,org.openrewrite.golang.codequality.AvoidReflection,Avoid reflection,Find `reflect.TypeOf()` and `reflect.ValueOf()` calls. Reflection is slow and should be avoided in performance-sensitive code.,1,,Performance,Code quality,Go,,Performance optimizations,Recipes for improving Go code quality,,
go,github.com/moderneinc/recipes-go,,v0.5.3,org.openrewrite.golang.codequality.AvoidSqlStringConcat,Avoid SQL string concatenation,Find string concatenation where the left operand contains SQL keywords. Use parameterized queries to avoid SQL injection.,1,,Style,Code quality,Go,,Code style and conventions,Recipes for improving Go code quality,,
go,github.com/moderneinc/recipes-go,,v0.5.3,org.openrewrite.golang.codequality.AvoidTimeSleep,Avoid time.Sleep,"Find calls to `time.Sleep()`. In production code, sleeping is often a code smell — consider using tickers, timers, or context-based synchronization.",1,,Style,Code quality,Go,,Code style and conventions,Recipes for improving Go code quality,,
go,github.com/moderneinc/recipes-go,,v0.5.3,org.openrewrite.golang.codequality.AvoidUnsafePackage,Avoid unsafe package,Find any usage of the `unsafe` package. The unsafe package bypasses Go's type safety guarantees and should be avoided unless absolutely necessary.,1,,Style,Code quality,Go,,Code style and conventions,Recipes for improving Go code quality,,
go,github.com/moderneinc/recipes-go,,v0.5.3,org.openrewrite.golang.codequality.CheckCloseError,Check Close() error,Replace bare `f.Close()` with `_ = f.Close()` to explicitly mark the discarded error.,1,,Error handling,Code quality,Go,,Error handling best practices,Recipes for improving Go code quality,,
go,github.com/moderneinc/recipes-go,,v0.5.3,org.openrewrite.golang.codequality.CheckContextError,Check context error,Find `ctx.Err()` calls. The context error should be inspected to distinguish between cancellation and deadline exceeded.,1,,Error handling,Code quality,Go,,Error handling best practices,Recipes for improving Go code quality,,
go,github.com/moderneinc/recipes-go,,v0.5.3,org.openrewrite.golang.codequality.CheckTemplateExecuteError,Check template execute error,Wrap bare calls to `Execute` and `ExecuteTemplate` on templates in an if-init error check so the returned error is not silently ignored.,1,,Style,Code quality,Go,,Code style and conventions,Recipes for improving Go code quality,,
go,github.com/moderneinc/recipes-go,,v0.5.3,org.openrewrite.golang.codequality.CompileRegexOutsideLoop,Compile regex outside loop,Find `regexp.Compile()` or `regexp.MustCompile()` calls inside for/range loops. Compile the regex once outside the loop for better performance.,1,,Performance,Code quality,Go,,Performance optimizations,Recipes for improving Go code quality,,
go,github.com/moderneinc/recipes-go,,v0.5.3,org.openrewrite.golang.codequality.CreateChannelOutsideLoop,Create channel outside loop,Find `make(chan ...)` calls inside for/range loops. Channel creation in loops suggests the channel should be created once before the loop.,1,,Performance,Code quality,Go,,Performance optimizations,Recipes for improving Go code quality,,
go,github.com/moderneinc/recipes-go,,v0.5.3,org.openrewrite.golang.codequality.EnsureFileClosed,Ensure file closed,"Find calls to `os.Open`, `os.Create`, and `os.OpenFile`. Ensure the returned file is closed to avoid resource leaks.",1,,Style,Code quality,Go,,Code style and conventions,Recipes for improving Go code quality,,
go,github.com/moderneinc/recipes-go,,v0.5.3,org.openrewrite.golang.codequality.EnsureSqlConnectionClosed,Ensure SQL connection closed,Find calls to `sql.Open`. Database connections should be managed carefully and closed when no longer needed.,1,,Style,Code quality,Go,,Code style and conventions,Recipes for improving Go code quality,,
go,github.com/moderneinc/recipes-go,,v0.5.3,org.openrewrite.golang.codequality.FindDeprecatedAtomicFunctions,Find deprecated `sync/atomic` functions,Find deprecated `sync/atomic` free-function calls (e.g. `atomic.AddInt32`) that should be migrated to the type-safe atomic types introduced in Go 1.19 (e.g. `atomic.Int32`).,1,,Style,Code quality,Go,,Code style and conventions,Recipes for improving Go code quality,,
go,github.com/moderneinc/recipes-go,,v0.5.3,org.openrewrite.golang.codequality.FindEmptyFmtSprintf,Remove empty fmt.Sprintf,Replace `fmt.Sprintf("")` calls with an empty format string and no args with `""`.,1,,Redundancy,Code quality,Go,,Remove redundant code,Recipes for improving Go code quality,,
go,github.com/moderneinc/recipes-go,,v0.5.3,org.openrewrite.golang.codequality.FindMapRangeClear,Replace map range-delete with clear(),"Replace `for k := range m { delete(m, k) }` with `clear(m)` (Go 1.21+).",1,,Style,Code quality,Go,,Code style and conventions,Recipes for improving Go code quality,,
go,github.com/moderneinc/recipes-go,,v0.5.3,org.openrewrite.golang.codequality.HandleCheckedError,Handle checked error,Replace `if err != nil { }` with `if err != nil { return err }` so the error is propagated.,1,,Error handling,Code quality,Go,,Error handling best practices,Recipes for improving Go code quality,,
go,github.com/moderneinc/recipes-go,,v0.5.3,org.openrewrite.golang.codequality.HandleDeferredCloseError,Handle deferred Close() error,Wrap `defer x.Close()` in a closure to explicitly handle the error: `defer func() { _ = x.Close() }()`.,1,,Error handling,Code quality,Go,,Error handling best practices,Recipes for improving Go code quality,,
go,github.com/moderneinc/recipes-go,,v0.5.3,org.openrewrite.golang.codequality.HandleErrorReturn,Handle error return value,Replace discarded `_` error return values with `err` to capture the error.,1,,Error handling,Code quality,Go,,Error handling best practices,Recipes for improving Go code quality,,
go,github.com/moderneinc/recipes-go,,v0.5.3,org.openrewrite.golang.codequality.HandleSwallowedError,Handle swallowed error,Replace `if err != nil { return }` with `if err != nil { return err }` so the error is propagated.,1,,Error handling,Code quality,Go,,Error handling best practices,Recipes for improving Go code quality,,
go,github.com/moderneinc/recipes-go,,v0.5.3,org.openrewrite.golang.codequality.KeepFunctionsShort,Keep functions short,Find functions with more than 20 statements. Long functions are harder to understand and maintain.,1,,Style,Code quality,Go,,Code style and conventions,Recipes for improving Go code quality,,
go,github.com/moderneinc/recipes-go,,v0.5.3,org.openrewrite.golang.codequality.KeepInterfacesSmall,Keep interfaces small,Find interfaces with more than 5 methods. Large interfaces violate the Interface Segregation Principle.,1,,Style,Code quality,Go,,Code style and conventions,Recipes for improving Go code quality,,
go,github.com/moderneinc/recipes-go,,v0.5.3,org.openrewrite.golang.codequality.LimitFunctionParameters,Limit function parameters,Find functions with more than 5 parameters. Consider grouping parameters into a struct.,1,,Style,Code quality,Go,,Code style and conventions,Recipes for improving Go code quality,,
go,github.com/moderneinc/recipes-go,,v0.5.3,org.openrewrite.golang.codequality.LimitGoroutinesInLoop,Limit goroutines in loop,Find `go` statements inside for/range loops. Unbounded goroutine creation can cause resource exhaustion; consider using a worker pool.,1,,Performance,Code quality,Go,,Performance optimizations,Recipes for improving Go code quality,,
go,github.com/moderneinc/recipes-go,,v0.5.3,org.openrewrite.golang.codequality.LimitReturnValues,Limit return values,Find functions with more than 3 return values. Consider returning a struct instead.,1,,Style,Code quality,Go,,Code style and conventions,Recipes for improving Go code quality,,
go,github.com/moderneinc/recipes-go,,v0.5.3,org.openrewrite.golang.codequality.MergeCollapsibleIf,Merge collapsible if statements,Merge nested `if` statements into a single `if` with `&&` when neither has an else clause and the outer body contains only the inner `if`.,1,,Simplification,Code quality,Go,,Simplify expressions and patterns,Recipes for improving Go code quality,,
go,github.com/moderneinc/recipes-go,,v0.5.3,org.openrewrite.golang.codequality.MergeIdenticalBranches,Merge identical branches,Merge consecutive if/else-if branches that have identical bodies by combining their conditions with `||`.,1,,Simplification,Code quality,Go,,Simplify expressions and patterns,Recipes for improving Go code quality,,
go,github.com/moderneinc/recipes-go,,v0.5.3,org.openrewrite.golang.codequality.PreallocateSlice,Preallocate slice,Find `append()` calls inside for/range loops where the slice could be preallocated.,1,,Performance,Code quality,Go,,Performance optimizations,Recipes for improving Go code quality,,
go,github.com/moderneinc/recipes-go,,v0.5.3,org.openrewrite.golang.codequality.PreferBytesBufferString,Prefer buf.String() over string(buf.Bytes()),Replace `string(buf.Bytes())` with `buf.String()` for better performance and readability.,1,,Performance,Code quality,Go,,Performance optimizations,Recipes for improving Go code quality,,
go,github.com/moderneinc/recipes-go,,v0.5.3,org.openrewrite.golang.codequality.PreferBytesContains,Prefer bytes.Contains over bytes.Index comparison,"Replace `bytes.Index(b, sub) != -1` and similar patterns with `bytes.Contains(b, sub)`.",1,,Style,Code quality,Go,,Code style and conventions,Recipes for improving Go code quality,,
go,github.com/moderneinc/recipes-go,,v0.5.3,org.openrewrite.golang.codequality.PreferBytesContainsAny,Prefer bytes.ContainsAny,"Replace `bytes.IndexAny(b, chars) != -1` with `bytes.ContainsAny(b, chars)` and `bytes.IndexAny(b, chars) == -1` with `!bytes.ContainsAny(b, chars)`.",1,,Simplification,Code quality,Go,,Simplify expressions and patterns,Recipes for improving Go code quality,,
go,github.com/moderneinc/recipes-go,,v0.5.3,org.openrewrite.golang.codequality.PreferBytesContainsRune,Prefer bytes.ContainsRune,"Replace `bytes.IndexRune(b, r) != -1` with `bytes.ContainsRune(b, r)` and `bytes.IndexRune(b, r) == -1` with `!bytes.ContainsRune(b, r)`.",1,,Simplification,Code quality,Go,,Simplify expressions and patterns,Recipes for improving Go code quality,,
go,github.com/moderneinc/recipes-go,,v0.5.3,org.openrewrite.golang.codequality.PreferBytesEqual,Prefer bytes.Equal,"Replace `bytes.Compare(a, b) == 0` with `bytes.Equal(a, b)` and `bytes.Compare(a, b) != 0` with `!bytes.Equal(a, b)`.",1,,Simplification,Code quality,Go,,Simplify expressions and patterns,Recipes for improving Go code quality,,
go,github.com/moderneinc/recipes-go,,v0.5.3,org.openrewrite.golang.codequality.PreferBytesHasPrefix,Prefer bytes.HasPrefix,"Replace `bytes.Index(b, prefix) == 0` with `bytes.HasPrefix(b, prefix)` and `bytes.Index(b, prefix) != 0` with `!bytes.HasPrefix(b, prefix)`.",1,,Simplification,Code quality,Go,,Simplify expressions and patterns,Recipes for improving Go code quality,,
go,github.com/moderneinc/recipes-go,,v0.5.3,org.openrewrite.golang.codequality.PreferCopyString,Prefer copy from string,"Replace `copy(dst, []byte(src))` with `copy(dst, src)` since copy accepts a string source.",1,,Simplification,Code quality,Go,,Simplify expressions and patterns,Recipes for improving Go code quality,,
go,github.com/moderneinc/recipes-go,,v0.5.3,org.openrewrite.golang.codequality.PreferEmptyStringCheck,Prefer empty string check,Replace `len(s) == 0` with `s == ""` and `len(s) != 0` with `s != ""`.,1,,Simplification,Code quality,Go,,Simplify expressions and patterns,Recipes for improving Go code quality,,
go,github.com/moderneinc/recipes-go,,v0.5.3,org.openrewrite.golang.codequality.PreferErrorfWrapVerb,Prefer %w over %s in fmt.Errorf for error wrapping,"Replace `%s` with `%w` in `fmt.Errorf` format strings when the corresponding argument is an error, to preserve the error chain.",1,,Error handling,Code quality,Go,,Error handling best practices,Recipes for improving Go code quality,,
go,github.com/moderneinc/recipes-go,,v0.5.3,org.openrewrite.golang.codequality.PreferErrorsIsContext,Prefer errors.Is for context error comparison,Replace `err == context.Canceled` and `err == context.DeadlineExceeded` with `errors.Is` for correct wrapped error handling.,1,,Error handling,Code quality,Go,,Error handling best practices,Recipes for improving Go code quality,,
go,github.com/moderneinc/recipes-go,,v0.5.3,org.openrewrite.golang.codequality.PreferErrorsIsEOF,Prefer errors.Is for io.EOF comparison,"Replace `err == io.EOF` with `errors.Is(err, io.EOF)` and `err != io.EOF` with `!errors.Is(err, io.EOF)` for correct wrapped error handling.",1,,Error handling,Code quality,Go,,Error handling best practices,Recipes for improving Go code quality,,
go,github.com/moderneinc/recipes-go,,v0.5.3,org.openrewrite.golang.codequality.PreferErrorsIsForFieldAccess,Prefer errors.Is for package-qualified sentinel comparison,"Replace `err == sentinel` with `errors.Is(err, sentinel)` where the sentinel is a package-qualified value (e.g., `sql.ErrNoRows`). Use `errors.Is` for correct wrapped error handling.",1,,Error handling,Code quality,Go,,Error handling best practices,Recipes for improving Go code quality,,
go,github.com/moderneinc/recipes-go,,v0.5.3,org.openrewrite.golang.codequality.PreferErrorsIsForOsCheck,Prefer errors.Is for os existence checks,"Replace deprecated `os.IsNotExist(err)` with `errors.Is(err, fs.ErrNotExist)` and `os.IsExist(err)` with `errors.Is(err, fs.ErrExist)` (Go 1.16+).",1,,Simplification,Code quality,Go,,Simplify expressions and patterns,Recipes for improving Go code quality,,
go,github.com/moderneinc/recipes-go,,v0.5.3,org.openrewrite.golang.codequality.PreferErrorsIsForPermission,Prefer errors.Is for os permission checks,"Replace deprecated `os.IsPermission(err)` with `errors.Is(err, fs.ErrPermission)` (Go 1.16+).",1,,Simplification,Code quality,Go,,Simplify expressions and patterns,Recipes for improving Go code quality,,
go,github.com/moderneinc/recipes-go,,v0.5.3,org.openrewrite.golang.codequality.PreferErrorsIsOverEquality,Prefer errors.Is over == for error comparison,"Replace `err == ErrFoo` with `errors.Is(err, ErrFoo)` for correct wrapped error handling.",1,,Error handling,Code quality,Go,,Error handling best practices,Recipes for improving Go code quality,,
go,github.com/moderneinc/recipes-go,,v0.5.3,org.openrewrite.golang.codequality.PreferFilepathClean,Prefer filepath.Clean over redundant filepath.Join,Replace `filepath.Join(filepath.Clean(p))` with `filepath.Clean(p)` since Join with a single already-cleaned argument is redundant.,1,,Simplification,Code quality,Go,,Simplify expressions and patterns,Recipes for improving Go code quality,,
go,github.com/moderneinc/recipes-go,,v0.5.3,org.openrewrite.golang.codequality.PreferHexEncoding,Prefer hex.EncodeToString over fmt.Sprintf,"Replace `fmt.Sprintf(""%x"", data)` with `hex.EncodeToString(data)` for clearer intent and better performance.",1,,Style,Code quality,Go,,Code style and conventions,Recipes for improving Go code quality,,
go,github.com/moderneinc/recipes-go,,v0.5.3,org.openrewrite.golang.codequality.PreferIoDiscard,Prefer io.Discard,Replace deprecated `ioutil.Discard` with `io.Discard` (Go 1.16+).,1,,Simplification,Code quality,Go,,Simplify expressions and patterns,Recipes for improving Go code quality,,
go,github.com/moderneinc/recipes-go,,v0.5.3,org.openrewrite.golang.codequality.PreferIoNopCloser,Prefer io.NopCloser,Replace deprecated `ioutil.NopCloser(r)` with `io.NopCloser(r)` (Go 1.16+).,1,,Simplification,Code quality,Go,,Simplify expressions and patterns,Recipes for improving Go code quality,,
go,github.com/moderneinc/recipes-go,,v0.5.3,org.openrewrite.golang.codequality.PreferIoReadAll,Prefer io.ReadAll,Replace deprecated `ioutil.ReadAll(r)` with `io.ReadAll(r)` (Go 1.16+).,1,,Simplification,Code quality,Go,,Simplify expressions and patterns,Recipes for improving Go code quality,,
go,github.com/moderneinc/recipes-go,,v0.5.3,org.openrewrite.golang.codequality.PreferIoWriteString,Prefer io.WriteString,"Replace `fmt.Fprintf(w, ""%s"", s)` with `io.WriteString(w, s)`.",1,,Simplification,Code quality,Go,,Simplify expressions and patterns,Recipes for improving Go code quality,,
go,github.com/moderneinc/recipes-go,,v0.5.3,org.openrewrite.golang.codequality.PreferLenCheck,Prefer canonical len check,Normalize `len(s) >= 1` to `len(s) > 0` and `len(s) < 1` to `len(s) == 0`.,1,,Simplification,Code quality,Go,,Simplify expressions and patterns,Recipes for improving Go code quality,,
go,github.com/moderneinc/recipes-go,,v0.5.3,org.openrewrite.golang.codequality.PreferMakeForEmptyMap,Prefer make() for empty maps,Replace empty map literal `map[K]V{}` with `make(map[K]V)` for clarity.,1,,Style,Code quality,Go,,Code style and conventions,Recipes for improving Go code quality,,
go,github.com/moderneinc/recipes-go,,v0.5.3,org.openrewrite.golang.codequality.PreferMinMaxBuiltin,Prefer min/max builtins,"Replace `math.Min(a, b)` with `min(a, b)` and `math.Max(a, b)` with `max(a, b)` (Go 1.21+).",1,,Simplification,Code quality,Go,,Simplify expressions and patterns,Recipes for improving Go code quality,,
go,github.com/moderneinc/recipes-go,,v0.5.3,org.openrewrite.golang.codequality.PreferOsCreateTemp,Prefer os.CreateTemp,"Replace deprecated `ioutil.TempFile(dir, pattern)` with `os.CreateTemp(dir, pattern)` (Go 1.16+).",1,,Simplification,Code quality,Go,,Simplify expressions and patterns,Recipes for improving Go code quality,,
go,github.com/moderneinc/recipes-go,,v0.5.3,org.openrewrite.golang.codequality.PreferOsIsTimeout,Prefer errors.Is for os timeout checks,"Replace deprecated `os.IsTimeout(err)` with `errors.Is(err, os.ErrDeadlineExceeded)` (Go 1.16+).",1,,Simplification,Code quality,Go,,Simplify expressions and patterns,Recipes for improving Go code quality,,
go,github.com/moderneinc/recipes-go,,v0.5.3,org.openrewrite.golang.codequality.PreferOsMkdirTemp,Prefer os.MkdirTemp,"Replace deprecated `ioutil.TempDir(dir, pattern)` with `os.MkdirTemp(dir, pattern)` (Go 1.16+).",1,,Simplification,Code quality,Go,,Simplify expressions and patterns,Recipes for improving Go code quality,,
go,github.com/moderneinc/recipes-go,,v0.5.3,org.openrewrite.golang.codequality.PreferOsReadDir,Prefer os.ReadDir,Replace deprecated `ioutil.ReadDir(name)` with `os.ReadDir(name)` (Go 1.16+).,1,,Simplification,Code quality,Go,,Simplify expressions and patterns,Recipes for improving Go code quality,,
go,github.com/moderneinc/recipes-go,,v0.5.3,org.openrewrite.golang.codequality.PreferOsReadFile,Prefer os.ReadFile,Replace deprecated `ioutil.ReadFile(name)` with `os.ReadFile(name)` (Go 1.16+).,1,,Simplification,Code quality,Go,,Simplify expressions and patterns,Recipes for improving Go code quality,,
go,github.com/moderneinc/recipes-go,,v0.5.3,org.openrewrite.golang.codequality.PreferOsWriteFile,Prefer os.WriteFile,"Replace deprecated `ioutil.WriteFile(name, data, perm)` with `os.WriteFile(name, data, perm)` (Go 1.16+).",1,,Simplification,Code quality,Go,,Simplify expressions and patterns,Recipes for improving Go code quality,,
go,github.com/moderneinc/recipes-go,,v0.5.3,org.openrewrite.golang.codequality.PreferRawStringForRegex,Prefer raw string literals for regex patterns,Replace interpreted string literals containing backslash escapes with raw string literals in `regexp.Compile` or `regexp.MustCompile` calls.,1,,Style,Code quality,Go,,Code style and conventions,Recipes for improving Go code quality,,
go,github.com/moderneinc/recipes-go,,v0.5.3,org.openrewrite.golang.codequality.PreferRegexpMustCompile,Prefer regexp.MustCompile for unchecked patterns,"Collapse `x, err := regexp.Compile(p)` followed by an `if err != nil` guard into `x := regexp.MustCompile(p)`.",1,,Style,Code quality,Go,,Code style and conventions,Recipes for improving Go code quality,,
go,github.com/moderneinc/recipes-go,,v0.5.3,org.openrewrite.golang.codequality.PreferSlicesSort,Prefer slices.Sort over sort type helpers,"Replace deprecated `sort.Ints`, `sort.Strings`, and `sort.Float64s` with `slices.Sort` (Go 1.21+).",1,,Simplification,Code quality,Go,,Simplify expressions and patterns,Recipes for improving Go code quality,,
go,github.com/moderneinc/recipes-go,,v0.5.3,org.openrewrite.golang.codequality.PreferSortInts,Prefer sort.Ints over sort.Sort(sort.IntSlice),Replace `sort.Sort(sort.IntSlice(s))` with `sort.Ints(s)`.,1,,Simplification,Code quality,Go,,Simplify expressions and patterns,Recipes for improving Go code quality,,
go,github.com/moderneinc/recipes-go,,v0.5.3,org.openrewrite.golang.codequality.PreferStrconvAtoi,Prefer strconv.Atoi,"Replace `strconv.ParseInt(s, 10, 0)` with `strconv.Atoi(s)`.",1,,Simplification,Code quality,Go,,Simplify expressions and patterns,Recipes for improving Go code quality,,
go,github.com/moderneinc/recipes-go,,v0.5.3,org.openrewrite.golang.codequality.PreferStrconvFormatBool,Prefer strconv.FormatBool over fmt.Sprintf,"Replace `fmt.Sprintf(""%t"", b)` with `strconv.FormatBool(b)` for better performance.",1,,Performance,Code quality,Go,,Performance optimizations,Recipes for improving Go code quality,,
go,github.com/moderneinc/recipes-go,,v0.5.3,org.openrewrite.golang.codequality.PreferStrconvItoa,Prefer strconv.Itoa over fmt.Sprintf,"Replace `fmt.Sprintf(""%d"", n)` with `strconv.Itoa(n)` for better performance.",1,,Performance,Code quality,Go,,Performance optimizations,Recipes for improving Go code quality,,
go,github.com/moderneinc/recipes-go,,v0.5.3,org.openrewrite.golang.codequality.PreferStrconvQuote,Prefer strconv.Quote over fmt.Sprintf,"Replace `fmt.Sprintf(""%q"", s)` with `strconv.Quote(s)` for clearer intent when quoting strings.",1,,Style,Code quality,Go,,Code style and conventions,Recipes for improving Go code quality,,
go,github.com/moderneinc/recipes-go,,v0.5.3,org.openrewrite.golang.codequality.PreferStringsBuilderWriteString,Prefer strings.Builder WriteString,"Replace `fmt.Fprintf(&b, ""%s"", s)` with `b.WriteString(s)` for more efficient string building.",1,,Simplification,Code quality,Go,,Simplify expressions and patterns,Recipes for improving Go code quality,,
go,github.com/moderneinc/recipes-go,,v0.5.3,org.openrewrite.golang.codequality.PreferStringsContains,Prefer strings.Contains over strings.Index comparison,"Replace `strings.Index(s, sub) != -1` and similar patterns with `strings.Contains(s, sub)`.",1,,Style,Code quality,Go,,Code style and conventions,Recipes for improving Go code quality,,
go,github.com/moderneinc/recipes-go,,v0.5.3,org.openrewrite.golang.codequality.PreferStringsContainsAny,Prefer strings.ContainsAny,"Replace `strings.IndexAny(s, chars) != -1` with `strings.ContainsAny(s, chars)` and `strings.IndexAny(s, chars) == -1` with `!strings.ContainsAny(s, chars)`.",1,,Simplification,Code quality,Go,,Simplify expressions and patterns,Recipes for improving Go code quality,,
go,github.com/moderneinc/recipes-go,,v0.5.3,org.openrewrite.golang.codequality.PreferStringsContainsOverCount,Prefer strings.Contains over strings.Count,"Replace `strings.Count(s, sub) > 0` with `strings.Contains(s, sub)` and `strings.Count(s, sub) == 0` with `!strings.Contains(s, sub)`.",1,,Simplification,Code quality,Go,,Simplify expressions and patterns,Recipes for improving Go code quality,,
go,github.com/moderneinc/recipes-go,,v0.5.3,org.openrewrite.golang.codequality.PreferStringsContainsRune,Prefer strings.ContainsRune,"Replace `strings.IndexRune(s, r) != -1` with `strings.ContainsRune(s, r)` and `strings.IndexRune(s, r) == -1` with `!strings.ContainsRune(s, r)`.",1,,Simplification,Code quality,Go,,Simplify expressions and patterns,Recipes for improving Go code quality,,
go,github.com/moderneinc/recipes-go,,v0.5.3,org.openrewrite.golang.codequality.PreferStringsEqualFold,Prefer strings.EqualFold,"Replace `strings.ToLower(s) == strings.ToLower(n)` with `strings.EqualFold(s, n)`.",1,,Style,Code quality,Go,,Code style and conventions,Recipes for improving Go code quality,,
go,github.com/moderneinc/recipes-go,,v0.5.3,org.openrewrite.golang.codequality.PreferStringsEqualFoldSingle,Prefer strings.EqualFold (single-sided),"Replace `strings.ToLower(s) == t` and `strings.ToUpper(s) == t` with `strings.EqualFold(s, t)`.",1,,Style,Code quality,Go,,Code style and conventions,Recipes for improving Go code quality,,
go,github.com/moderneinc/recipes-go,,v0.5.3,org.openrewrite.golang.codequality.PreferStringsHasPrefix,Prefer strings.HasPrefix,"Replace `strings.Index(s, prefix) == 0` with `strings.HasPrefix(s, prefix)`.",1,,Simplification,Code quality,Go,,Simplify expressions and patterns,Recipes for improving Go code quality,,
go,github.com/moderneinc/recipes-go,,v0.5.3,org.openrewrite.golang.codequality.PreferStringsNewReader,Prefer strings.NewReader,Replace `bytes.NewReader([]byte(s))` with `strings.NewReader(s)` to avoid an unnecessary string-to-byte-slice conversion.,1,,Simplification,Code quality,Go,,Simplify expressions and patterns,Recipes for improving Go code quality,,
go,github.com/moderneinc/recipes-go,,v0.5.3,org.openrewrite.golang.codequality.ReduceErrorCheckNesting,Reduce error check nesting,"Invert `if err == nil { body }` to `if err != nil { return err }` followed by the body, reducing nesting in error-handling code.",1,,Style,Code quality,Go,,Code style and conventions,Recipes for improving Go code quality,,
go,github.com/moderneinc/recipes-go,,v0.5.3,org.openrewrite.golang.codequality.ReduceNestingDepth,Reduce nesting depth,"Invert `if err == nil { body }` to `if err != nil { return }` followed by the body, reducing nesting by one level.",1,,Style,Code quality,Go,,Code style and conventions,Recipes for improving Go code quality,,
go,github.com/moderneinc/recipes-go,,v0.5.3,org.openrewrite.golang.codequality.RemoveConstantCondition,Remove constant if condition,Remove `if true { ... }` (inline body) and `if false { ... }` (remove dead code).,1,,Redundancy,Code quality,Go,,Remove redundant code,Recipes for improving Go code quality,,
go,github.com/moderneinc/recipes-go,,v0.5.3,org.openrewrite.golang.codequality.RemoveDebugPrint,Remove debug print statements,"Remove calls to `fmt.Println`, `fmt.Printf`, `fmt.Print`, `println`, and `print`.",1,,Style,Code quality,Go,,Code style and conventions,Recipes for improving Go code quality,,
go,github.com/moderneinc/recipes-go,,v0.5.3,org.openrewrite.golang.codequality.RemoveDoubleDeref,Remove redundant *& (deref of address-of),Remove `*&x` where taking the address and immediately dereferencing is a no-op.,1,,Redundancy,Code quality,Go,,Remove redundant code,Recipes for improving Go code quality,,
go,github.com/moderneinc/recipes-go,,v0.5.3,org.openrewrite.golang.codequality.RemoveDuplicateConditions,Remove duplicate conditions,"Remove else-if branches whose condition duplicates an earlier branch in the same if/else-if chain, since the later branch is dead code.",1,,Redundancy,Code quality,Go,,Remove redundant code,Recipes for improving Go code quality,,
go,github.com/moderneinc/recipes-go,,v0.5.3,org.openrewrite.golang.codequality.RemoveEmptyDefault,Remove empty default case,Remove `default:` cases with empty bodies from switch statements.,1,,Redundancy,Code quality,Go,,Remove redundant code,Recipes for improving Go code quality,,
go,github.com/moderneinc/recipes-go,,v0.5.3,org.openrewrite.golang.codequality.RemoveEmptyFunction,Remove empty functions,Remove free functions with empty bodies and no return type. Methods with receivers are preserved because they may implement an interface.,1,,Style,Code quality,Go,,Code style and conventions,Recipes for improving Go code quality,,
go,github.com/moderneinc/recipes-go,,v0.5.3,org.openrewrite.golang.codequality.RemoveEmptyGoroutine,Remove empty goroutine,Remove `go func() {}()` patterns where the goroutine body is empty.,1,,Style,Code quality,Go,,Code style and conventions,Recipes for improving Go code quality,,
go,github.com/moderneinc/recipes-go,,v0.5.3,org.openrewrite.golang.codequality.RemoveEmptyLoop,Remove empty for loop,Remove `for` loops with empty bodies that spin without doing useful work.,1,,Redundancy,Code quality,Go,,Remove redundant code,Recipes for improving Go code quality,,
go,github.com/moderneinc/recipes-go,,v0.5.3,org.openrewrite.golang.codequality.RemoveEmptySwitch,Remove empty switch,Remove `switch` statements with no case clauses. An empty switch body is dead code.,1,,Redundancy,Code quality,Go,,Remove redundant code,Recipes for improving Go code quality,,
go,github.com/moderneinc/recipes-go,,v0.5.3,org.openrewrite.golang.codequality.RemoveGetterPrefix,Remove getter prefix,Remove the "Get" prefix from method names. Go convention is that getters should not have the "Get" prefix. Callers of this method will need to be updated separately.,1,,Naming,Code quality,Go,,Naming conventions,Recipes for improving Go code quality,,
go,github.com/moderneinc/recipes-go,,v0.5.3,org.openrewrite.golang.codequality.RemovePackagePrefixFromName,Remove package prefix from name,Find exported identifiers whose name starts with the package name. Go convention discourages repeating the package name in exported identifiers.,1,,Naming,Code quality,Go,,Naming conventions,Recipes for improving Go code quality,,
go,github.com/moderneinc/recipes-go,,v0.5.3,org.openrewrite.golang.codequality.RemoveRedundantBreak,Remove redundant break,Remove trailing `break` in switch case clauses. Go switch cases do not fall through by default.,1,,Redundancy,Code quality,Go,,Remove redundant code,Recipes for improving Go code quality,,
go,github.com/moderneinc/recipes-go,,v0.5.3,org.openrewrite.golang.codequality.RemoveRedundantBreakInSelect,Remove redundant break in select,Remove trailing `break` in select communication clauses. Go select cases do not fall through.,1,,Redundancy,Code quality,Go,,Remove redundant code,Recipes for improving Go code quality,,
go,github.com/moderneinc/recipes-go,,v0.5.3,org.openrewrite.golang.codequality.RemoveRedundantElse,Remove redundant else after return,Remove `if ... { return } else { ... }` where the else is redundant because the if block ends with a return.,1,,Redundancy,Code quality,Go,,Remove redundant code,Recipes for improving Go code quality,,
go,github.com/moderneinc/recipes-go,,v0.5.3,org.openrewrite.golang.codequality.RemoveRedundantInterfaceAssertion,Remove redundant type assertion to empty interface,Remove type assertions to `any` or `interface{}` which are always true and redundant.,1,,Redundancy,Code quality,Go,,Remove redundant code,Recipes for improving Go code quality,,
go,github.com/moderneinc/recipes-go,,v0.5.3,org.openrewrite.golang.codequality.RemoveRedundantRangeBlank,Remove redundant range blank,"Remove the blank identifier from `for i, _ := range s` loops. Use `for i := range s` instead.",1,,Simplification,Code quality,Go,,Simplify expressions and patterns,Recipes for improving Go code quality,,
go,github.com/moderneinc/recipes-go,,v0.5.3,org.openrewrite.golang.codequality.RemoveRedundantReturn,Remove redundant return,Remove bare `return` at the end of functions with no return values.,1,,Redundancy,Code quality,Go,,Remove redundant code,Recipes for improving Go code quality,,
go,github.com/moderneinc/recipes-go,,v0.5.3,org.openrewrite.golang.codequality.RemoveRedundantSprintf,Remove redundant fmt.Sprintf,"Replace `fmt.Sprintf(""%s"", s)` with `s` when the format string is a single %s.",1,,Redundancy,Code quality,Go,,Remove redundant code,Recipes for improving Go code quality,,
go,github.com/moderneinc/recipes-go,,v0.5.3,org.openrewrite.golang.codequality.RemoveRedundantTypeConversion,Find potentially redundant type conversion,Find type conversions like `int(x)` that may be redundant if x is already the target type. Requires type attribution for full accuracy.,1,,Redundancy,Code quality,Go,,Remove redundant code,Recipes for improving Go code quality,,
go,github.com/moderneinc/recipes-go,,v0.5.3,org.openrewrite.golang.codequality.RemoveSelfAssignment,Remove self-assignment,Remove `x = x` self-assignments which are redundant and may indicate a bug.,1,,Redundancy,Code quality,Go,,Remove redundant code,Recipes for improving Go code quality,,
go,github.com/moderneinc/recipes-go,,v0.5.3,org.openrewrite.golang.codequality.RemoveSwitchTrueTag,Remove switch true tag,Remove redundant `true` tag from `switch true { ... }` statements. Use a tagless switch instead.,1,,Simplification,Code quality,Go,,Simplify expressions and patterns,Recipes for improving Go code quality,,
go,github.com/moderneinc/recipes-go,,v0.5.3,org.openrewrite.golang.codequality.RemoveUnconditionalValueOverwrite,Remove unconditional value overwrite,Remove consecutive assignments to the same collection key or index where the first value is immediately overwritten and never read.,1,,Redundancy,Code quality,Go,,Remove redundant code,Recipes for improving Go code quality,,
go,github.com/moderneinc/recipes-go,,v0.5.3,org.openrewrite.golang.codequality.RemoveUnreachableCode,Remove unreachable code,Remove statements after a `return` in the same block which are unreachable.,1,,Redundancy,Code quality,Go,,Remove redundant code,Recipes for improving Go code quality,,
go,github.com/moderneinc/recipes-go,,v0.5.3,org.openrewrite.golang.codequality.ReplaceTimeSinceWithSince,Replace time.Now().Sub(t) with time.Since(t),Replace `time.Now().Sub(t)` with `time.Since(t)` for clarity.,1,,Simplification,Code quality,Go,,Simplify expressions and patterns,Recipes for improving Go code quality,,
go,github.com/moderneinc/recipes-go,,v0.5.3,org.openrewrite.golang.codequality.ReplaceTimeUntilWithUntil,Replace t.Sub(time.Now()) with time.Until(t),Replace `t.Sub(time.Now())` with `time.Until(t)` for clarity.,1,,Simplification,Code quality,Go,,Simplify expressions and patterns,Recipes for improving Go code quality,,
go,github.com/moderneinc/recipes-go,,v0.5.3,org.openrewrite.golang.codequality.ResolveContextTodo,Resolve context.TODO,Replace `context.TODO()` with `context.Background()`. These are placeholders that should be replaced with a real context.,1,,Style,Code quality,Go,,Code style and conventions,Recipes for improving Go code quality,,
go,github.com/moderneinc/recipes-go,,v0.5.3,org.openrewrite.golang.codequality.ReuseJsonCodecInLoop,Reuse JSON codec in loop,Find `json.Marshal()` or `json.Unmarshal()` calls inside for/range loops. Consider using a pre-allocated encoder/decoder for better performance.,1,,Performance,Code quality,Go,,Performance optimizations,Recipes for improving Go code quality,,
go,github.com/moderneinc/recipes-go,,v0.5.3,org.openrewrite.golang.codequality.SimplifyBooleanExpression,Simplify boolean expression,Simplify boolean comparisons like `x == true` to `x` and `x == false` to `!x`.,1,,Simplification,Code quality,Go,,Simplify expressions and patterns,Recipes for improving Go code quality,,
go,github.com/moderneinc/recipes-go,,v0.5.3,org.openrewrite.golang.codequality.SimplifyBytesBufferRoundtrip,Simplify bytes.NewBuffer roundtrip,Replace `bytes.NewBuffer(b).Bytes()` with `b` since wrapping a byte slice in a buffer only to extract it is a no-op.,1,,Simplification,Code quality,Go,,Simplify expressions and patterns,Recipes for improving Go code quality,,
go,github.com/moderneinc/recipes-go,,v0.5.3,org.openrewrite.golang.codequality.SimplifyBytesEqualNil,Simplify bytes.Equal nil check,"Replace `bytes.Equal(b, nil)` and `bytes.Equal(nil, b)` with `len(b) == 0`.",1,,Simplification,Code quality,Go,,Simplify expressions and patterns,Recipes for improving Go code quality,,
go,github.com/moderneinc/recipes-go,,v0.5.3,org.openrewrite.golang.codequality.SimplifyBytesSplitN,Simplify bytes.SplitN with -1,"Replace `bytes.SplitN(b, sep, -1)` with `bytes.Split(b, sep)` since -1 means split all.",1,,Simplification,Code quality,Go,,Simplify expressions and patterns,Recipes for improving Go code quality,,
go,github.com/moderneinc/recipes-go,,v0.5.3,org.openrewrite.golang.codequality.SimplifyDoubleNegation,Simplify double negation,Replace `!!x` with `x` to remove redundant double boolean negation.,1,,Simplification,Code quality,Go,,Simplify expressions and patterns,Recipes for improving Go code quality,,
go,github.com/moderneinc/recipes-go,,v0.5.3,org.openrewrite.golang.codequality.SimplifyErrorsIsNil,Simplify errors.Is nil check,"Replace redundant `errors.Is(err, nil)` with `err == nil`.",1,,Simplification,Code quality,Go,,Simplify expressions and patterns,Recipes for improving Go code quality,,
go,github.com/moderneinc/recipes-go,,v0.5.3,org.openrewrite.golang.codequality.SimplifyFmtSprintf,Simplify fmt.Sprintf with %%v,"Replace `fmt.Sprintf(""%v"", x)` with `fmt.Sprint(x)`.",1,,Simplification,Code quality,Go,,Simplify expressions and patterns,Recipes for improving Go code quality,,
go,github.com/moderneinc/recipes-go,,v0.5.3,org.openrewrite.golang.codequality.SimplifyGoroutineClosure,Simplify goroutine closure,Simplify `go func() { f() }()` to `go f()` where the closure wraps a single function call.,1,,Redundancy,Code quality,Go,,Remove redundant code,Recipes for improving Go code quality,,
go,github.com/moderneinc/recipes-go,,v0.5.3,org.openrewrite.golang.codequality.SimplifyIfReturnBool,Simplify if-return-bool,"Replace `if cond { return true }; return false` with `return cond`, and vice versa.",1,,Simplification,Code quality,Go,,Simplify expressions and patterns,Recipes for improving Go code quality,,
go,github.com/moderneinc/recipes-go,,v0.5.3,org.openrewrite.golang.codequality.SimplifyNilCheckBeforeClose,Simplify nil check before Close,Replace `if x != nil { x.Close() }` with `x.Close()` where the nil check is redundant.,1,,Redundancy,Code quality,Go,,Remove redundant code,Recipes for improving Go code quality,,
go,github.com/moderneinc/recipes-go,,v0.5.3,org.openrewrite.golang.codequality.SimplifyRedundantBytesTrimSpace,Simplify redundant bytes.TrimSpace,Replace `bytes.TrimSpace(bytes.TrimSpace(b))` with `bytes.TrimSpace(b)` since TrimSpace is idempotent.,1,,Simplification,Code quality,Go,,Simplify expressions and patterns,Recipes for improving Go code quality,,
go,github.com/moderneinc/recipes-go,,v0.5.3,org.openrewrite.golang.codequality.SimplifyRedundantErrorWrap,Simplify redundant error wrap,"Replace `fmt.Errorf(""%w"", err)` with `err` when wrapping adds no context.",1,,Error handling,Code quality,Go,,Error handling best practices,Recipes for improving Go code quality,,
go,github.com/moderneinc/recipes-go,,v0.5.3,org.openrewrite.golang.codequality.SimplifyRedundantLenBeforeRange,Simplify redundant len check before range,Remove `if len(s) > 0 { for ... range s }` where the len check is redundant because range over nil/empty produces zero iterations.,1,,Redundancy,Code quality,Go,,Remove redundant code,Recipes for improving Go code quality,,
go,github.com/moderneinc/recipes-go,,v0.5.3,org.openrewrite.golang.codequality.SimplifyRedundantLogicalExpression,Simplify redundant logical expression,"Simplify `x && x` to `x`, `x || x` to `x`, and similarly for `&` and `|`, where both sides of a logical or bitwise operator are identical.",1,,Simplification,Code quality,Go,,Simplify expressions and patterns,Recipes for improving Go code quality,,
go,github.com/moderneinc/recipes-go,,v0.5.3,org.openrewrite.golang.codequality.SimplifyRedundantNilCheck,Simplify redundant nil check,Simplify `x != nil && len(x) > 0` to `len(x) > 0` for slices and maps.,1,,Simplification,Code quality,Go,,Simplify expressions and patterns,Recipes for improving Go code quality,,
go,github.com/moderneinc/recipes-go,,v0.5.3,org.openrewrite.golang.codequality.SimplifyRedundantTrimSpace,Simplify redundant TrimSpace,Replace `strings.TrimSpace(strings.TrimSpace(s))` with `strings.TrimSpace(s)`.,1,,Simplification,Code quality,Go,,Simplify expressions and patterns,Recipes for improving Go code quality,,
go,github.com/moderneinc/recipes-go,,v0.5.3,org.openrewrite.golang.codequality.SimplifySelectDefaultOnly,Simplify select default only,Replace `select { default: ... }` with the body statements when the select has only a default case and no communication cases.,1,,Style,Code quality,Go,,Code style and conventions,Recipes for improving Go code quality,,
go,github.com/moderneinc/recipes-go,,v0.5.3,org.openrewrite.golang.codequality.SimplifySingleCaseSelect,Simplify single-case select,Replace `select` statements with a single case and no default with the channel operation directly.,1,,Simplification,Code quality,Go,,Simplify expressions and patterns,Recipes for improving Go code quality,,
go,github.com/moderneinc/recipes-go,,v0.5.3,org.openrewrite.golang.codequality.SimplifySliceRange,Simplify slice range,Replace `s[0:len(s)]` with `s[:]`.,1,,Simplification,Code quality,Go,,Simplify expressions and patterns,Recipes for improving Go code quality,,
go,github.com/moderneinc/recipes-go,,v0.5.3,org.openrewrite.golang.codequality.SimplifySplitN,Simplify strings.SplitN with -1,"Replace `strings.SplitN(s, sep, -1)` with `strings.Split(s, sep)` since -1 means split all.",1,,Simplification,Code quality,Go,,Simplify expressions and patterns,Recipes for improving Go code quality,,
go,github.com/moderneinc/recipes-go,,v0.5.3,org.openrewrite.golang.codequality.SimplifySprintfChar,Simplify fmt.Sprintf %c to string conversion,"Replace `fmt.Sprintf(""%c"", r)` with `string(r)` for better performance.",1,,Performance,Code quality,Go,,Performance optimizations,Recipes for improving Go code quality,,
go,github.com/moderneinc/recipes-go,,v0.5.3,org.openrewrite.golang.codequality.SimplifySprintfConcat,Simplify fmt.Sprintf string concat,"Replace `fmt.Sprintf(""%s%s"", a, b)` with `a + b` for simple string concatenation.",1,,Simplification,Code quality,Go,,Simplify expressions and patterns,Recipes for improving Go code quality,,
go,github.com/moderneinc/recipes-go,,v0.5.3,org.openrewrite.golang.codequality.SimplifyTrimLeftNoop,Simplify no-op TrimLeft/TrimRight,"Replace `strings.TrimLeft(s, """")` and `strings.TrimRight(s, """")` with `s` since trimming with an empty cutset is a no-op.",1,,Simplification,Code quality,Go,,Simplify expressions and patterns,Recipes for improving Go code quality,,
go,github.com/moderneinc/recipes-go,,v0.5.3,org.openrewrite.golang.codequality.UseBufferedChannel,Use buffered channel,Find `make(chan T)` calls without a buffer size. Unbuffered channels block until both sender and receiver are ready.,1,,Style,Code quality,Go,,Code style and conventions,Recipes for improving Go code quality,,
go,github.com/moderneinc/recipes-go,,v0.5.3,org.openrewrite.golang.codequality.UseBytesReplaceAll,Use bytes.ReplaceAll,"Replace `bytes.Replace(b, old, new, -1)` with `bytes.ReplaceAll(b, old, new)`.",1,,Simplification,Code quality,Go,,Simplify expressions and patterns,Recipes for improving Go code quality,,
go,github.com/moderneinc/recipes-go,,v0.5.3,org.openrewrite.golang.codequality.UseCommaOkTypeAssertion,Use comma-ok type assertion,"Transform bare type assertions `v := x.(T)` into `v, ok := x.(T)` with `_ = ok` to avoid panics on assertion failure.",1,,Style,Code quality,Go,,Code style and conventions,Recipes for improving Go code quality,,
go,github.com/moderneinc/recipes-go,,v0.5.3,org.openrewrite.golang.codequality.UseCryptoRand,Use crypto/rand,Find usage of `math/rand` functions. Consider using `crypto/rand` for security-sensitive randomness.,1,,Style,Code quality,Go,,Code style and conventions,Recipes for improving Go code quality,,
go,github.com/moderneinc/recipes-go,,v0.5.3,org.openrewrite.golang.codequality.UseCtxForContextParam,Use ctx for context.Context parameter,"Rename function parameters of type context.Context that are not named ""ctx"" to ""ctx"", including all usages in the function body.",1,,Naming,Code quality,Go,,Naming conventions,Recipes for improving Go code quality,,
go,github.com/moderneinc/recipes-go,,v0.5.3,org.openrewrite.golang.codequality.UseCustomHttpClient,Use custom HTTP client,"Replace `http.Get`, `http.Post`, `http.Head`, and `http.PostForm` with `http.DefaultClient` equivalents to make the default client explicit.",1,,Style,Code quality,Go,,Code style and conventions,Recipes for improving Go code quality,,
go,github.com/moderneinc/recipes-go,,v0.5.3,org.openrewrite.golang.codequality.UseDescriptivePackageName,Use descriptive package name,"Find packages named util, utils, common, shared, misc, or helpers which are anti-patterns in Go.",1,,Naming,Code quality,Go,,Naming conventions,Recipes for improving Go code quality,,
go,github.com/moderneinc/recipes-go,,v0.5.3,org.openrewrite.golang.codequality.UseDescriptiveVarNames,Use descriptive variable names,"Find variable declarations with single-letter names that are not conventional short names (i, j, k, n, x, y, r, w, t, s, b, v).",1,,Naming,Code quality,Go,,Naming conventions,Recipes for improving Go code quality,,
go,github.com/moderneinc/recipes-go,,v0.5.3,org.openrewrite.golang.codequality.UseDocumentedBlankImport,Use documented blank imports,Find blank imports (`import _ "pkg"`). Blank imports are used for side effects and should be documented.,1,,Redundancy,Code quality,Go,,Remove redundant code,Recipes for improving Go code quality,,
go,github.com/moderneinc/recipes-go,,v0.5.3,org.openrewrite.golang.codequality.UseErrPrefixForErrors,Use Err prefix for errors,Find package-level error variables not following the `ErrFoo` naming convention. Go convention is to prefix sentinel errors with "Err".,1,,Naming,Code quality,Go,,Naming conventions,Recipes for improving Go code quality,,
go,github.com/moderneinc/recipes-go,,v0.5.3,org.openrewrite.golang.codequality.UseErrorMethod,Use .Error() method,Replace `fmt.Sprint(err)` with `err.Error()` for clarity.,1,,Error handling,Code quality,Go,,Error handling best practices,Recipes for improving Go code quality,,
go,github.com/moderneinc/recipes-go,,v0.5.3,org.openrewrite.golang.codequality.UseErrorsAs,Use errors.As,"Replace `if myErr, ok := err.(*MyError); ok { ... }` with `var myErr *MyError; if errors.As(err, &myErr) { ... }` for correct wrapped error handling.",1,,Error handling,Code quality,Go,,Error handling best practices,Recipes for improving Go code quality,,
go,github.com/moderneinc/recipes-go,,v0.5.3,org.openrewrite.golang.codequality.UseErrorsIsOverStringComparison,Use errors.Is over string comparison,Find `err.Error() == "string"` comparisons. Comparing error messages by string is fragile; use `errors.Is` or `errors.As` instead.,1,,Error handling,Code quality,Go,,Error handling best practices,Recipes for improving Go code quality,,
go,github.com/moderneinc/recipes-go,,v0.5.3,org.openrewrite.golang.codequality.UseErrorsNewForSimpleErrors,Use errors.New for simple errors,Replace `fmt.Errorf("static message")` with `errors.New("static message")` when there are no format verbs.,1,,Style,Code quality,Go,,Code style and conventions,Recipes for improving Go code quality,,
go,github.com/moderneinc/recipes-go,,v0.5.3,org.openrewrite.golang.codequality.UseHttpNewRequestWithContext,Use http.NewRequestWithContext,"Replace deprecated `http.NewRequest(method, url, body)` with `http.NewRequestWithContext(context.TODO(), method, url, body)`.",1,,Simplification,Code quality,Go,,Simplify expressions and patterns,Recipes for improving Go code quality,,
go,github.com/moderneinc/recipes-go,,v0.5.3,org.openrewrite.golang.codequality.UseHttpServerWithTimeout,Use http.Server with timeouts,"Replace `http.ListenAndServe(addr, handler)` with an explicit `http.Server` with read/write timeouts.",1,,Style,Code quality,Go,,Code style and conventions,Recipes for improving Go code quality,,
go,github.com/moderneinc/recipes-go,,v0.5.3,org.openrewrite.golang.codequality.UseMeaningfulReturnValues,Use meaningful return values,"Find `return nil, nil` where all returned values are nil, which may indicate a missing error or result.",1,,Redundancy,Code quality,Go,,Remove redundant code,Recipes for improving Go code quality,,
go,github.com/moderneinc/recipes-go,,v0.5.3,org.openrewrite.golang.codequality.UseMixedCaps,Use MixedCaps,Find exported functions using underscores instead of camelCase. Go convention is to use MixedCaps or mixedCaps.,1,,Naming,Code quality,Go,,Naming conventions,Recipes for improving Go code quality,,
go,github.com/moderneinc/recipes-go,,v0.5.3,org.openrewrite.golang.codequality.UseMixedCapsForConstants,Use MixedCaps for constants,"Find constant or variable names using ALL_CAPS_WITH_UNDERSCORES. Go convention is to use MixedCaps, not ALL_CAPS.",1,,Naming,Code quality,Go,,Naming conventions,Recipes for improving Go code quality,,
go,github.com/moderneinc/recipes-go,,v0.5.3,org.openrewrite.golang.codequality.UseNamedConstant,Use named constants,Find numeric literals (other than 0 and 1) that should be named constants.,1,,Style,Code quality,Go,,Code style and conventions,Recipes for improving Go code quality,,
go,github.com/moderneinc/recipes-go,,v0.5.3,org.openrewrite.golang.codequality.UsePackageLevelErrorSentinel,Use package-level error sentinel,Move inline `errors.New("...")` calls to package-level sentinel variables so they can be compared with `errors.Is`.,1,,Error handling,Code quality,Go,,Error handling best practices,Recipes for improving Go code quality,,
go,github.com/moderneinc/recipes-go,,v0.5.3,org.openrewrite.golang.codequality.UseShortReceiverName,Use short receiver name,Rename method receivers longer than 2 characters to the first lowercase letter of the type name.,1,,Naming,Code quality,Go,,Naming conventions,Recipes for improving Go code quality,,
go,github.com/moderneinc/recipes-go,,v0.5.3,org.openrewrite.golang.codequality.UseSkipWithReason,Use skip with reason,Add a placeholder reason to bare `t.Skip()` calls. Tests should document why they are skipped.,1,,Style,Code quality,Go,,Code style and conventions,Recipes for improving Go code quality,,
go,github.com/moderneinc/recipes-go,,v0.5.3,org.openrewrite.golang.codequality.UseStringsBuilderInLoop,Use strings.Builder in loop,Find `s += expr` inside for/range loops. Repeated string concatenation in loops is inefficient; rewrite to use strings.Builder.,1,,Performance,Code quality,Go,,Performance optimizations,Recipes for improving Go code quality,,
go,github.com/moderneinc/recipes-go,,v0.5.3,org.openrewrite.golang.codequality.UseStringsReplaceAll,Use strings.ReplaceAll,"Replace `strings.Replace(s, old, new, -1)` with `strings.ReplaceAll(s, old, new)`.",1,,Simplification,Code quality,Go,,Simplify expressions and patterns,Recipes for improving Go code quality,,
go,github.com/moderneinc/recipes-go,,v0.5.3,org.openrewrite.golang.codequality.UseStructuredLogging,Use structured logging,"Find calls to the standard `log` package (`log.Print*`, `log.Fatal*`). Consider migrating to `log/slog` for structured logging (Go 1.21+).",1,,Simplification,Code quality,Go,,Simplify expressions and patterns,Recipes for improving Go code quality,,
go,github.com/moderneinc/recipes-go,,v0.5.3,org.openrewrite.golang.codequality.UseTlsForHttp,Use TLS for HTTP,"Replace `http.ListenAndServe(addr, handler)` with `http.ListenAndServeTLS(addr, ""cert.pem"", ""key.pem"", handler)` to encrypt traffic in transit.",1,,Style,Code quality,Go,,Code style and conventions,Recipes for improving Go code quality,,
go,github.com/moderneinc/recipes-go,,v0.5.3,org.openrewrite.golang.codequality.WrapErrorBeforeReturn,Wrap error before return,"Replace `return nil, err` with `return nil, fmt.Errorf(""funcName: %%w"", err)` using the enclosing function name as context.",1,,Style,Code quality,Go,,Code style and conventions,Recipes for improving Go code quality,,
go,github.com/moderneinc/recipes-go,,v0.5.3,org.openrewrite.golang.codequality.WrapErrorWithContext,Wrap error with context,"Replace bare `return err` with `return fmt.Errorf(""funcName: %%w"", err)` using the enclosing function name as context.",1,,Error handling,Code quality,Go,,Error handling best practices,Recipes for improving Go code quality,,
go,github.com/moderneinc/recipes-go,,v0.5.3,org.openrewrite.golang.migration.AddMissingGoModRequires,Add missing go.mod requirements,"Add `require` directives for modules the resolved build list needs but go.mod does not declare, at their resolved versions and with the `// indirect` marker the toolchain assigned. Mirrors what `go mod tidy` adds, using the module graph resolved at parse time.",1,,Migration,Code quality,Go,,Migrate to newer Go versions,Recipes for improving Go code quality,,
go,github.com/moderneinc/recipes-go,,v0.5.3,org.openrewrite.golang.migration.ChangeGoVersion,Change the `go` directive version,Rewrites the `go` directive in go.mod to a new version.,1,,Migration,Code quality,Go,,Migrate to newer Go versions,Recipes for improving Go code quality,,
go,github.com/moderneinc/recipes-go,,v0.5.3,org.openrewrite.golang.migration.FindMissingGoModRequires,Find missing go.mod requirements,Find imports of third-party packages that are not covered by any `require` directive in the module's go.mod. These are the requirements `go mod tidy` would add; adding them automatically is not possible offline because it requires resolving module versions over the network.,1,,Migration,Code quality,Go,,Migrate to newer Go versions,Recipes for improving Go code quality,,
go,github.com/moderneinc/recipes-go,,v0.5.3,org.openrewrite.golang.migration.FindUnusedGoModRequires,Find unused go.mod requirements,"Find direct `require` directives in go.mod that no package in the module imports. A direct requirement is only justified by a direct import, so these are candidates `go mod tidy` would remove or demote to `// indirect`. They are reported rather than removed because deciding whether a module is still needed transitively requires the module graph, which is not available offline.",1,,Migration,Code quality,Go,,Migrate to newer Go versions,Recipes for improving Go code quality,,
go,github.com/moderneinc/recipes-go,,v0.5.3,org.openrewrite.golang.migration.FixGoModIndirectMarkers,Fix go.mod `// indirect` markers,"Correct the `// indirect` markers on `require` directives in go.mod: a requirement is direct when a package in the module imports it and indirect otherwise. Requirements are never removed, so the change is always build-safe; a genuinely unused requirement is marked `// indirect` rather than removed.",1,,Migration,Code quality,Go,,Migrate to newer Go versions,Recipes for improving Go code quality,,
go,github.com/moderneinc/recipes-go,,v0.5.3,org.openrewrite.golang.migration.FormatGoMod,Format go.mod,"Sort the entries of each factored `require ( … )` block in go.mod by module path, matching `go mod tidy` ordering. Versions and `// indirect` markers travel with their entry; only the ordering changes.",1,,Migration,Code quality,Go,,Migrate to newer Go versions,Recipes for improving Go code quality,,
go,github.com/moderneinc/recipes-go,,v0.5.3,org.openrewrite.golang.migration.GoModTidy,Tidy go.mod,"Apply `go mod tidy` behavior to go.mod: add missing requirements at their resolved versions, remove unused ones, correct the `// indirect` markers, and sort require blocks. Adding and removing require the module graph resolved at parse time, and are no-ops without it. It does not sync go.sum; the `RegenerateGoSum` recipe covers that.",1,,Migration,Code quality,Go,,Migrate to newer Go versions,Recipes for improving Go code quality,,
go,github.com/moderneinc/recipes-go,,v0.5.3,org.openrewrite.golang.migration.RemoveUnusedGoModRequires,Remove unused go.mod requirements,"Remove `require` directives whose module provides no imported package and is unreachable through the module graph from any module that does. Uses the package→module map and module graph resolved at parse time; a no-op when that resolution did not run. Modules that pin a transitive version are kept, so the removal is build-safe.",1,,Migration,Code quality,Go,,Migrate to newer Go versions,Recipes for improving Go code quality,,
go,github.com/moderneinc/recipes-go,,v0.5.3,org.openrewrite.golang.migration.UpgradeGoTo118,Upgrade Go to 1.18,"Raise the `go` directive in go.mod to Go 1.18, unless it already targets 1.18 or newer.",1,,Migration,Code quality,Go,,Migrate to newer Go versions,Recipes for improving Go code quality,,
go,github.com/moderneinc/recipes-go,,v0.5.3,org.openrewrite.golang.migration.UpgradeGoTo119,Upgrade Go to 1.19,"Raise the `go` directive in go.mod to Go 1.19, unless it already targets 1.19 or newer.",1,,Migration,Code quality,Go,,Migrate to newer Go versions,Recipes for improving Go code quality,,
go,github.com/moderneinc/recipes-go,,v0.5.3,org.openrewrite.golang.migration.UpgradeGoTo120,Upgrade Go to 1.20,"Raise the `go` directive in go.mod to Go 1.20, unless it already targets 1.20 or newer.",1,,Migration,Code quality,Go,,Migrate to newer Go versions,Recipes for improving Go code quality,,
go,github.com/moderneinc/recipes-go,,v0.5.3,org.openrewrite.golang.migration.UpgradeGoTo121,Upgrade Go to 1.21,"Raise the `go` directive in go.mod to Go 1.21, unless it already targets 1.21 or newer.",1,,Migration,Code quality,Go,,Migrate to newer Go versions,Recipes for improving Go code quality,,
go,github.com/moderneinc/recipes-go,,v0.5.3,org.openrewrite.golang.migration.UpgradeGoTo122,Upgrade Go to 1.22,"Raise the `go` directive in go.mod to Go 1.22, unless it already targets 1.22 or newer.",1,,Migration,Code quality,Go,,Migrate to newer Go versions,Recipes for improving Go code quality,,
go,github.com/moderneinc/recipes-go,,v0.5.3,org.openrewrite.golang.migration.UpgradeGoTo123,Upgrade Go to 1.23,"Raise the `go` directive in go.mod to Go 1.23, unless it already targets 1.23 or newer.",1,,Migration,Code quality,Go,,Migrate to newer Go versions,Recipes for improving Go code quality,,
go,github.com/moderneinc/recipes-go,,v0.5.3,org.openrewrite.golang.migration.UpgradeGoTo124,Upgrade Go to 1.24,"Raise the `go` directive in go.mod to Go 1.24, unless it already targets 1.24 or newer.",1,,Migration,Code quality,Go,,Migrate to newer Go versions,Recipes for improving Go code quality,,
go,github.com/moderneinc/recipes-go,,v0.5.3,org.openrewrite.golang.migration.UpgradeGoTo125,Upgrade Go to 1.25,"Raise the `go` directive in go.mod to Go 1.25, unless it already targets 1.25 or newer.",1,,Migration,Code quality,Go,,Migrate to newer Go versions,Recipes for improving Go code quality,,
go,github.com/moderneinc/recipes-go,,v0.5.3,org.openrewrite.golang.migration.UpgradeGoTo126,Upgrade Go to 1.26,"Raise the `go` directive in go.mod to Go 1.26, unless it already targets 1.26 or newer.",1,,Migration,Code quality,Go,,Migrate to newer Go versions,Recipes for improving Go code quality,,
go,github.com/moderneinc/recipes-go,,v0.5.3,org.openrewrite.golang.search.FindMethods,Find methods,Find all method invocations matching a method pattern.,1,,,Search,Go,,,,,"[{""name"":""methodPattern"",""type"":""String"",""displayName"":""Method pattern"",""description"":""A method pattern to match method invocations."",""example"":""fmt.Println(..)"",""required"":true}]"
go,github.com/moderneinc/recipes-go,,v0.5.3,org.openrewrite.golang.search.FindTypes,Find types,Find all references to a given type.,1,,,Search,Go,,,,,"[{""name"":""fullyQualifiedTypeName"",""type"":""String"",""displayName"":""Fully qualified type name"",""description"":""The fully qualified type name to search for."",""example"":""fmt.Stringer"",""required"":true}]"
go,github.com/moderneinc/recipes-go,,v0.5.3,org.openrewrite.golang.test.RenameXToFlag,Rename x to flag (test),Test recipe that renames identifier x to flag.,1,,,,Go,,,,,
npm,@openrewrite/recipes-angular,,1.8.0,org.openrewrite.angular.UpgradeToAngular10,Upgrade to Angular 10,"Migrates Angular 9.x applications to Angular 10. This includes removing the deprecated `es5BrowserSupport` option from `angular.json`, renaming deprecated `validator`/`asyncValidator` to their plural forms, renaming `browserslist` to `.browserslistrc`, migrating to solution-style `tsconfig.json`, and upgrading Angular, TypeScript, and related dependency versions.",41,,Migration,Angular,JavaScript,,,,,
npm,@openrewrite/recipes-angular,,1.8.0,org.openrewrite.angular.UpgradeToAngular11,Upgrade to Angular 11,"Migrates Angular 10.x applications to Angular 11. This includes replacing `ViewEncapsulation.Native` with `ViewEncapsulation.ShadowDom`, removing the deprecated `extractCss` build option from `angular.json`, flagging deprecated string-based `loadChildren` and `preserveQueryParams` usage, and upgrading Angular, TypeScript, and related dependency versions.",48,,Migration,Angular,JavaScript,,,,,
npm,@openrewrite/recipes-angular,,1.8.0,org.openrewrite.angular.UpgradeToAngular12,Upgrade to Angular 12,"Migrates Angular 11.x applications to Angular 12. This includes adding `defaultConfiguration: ""production""` to build targets in `angular.json`, replacing `node-sass` with `sass` (Dart Sass), flagging deprecated `async` test helper and View Engine APIs, and upgrading Angular, TypeScript, and related dependency versions.",53,,Migration,Angular,JavaScript,,,,,
npm,@openrewrite/recipes-angular,,1.8.0,org.openrewrite.angular.UpgradeToAngular13,Upgrade to Angular 13,"Migrates Angular 12.x applications to Angular 13. This includes updating `tsconfig.json` target to `es2017`, removing IE11 polyfills, removing `defaultProject` from `angular.json`, adding TestBed module teardown, simplifying `ComponentFactoryResolver` usage, and upgrading Angular, TypeScript, and related dependency versions.",61,,Migration,Angular,JavaScript,,,,,
npm,@openrewrite/recipes-angular,,1.8.0,org.openrewrite.angular.UpgradeToAngular14,Upgrade to Angular 14,"Migrates Angular 13.x applications to Angular 14. This includes replacing form classes with their `Untyped*` equivalents for backward compatibility with typed forms, updating deprecated `initialNavigation` router option values, removing `aotSummaries` from TestBed calls, and flagging `pathMatch` properties that may need type narrowing.",65,,Migration,Angular,JavaScript,,,,,
npm,@openrewrite/recipes-angular,,1.8.0,org.openrewrite.angular.UpgradeToAngular15,Upgrade to Angular 15,"Migrates Angular 14.x applications to Angular 15. This includes removing the `relativeLinkResolution` option from `RouterModule.forRoot()`, removing the `enableIvy` compiler option from `tsconfig.json`, flagging the deprecated `DATE_PIPE_DEFAULT_TIMEZONE` token and `providedIn: NgModule`/`'any'` usage, and upgrading Angular, TypeScript, and related dependency versions.",69,,Migration,Angular,JavaScript,,,,,
npm,@openrewrite/recipes-angular,,1.8.0,org.openrewrite.angular.UpgradeToAngular16,Upgrade to Angular 16,"Migrates Angular 15.x applications to Angular 16. This includes removing `entryComponents` and `moduleId` from decorators, replacing `RouterLinkWithHref` with `RouterLink`, moving the `XhrFactory` import to `@angular/common`, and flagging removed APIs like `ReflectiveInjector`, `renderModuleFactory`, and `BrowserTransferStateModule`.",79,,Migration,Angular,JavaScript,,,,,
npm,@openrewrite/recipes-angular,,1.8.0,org.openrewrite.angular.UpgradeToAngular17,Upgrade to Angular 17,"Migrates Angular 16.x applications to Angular 17. This includes updating Angular package versions, replacing legacy deep `zone.js` imports, flagging the removed `withNoDomReuse` and `setupTestingRouter` APIs, and upgrading TypeScript and `zone.js` dependencies.",85,,Migration,Angular,JavaScript,,,,,
npm,@openrewrite/recipes-angular,,1.8.0,org.openrewrite.angular.UpgradeToAngular18,Upgrade to Angular 18,"Migrates Angular 17.x applications to Angular 18. This includes replacing the deprecated `async` test helper with `waitForAsync`, migrating `HttpClientModule` to `provideHttpClient()`, moving Transfer State APIs to `@angular/core`, and flagging removed platform APIs.",100,,Migration,Angular,JavaScript,,,,,
npm,@openrewrite/recipes-angular,,1.8.0,org.openrewrite.angular.UpgradeToAngular19,Upgrade to Angular 19,"Migrates Angular 18.x applications to Angular 19. This includes updating Angular package versions, adjusting the standalone default, renaming `ExperimentalPendingTasks` to `PendingTasks`, moving the `ApplicationConfig` import to `@angular/core`, and updating `zone.js`.",107,,Migration,Angular,JavaScript,,,,,
npm,@openrewrite/recipes-angular,,1.8.0,org.openrewrite.angular.UpgradeToAngular20,Upgrade to Angular 20,"Migrates Angular 19.x applications to Angular 20. This includes running the Angular 19 migration first, then updating Angular package versions, renaming experimental APIs promoted to stable, and upgrading TypeScript to 5.8.x.",116,,Migration,Angular,JavaScript,,,,,
npm,@openrewrite/recipes-angular,,1.8.0,org.openrewrite.angular.UpgradeToAngular21,Upgrade to Angular 21,"Migrates Angular 20.x applications to Angular 21. This includes running the Angular 20 migration first, flagging Karma test runner usage for Vitest migration, deprecated NgClass, zone.js-dependent test helpers, and upgrading TypeScript to 5.9.x.",126,,Migration,Angular,JavaScript,,,,,
npm,@openrewrite/recipes-angular,,1.8.0,org.openrewrite.angular.UpgradeToAngular8,Upgrade to Angular 8,"Migrates Angular 7.x applications to Angular 8. This includes adding the now-required `static: false` to `@ViewChild` and `@ContentChild` decorators, moving the `DOCUMENT` import from `@angular/platform-browser` to `@angular/common`, removing `rxjs-compat` and flagging any remaining RxJS 5-style imports, flagging removed `@angular/http` imports, converting deprecated string-based `loadChildren` to dynamic imports, and upgrading Angular, TypeScript, and related dependency versions.",21,,Migration,Angular,JavaScript,,,,,
npm,@openrewrite/recipes-angular,,1.8.0,org.openrewrite.angular.UpgradeToAngular9,Upgrade to Angular 9,"Migrates Angular 8.x applications to Angular 9. This includes removing the now-default `static: false` from view query decorators, replacing `TestBed.get()` with `TestBed.inject()`, adding generic type parameters to `ModuleWithProviders`, enabling AOT compilation in `angular.json`, updating `tsconfig.json` module settings for Ivy, flagging removed View Engine APIs (`Renderer`, `RenderComponentType`, `RootRenderer`), and upgrading Angular, TypeScript, and related dependency versions.",35,,Migration,Angular,JavaScript,,,,,
npm,@openrewrite/recipes-angular,,1.8.0,org.openrewrite.angular.migration.add-default-configuration,Add `defaultConfiguration` to build targets,Adds `"defaultConfiguration": "production"` to build architect targets in `angular.json`. Angular 12 changed `ng build` to produce production bundles by default.,1,,Migration,Angular,JavaScript,,,,,
npm,@openrewrite/recipes-angular,,1.8.0,org.openrewrite.angular.migration.add-localize-polyfill,Add `@angular/localize/init` polyfill import,Adds `import '@angular/localize/init'` to `polyfills.ts`. Angular 9 introduced the `$localize` runtime API for i18n. Projects using internationalization must import this polyfill or the application will fail at runtime with `$localize is not defined`. The `@angular/localize` package must also be added as a dependency.,1,,Migration,Angular,JavaScript,,,,,
npm,@openrewrite/recipes-angular,,1.8.0,org.openrewrite.angular.migration.add-module-with-providers-generic,Add generic type to `ModuleWithProviders`,Adds the required generic type parameter to bare `ModuleWithProviders` return types. Angular 10 requires `ModuleWithProviders<T>` where `T` is the NgModule type. The module type is inferred from the `ngModule` property in the return statement.,1,,Migration,Angular,JavaScript,,,,,
npm,@openrewrite/recipes-angular,,1.8.0,org.openrewrite.angular.migration.add-static-false-to-view-queries,Add `static: false` to view queries,Adds `static: false` to `@ViewChild` and `@ContentChild` decorators that don't have the `static` property. Angular 8 requires an explicit `static` flag for view query decorators. Using `static: false` preserves the Angular 7 default behavior (queries resolved after change detection).,1,,Migration,Angular,JavaScript,,,,,
npm,@openrewrite/recipes-angular,,1.8.0,org.openrewrite.angular.migration.add-testbed-teardown,Add TestBed module teardown,"Adds `{ teardown: { destroyAfterEach: true } }` as the third argument to `TestBed.initTestEnvironment()` calls. Angular 13 changed the default teardown behavior, and this ensures explicit opt-in for module teardown after each test.",1,,Migration,Angular,JavaScript,,,,,
npm,@openrewrite/recipes-angular,,1.8.0,org.openrewrite.angular.migration.enable-aot-build,Enable AOT compilation in `angular.json`,"Adds `""aot"": true` to build options in `angular.json`. Angular 9 made AOT compilation the default, and projects upgrading from Angular 8 should enable it explicitly.",1,,Migration,Angular,JavaScript,,,,,
npm,@openrewrite/recipes-angular,,1.8.0,org.openrewrite.angular.migration.explicit-standalone-flag,Make standalone flag explicit,"Adds `standalone: false` to non-standalone Angular components, directives, and pipes, and removes redundant `standalone: true` since it became the default in Angular 19.",1,,Migration,Angular,JavaScript,,,,,
npm,@openrewrite/recipes-angular,,1.8.0,org.openrewrite.angular.migration.migrate-constructor-to-inject,Migrate constructor injection to `inject()`,"Converts constructor parameter properties in Angular classes to field declarations using the `inject()` function. For example, `constructor(private svc: MyService) {}` becomes `private svc = inject(MyService);`.",1,,Migration,Angular,JavaScript,,,,,
npm,@openrewrite/recipes-angular,,1.8.0,org.openrewrite.angular.migration.migrate-input-to-signal,Migrate `@Input()` to signal-based `input()`,"Converts `@Input()` decorated properties in Angular classes to signal-based `input()` declarations. For example, `@Input() name: string` becomes `name = input<string>()`, and `@Input({ required: true }) name!: string` becomes `name = input.required<string>()`.",1,,Migration,Angular,JavaScript,,,,,
npm,@openrewrite/recipes-angular,,1.8.0,org.openrewrite.angular.migration.migrate-output-to-signal,Migrate `@Output()` to signal-based `output()`,"Converts `@Output()` decorated properties using `EventEmitter` in Angular classes to signal-based `output()` declarations. For example, `@Output() clicked = new EventEmitter<void>()` becomes `clicked = output<void>()`.",1,,Migration,Angular,JavaScript,,,,,
npm,@openrewrite/recipes-angular,,1.8.0,org.openrewrite.angular.migration.migrate-query-to-signal,Migrate query decorators to signal-based functions,"Converts `@ViewChild()`, `@ViewChildren()`, `@ContentChild()`, and `@ContentChildren()` decorated properties to signal-based query functions. For example, `@ViewChild('ref') el: ElementRef` becomes `el = viewChild<ElementRef>('ref')`.",1,,Migration,Angular,JavaScript,,,,,
npm,@openrewrite/recipes-angular,,1.8.0,org.openrewrite.angular.migration.migrate-to-solution-style-tsconfig,Migrate to solution-style tsconfig,"Migrates a project to use a solution-style `tsconfig.json`. The original `tsconfig.json` content is moved to `tsconfig.base.json` (with project-specific fields removed), and `tsconfig.json` is replaced with a solution-style config that references the project's TypeScript configurations. Other tsconfig files that extend `./tsconfig.json` are updated to extend `./tsconfig.base.json`.",1,,Migration,Angular,JavaScript,,,,,
npm,@openrewrite/recipes-angular,,1.8.0,org.openrewrite.angular.migration.move-document-import,Move `DOCUMENT` import to `@angular/core`,Moves the `DOCUMENT` import from older Angular modules to `@angular/core`.,3,,Migration,Angular,JavaScript,,,,,
npm,@openrewrite/recipes-angular,,1.8.0,org.openrewrite.angular.migration.remove-aot-summaries,Remove `aotSummaries` from TestBed,Removes the `aotSummaries` property from `TestBed.configureTestingModule()` and `TestBed.initTestEnvironment()` calls. The `aotSummaries` parameter was removed in Angular 14 as it was only needed for the View Engine compiler.,1,,Migration,Angular,JavaScript,,,,,
npm,@openrewrite/recipes-angular,,1.8.0,org.openrewrite.angular.migration.remove-browser-module-with-server-transition,Remove `BrowserModule.withServerTransition`,"Replaces `BrowserModule.withServerTransition({ appId: '...' })` with `BrowserModule` and adds `{ provide: APP_ID, useValue: '...' }` to the NgModule providers. The `withServerTransition` method was removed in Angular 19.",1,,Migration,Angular,JavaScript,,,,,
npm,@openrewrite/recipes-angular,,1.8.0,org.openrewrite.angular.migration.remove-component-factory-resolver,Remove `ComponentFactoryResolver`,"Replaces `resolver.resolveComponentFactory(Component)` with just `Component` and removes the `ComponentFactoryResolver` import. Since Ivy, `ViewContainerRef.createComponent` accepts the component class directly. `ComponentFactoryResolver` was deprecated in Angular 13 and removed in Angular 16.",1,,Migration,Angular,JavaScript,,,,,
npm,@openrewrite/recipes-angular,,1.8.0,org.openrewrite.angular.migration.remove-default-project,Remove `defaultProject` from `angular.json`,Removes the deprecated `defaultProject` property from `angular.json`. The `defaultProject` option was deprecated in Angular 13 and the CLI infers the default project from the workspace.,1,,Migration,Angular,JavaScript,,,,,
npm,@openrewrite/recipes-angular,,1.8.0,org.openrewrite.angular.migration.remove-empty-ng-on-init,Remove empty `ngOnInit` lifecycle hooks,Removes empty `ngOnInit` lifecycle hook methods and OnInit interface from Angular components.,1,,Migration,Angular,JavaScript,,,,,
npm,@openrewrite/recipes-angular,,1.8.0,org.openrewrite.angular.migration.remove-enable-ivy,Remove `enableIvy` compiler option,"Removes the `enableIvy` option from `angularCompilerOptions` in `tsconfig.json`. Ivy is the only rendering engine since Angular 12, and the option was removed in Angular 15.",1,,Migration,Angular,JavaScript,,,,,
npm,@openrewrite/recipes-angular,,1.8.0,org.openrewrite.angular.migration.remove-entry-components,Remove `entryComponents`,"Removes the `entryComponents` property from `@NgModule` and `@Component` decorators, and removes the `ANALYZE_FOR_ENTRY_COMPONENTS` import. These were removed in Angular 16 as they served no purpose since Ivy.",1,,Migration,Angular,JavaScript,,,,,
npm,@openrewrite/recipes-angular,,1.8.0,org.openrewrite.angular.migration.remove-es5-browser-support,Remove `es5BrowserSupport` from `angular.json`,Removes the deprecated `es5BrowserSupport` option from `angular.json`. `es5BrowserSupport` was deprecated in Angular 7.3 and removed in Angular 10. Differential loading is now handled automatically by the Angular CLI based on the project's browserslist configuration.,1,,Migration,Angular,JavaScript,,,,,
npm,@openrewrite/recipes-angular,,1.8.0,org.openrewrite.angular.migration.remove-extract-css,Remove `extractCss` from `angular.json`,"Removes the deprecated `extractCss` build option from `angular.json`. In Angular 11, CSS extraction became the default behavior for production builds and the option was deprecated.",1,,Migration,Angular,JavaScript,,,,,
npm,@openrewrite/recipes-angular,,1.8.0,org.openrewrite.angular.migration.remove-ie-polyfills,Remove IE11 polyfills,"Removes IE11-specific polyfill imports (`core-js`, `classlist.js`, `web-animations-js`) from `polyfills.ts` and `angular.json`. Angular 13 dropped IE11 support, making these polyfills unnecessary.",3,,Migration,Angular,JavaScript,,,,,
npm,@openrewrite/recipes-angular,,1.8.0,org.openrewrite.angular.migration.remove-module-id,Remove `moduleId`,Removes the `moduleId` property from `@Component` and `@Directive` decorators. `moduleId` was deprecated in Angular 16 and removed in Angular 17 as it served no purpose since Ivy.,1,,Migration,Angular,JavaScript,,,,,
npm,@openrewrite/recipes-angular,,1.8.0,org.openrewrite.angular.migration.remove-relative-link-resolution,Remove `relativeLinkResolution`,Removes the `relativeLinkResolution` option from `RouterModule.forRoot()` calls. This option was deprecated in Angular 14 and removed in Angular 15.,1,,Migration,Angular,JavaScript,,,,,
npm,@openrewrite/recipes-angular,,1.8.0,org.openrewrite.angular.migration.remove-standalone-true,Remove redundant `standalone: true`,"Removes the `standalone: true` property from Angular component, directive, and pipe decorators since standalone is the default in Angular 19+.",1,,Migration,Angular,JavaScript,,,,,
npm,@openrewrite/recipes-angular,,1.8.0,org.openrewrite.angular.migration.remove-static-false,Remove `static: false` from view queries,"Removes `static: false` from `@ViewChild`, `@ContentChild`, `@ViewChildren`, and `@ContentChildren` decorators. In Angular 9 with Ivy, `static: false` became the default behavior, making the explicit option unnecessary.",1,,Migration,Angular,JavaScript,,,,,
npm,@openrewrite/recipes-angular,,1.8.0,org.openrewrite.angular.migration.remove-zone-js-polyfill,Remove zone.js polyfill from angular.json,"Removes zone.js entries from the `polyfills` array in `angular.json`. Angular 20 supports zoneless change detection via `provideZonelessChangeDetection()`, making the zone.js polyfill unnecessary.",1,,Migration,Angular,JavaScript,,,,,
npm,@openrewrite/recipes-angular,,1.8.0,org.openrewrite.angular.migration.rename-after-render,Rename `afterRender` to `afterEveryRender`,"Renames `afterRender` to `afterEveryRender` in imports and usages. The `afterRender` function was renamed to `afterEveryRender` in Angular 20, and Angular provides no migration schematic for this change.",1,,Migration,Angular,JavaScript,,,,,
npm,@openrewrite/recipes-angular,,1.8.0,org.openrewrite.angular.migration.rename-check-no-changes,Rename `provideExperimentalCheckNoChangesForDebug` to `provideCheckNoChangesForDebug`,Renames `provideExperimentalCheckNoChangesForDebug` to `provideCheckNoChangesForDebug` in imports and usages. The experimental API was promoted to developer preview in Angular 20.,1,,Migration,Angular,JavaScript,,,,,
npm,@openrewrite/recipes-angular,,1.8.0,org.openrewrite.angular.migration.rename-file,Rename file,"Renames files matching a glob pattern to a new file name, preserving the directory.",1,,Migration,Angular,JavaScript,,,,,"[{""name"":""fileMatcher"",""displayName"":""File matcher"",""description"":""Glob pattern to match files (e.g., `**/browserslist`). Supports `**` prefix to match in any directory."",""example"":""**/browserslist"",""required"":true},{""name"":""fileName"",""displayName"":""File name"",""description"":""The new file name (just the basename, e.g., `.browserslistrc`)."",""example"":"".browserslistrc"",""required"":true}]"
npm,@openrewrite/recipes-angular,,1.8.0,org.openrewrite.angular.migration.rename-pending-tasks,Rename `ExperimentalPendingTasks` to `PendingTasks`,Renames `ExperimentalPendingTasks` to `PendingTasks` in imports and usages. `ExperimentalPendingTasks` was renamed in Angular 19.,1,,Migration,Angular,JavaScript,,,,,
npm,@openrewrite/recipes-angular,,1.8.0,org.openrewrite.angular.migration.rename-zoneless-provider,Rename `provideExperimentalZonelessChangeDetection` to `provideZonelessChangeDetection`,Renames `provideExperimentalZonelessChangeDetection` to `provideZonelessChangeDetection` in imports and usages. The experimental API was promoted to developer preview in Angular 20.,1,,Migration,Angular,JavaScript,,,,,
npm,@openrewrite/recipes-angular,,1.8.0,org.openrewrite.angular.migration.replace-async-with-wait-for-async,Replace `async` with `waitForAsync`,Replaces the removed `async` test helper from `@angular/core/testing` with `waitForAsync`. The `async` function was deprecated in Angular 11 and removed in Angular 18.,1,,Migration,Angular,JavaScript,,,,,
npm,@openrewrite/recipes-angular,,1.8.0,org.openrewrite.angular.migration.replace-deep-zone-js-imports,Replace deep `zone.js` imports,"Replaces legacy deep imports from `zone.js` such as `zone.js/dist/zone` or `zone.js/bundles/zone-testing.js` with the standard `zone.js` or `zone.js/testing` imports, in both TypeScript files and `angular.json` polyfills. Deep imports are no longer allowed in Angular 17.",3,,Migration,Angular,JavaScript,,,,,
npm,@openrewrite/recipes-angular,,1.8.0,org.openrewrite.angular.migration.replace-http-client-module,Replace `HttpClientModule` with `provideHttpClient()`,"Replaces deprecated `HttpClientModule`, `HttpClientJsonpModule`, `HttpClientXsrfModule`, and `HttpClientTestingModule` with their functional equivalents: `provideHttpClient()` with feature functions and `provideHttpClientTesting()`.",1,,Migration,Angular,JavaScript,,,,,
npm,@openrewrite/recipes-angular,,1.8.0,org.openrewrite.angular.migration.replace-initial-navigation,Replace `initialNavigation` option values,"Replaces deprecated `initialNavigation` router option values: `'legacy_enabled'` and `true` become `'enabledBlocking'`, `'legacy_disabled'` and `false` become `'disabled'`, and `'enabled'` becomes `'enabledNonBlocking'`. The legacy values were removed in Angular 11; `'enabled'` was renamed in Angular 14.",1,,Migration,Angular,JavaScript,,,,,
npm,@openrewrite/recipes-angular,,1.8.0,org.openrewrite.angular.migration.replace-inject-flags,Replace `InjectFlags` with options object,"Replaces deprecated `InjectFlags` enum usage in `inject()` calls with the corresponding options object. For example, `inject(MyService, InjectFlags.Optional)` becomes `inject(MyService, { optional: true })`.",1,,Migration,Angular,JavaScript,,,,,
npm,@openrewrite/recipes-angular,,1.8.0,org.openrewrite.angular.migration.replace-load-children-string,Replace string-based `loadChildren` with dynamic `import()`,Converts the deprecated string-based `loadChildren: 'path#Module'` syntax to dynamic imports: `loadChildren: () => import('path').then(m => m.Module)`.,1,,Migration,Angular,JavaScript,,,,,
npm,@openrewrite/recipes-angular,,1.8.0,org.openrewrite.angular.migration.replace-node-sass-with-sass,Replace `node-sass` with `sass`,Replaces the deprecated `node-sass` package with `sass` (Dart Sass). Angular 12 requires Dart Sass; `node-sass` is no longer supported.,3,,Migration,Angular,JavaScript,,,,,
npm,@openrewrite/recipes-angular,,1.8.0,org.openrewrite.angular.migration.replace-router-link-with-href,Replace `RouterLinkWithHref` with `RouterLink`,Replaces `RouterLinkWithHref` with `RouterLink` in imports and usages. `RouterLinkWithHref` was merged into `RouterLink` in Angular 16.,1,,Migration,Angular,JavaScript,,,,,
npm,@openrewrite/recipes-angular,,1.8.0,org.openrewrite.angular.migration.replace-testbed-get-with-inject,Replace `TestBed.get()` with `TestBed.inject()`,Replaces deprecated `TestBed.get()` calls with `TestBed.inject()`. `TestBed.get()` was deprecated in Angular 9 and removed in Angular 13.,1,,Migration,Angular,JavaScript,,,,,
npm,@openrewrite/recipes-angular,,1.8.0,org.openrewrite.angular.migration.replace-untyped-forms,Replace form classes with untyped variants,"Renames `FormControl`, `FormGroup`, `FormArray`, and `FormBuilder` to their `Untyped*` equivalents in imports and usages. Angular 14 introduced strictly typed forms, requiring existing untyped usages to migrate to the `Untyped*` aliases. Classes used in parameterized type positions (e.g. `FormGroup<T>`) are left unchanged because the user already opted into typed forms.",1,,Migration,Angular,JavaScript,,,,,
npm,@openrewrite/recipes-angular,,1.8.0,org.openrewrite.angular.migration.replace-validator-with-validators,Replace `validator`/`asyncValidator` with plural forms,Renames the deprecated singular `validator` and `asyncValidator` property names to `validators` and `asyncValidators` (plural). Angular 10 deprecated the singular forms in favor of `AbstractControlOptions`.,1,,Migration,Angular,JavaScript,,,,,
npm,@openrewrite/recipes-angular,,1.8.0,org.openrewrite.angular.migration.replace-view-encapsulation-native,Replace `ViewEncapsulation.Native` with `ViewEncapsulation.ShadowDom`,Replaces `ViewEncapsulation.Native` with `ViewEncapsulation.ShadowDom`. `ViewEncapsulation.Native` was deprecated in Angular 6 and removed in Angular 11.,1,,Migration,Angular,JavaScript,,,,,
npm,@openrewrite/recipes-angular,,1.8.0,org.openrewrite.angular.migration.update-component-template-url,Update component `templateUrl`,Updates the `templateUrl` property value in Angular `@Component` decorators. Useful for refactoring template file paths or standardizing path conventions.,1,,Migration,Angular,JavaScript,,,,,"[{""name"":""oldTemplateUrl"",""displayName"":""Old template URL"",""description"":""The template URL to replace. Can be an exact path (e.g., `./old.html`) or a pattern."",""example"":""./old-template.html"",""required"":true},{""name"":""newTemplateUrl"",""displayName"":""New template URL"",""description"":""The new template URL to use."",""example"":""./new-template.html"",""required"":true},{""name"":""useRegex"",""displayName"":""Use regex pattern"",""description"":""If `true`, treats `oldTemplateUrl` as a regex pattern and supports capture groups in `newTemplateUrl`. Default: `false`"",""example"":""true"",""value"":false}]"
npm,@openrewrite/recipes-angular,,1.8.0,org.openrewrite.angular.migration.update-tsconfig-module,Update `tsconfig.json` module settings for Ivy,"Updates `compilerOptions.module` to `esnext` and `compilerOptions.moduleResolution` to `node` in `tsconfig.json`. Angular 9's Ivy compiler requires ES module format. Already-current values like `es2020`, `node16`, `nodenext`, or `bundler` are left unchanged.",1,,Migration,Angular,JavaScript,,,,,
npm,@openrewrite/recipes-angular,,1.8.0,org.openrewrite.angular.migration.update-tsconfig-target,Update `tsconfig.json` target to `es2017`,"Updates the `compilerOptions.target` in `tsconfig.json` from `es5`, `es2015`, or `es2016` to `es2017`. Angular 13 dropped IE11 support and requires at least ES2017.",1,,Migration,Angular,JavaScript,,,,,
npm,@openrewrite/recipes-angular,,1.8.0,org.openrewrite.angular.search.find-analyze-for-entry-components-usage,Find deprecated `ANALYZE_FOR_ENTRY_COMPONENTS` usage,Finds usages of the deprecated `ANALYZE_FOR_ENTRY_COMPONENTS` injection token from `@angular/core`. `ANALYZE_FOR_ENTRY_COMPONENTS` was deprecated in Angular 9 and removed in Angular 13.,1,,Search,Angular,JavaScript,,,,,
npm,@openrewrite/recipes-angular,,1.8.0,org.openrewrite.angular.search.find-angular-decorator,Find Angular decorators,"Finds all Angular decorators like @Component, @Directive, @Injectable, etc.",1,,Search,Angular,JavaScript,,,,,
npm,@openrewrite/recipes-angular,,1.8.0,org.openrewrite.angular.search.find-angular-http-usage,Find removed `@angular/http` usage,"Finds imports from the `@angular/http` module, which was deprecated in Angular 5 and removed in Angular 8. Use `@angular/common/http` (`HttpClient`, `HttpClientModule`) instead.",1,,Search,Angular,JavaScript,,,,,
npm,@openrewrite/recipes-angular,,1.8.0,org.openrewrite.angular.search.find-animation-driver-matches-element,Find `AnimationDriver.matchesElement` usage,"Finds imports of `AnimationDriver` from `@angular/animations/browser`, which had its `matchesElement` method removed in Angular 18.",1,,Search,Angular,JavaScript,,,,,
npm,@openrewrite/recipes-angular,,1.8.0,org.openrewrite.angular.search.find-async-test-helper-usage,Find deprecated `async` test helper usage,Finds usages of the deprecated `async` test helper from `@angular/core/testing`. The `async` function was deprecated in Angular 11 and should be replaced with `waitForAsync`.,1,,Search,Angular,JavaScript,,,,,
npm,@openrewrite/recipes-angular,,1.8.0,org.openrewrite.angular.search.find-bare-module-with-providers,Find `ModuleWithProviders` without generic type,"Finds imports of `ModuleWithProviders` from `@angular/core`. Starting in Angular 10, `ModuleWithProviders` requires a generic type parameter (e.g. `ModuleWithProviders<MyModule>`). Ensure all usages specify the module type.",1,,Search,Angular,JavaScript,,,,,
npm,@openrewrite/recipes-angular,,1.8.0,org.openrewrite.angular.search.find-browser-transfer-state-module-usage,Find `BrowserTransferStateModule` usage,Finds usages of `BrowserTransferStateModule` from `@angular/platform-browser` which was removed in Angular 16. `TransferState` can be used directly without this module.,1,,Search,Angular,JavaScript,,,,,
npm,@openrewrite/recipes-angular,,1.8.0,org.openrewrite.angular.search.find-common-module-usage,Find `CommonModule` usage,"Finds imports of `CommonModule` from `@angular/common`. Since Angular 19, standalone components are the default and `CommonModule` is no longer needed in component `imports` arrays. Built-in directives and pipes are available automatically.",1,,Search,Angular,JavaScript,,,,,
npm,@openrewrite/recipes-angular,,1.8.0,org.openrewrite.angular.search.find-compiler-factory-usage,Find View Engine API usage,"Finds usages of View Engine APIs from `@angular/core` (`CompilerFactory`, `Compiler`, `CompilerOptions`, `ModuleWithComponentFactories`, `NgModuleFactory`, `NgModuleFactoryLoader`) which were deprecated in Angular 13.",1,,Search,Angular,JavaScript,,,,,
npm,@openrewrite/recipes-angular,,1.8.0,org.openrewrite.angular.search.find-date-pipe-default-timezone-usage,Find `DATE_PIPE_DEFAULT_TIMEZONE` usage,Finds usages of `DATE_PIPE_DEFAULT_TIMEZONE` which was deprecated in Angular 15. Use `DATE_PIPE_DEFAULT_OPTIONS` with a `{timezone: '...'}` object value instead.,1,,Search,Angular,JavaScript,,,,,
npm,@openrewrite/recipes-angular,,1.8.0,org.openrewrite.angular.search.find-effect-timing-usage,Find `effect()` usage affected by Angular 19 timing changes,"Finds `effect()` calls from `@angular/core`. In Angular 19, effects triggered outside change detection now run as part of the change detection process instead of as a microtask, and effects triggered during change detection run earlier, before the component's template.",1,,Search,Angular,JavaScript,,,,,
npm,@openrewrite/recipes-angular,,1.8.0,org.openrewrite.angular.search.find-empty-projectable-nodes,Find `createComponent` calls with empty `projectableNodes`,"Finds `createComponent()` calls that pass empty arrays in `projectableNodes`. In Angular 19, passing an empty array now renders the default `ng-content` fallback content. To suppress fallback content, pass `[document.createTextNode('')]` instead.",1,,Search,Angular,JavaScript,,,,,
npm,@openrewrite/recipes-angular,,1.8.0,org.openrewrite.angular.search.find-fake-async-usage,Find zone.js-dependent test helper usage,"Finds `fakeAsync()`, `tick()`, and `waitForAsync()` calls from `@angular/core/testing`. These zone.js-dependent test helpers are incompatible with Vitest, the default test runner in Angular 21. Migrate to native async/await patterns instead.",1,,Search,Angular,JavaScript,,,,,
npm,@openrewrite/recipes-angular,,1.8.0,org.openrewrite.angular.search.find-hammer-js-usage,Find HammerJS usage,Finds `HammerModule` imports and HammerJS references. Angular has deprecated HammerJS support and it will be removed in Angular 21.,1,,Search,Angular,JavaScript,,,,,
npm,@openrewrite/recipes-angular,,1.8.0,org.openrewrite.angular.search.find-i18n-usage,Find i18n usage,"Finds i18n usage indicators: legacy i18n configuration in `angular.json` (`i18nLocale`, `i18nFile`, `i18nFormat`, `i18nMissingTranslation`), `$localize` tagged template literals, and `@angular/localize` imports. Projects with these markers need `@angular/localize` installed and `import '@angular/localize/init'` in `polyfills.ts` for Angular 9+.",3,,Search,Angular,JavaScript,,,,,
npm,@openrewrite/recipes-angular,,1.8.0,org.openrewrite.angular.search.find-karma-usage,Find Karma test runner usage,Finds Karma test runner configuration in package.json dependencies and angular.json test builder. Angular 21 replaces Karma with Vitest as the default test runner.,1,,Search,Angular,JavaScript,,,,,
npm,@openrewrite/recipes-angular,,1.8.0,org.openrewrite.angular.search.find-load-children-string-usage,Find deprecated string-based `loadChildren` usage,Finds usages of the deprecated string-based `loadChildren` syntax (e.g. `loadChildren: './path/to/module#ModuleName'`). String-based lazy loading was deprecated in Angular 8 and removed in Angular 11. Use dynamic imports instead: `loadChildren: () => import('./path/to/module').then(m => m.ModuleName)`.,1,,Search,Angular,JavaScript,,,,,
npm,@openrewrite/recipes-angular,,1.8.0,org.openrewrite.angular.search.find-missing-injectable,Find classes with DI dependencies but missing `@Injectable()`,Finds classes that have constructor parameters (suggesting dependency injection) but lack an `@Injectable()` or other Angular class-level decorator. Angular 9 with Ivy requires an explicit `@Injectable()` decorator for all services that use dependency injection.,1,,Search,Angular,JavaScript,,,,,
npm,@openrewrite/recipes-angular,,1.8.0,org.openrewrite.angular.search.find-ng-class-usage,Find `NgClass` usage,Finds imports of `NgClass` from `@angular/common`. The `ngClass` directive is soft deprecated in Angular 21 in favor of native `[class.*]` bindings.,1,,Search,Angular,JavaScript,,,,,
npm,@openrewrite/recipes-angular,,1.8.0,org.openrewrite.angular.search.find-ng-style-usage,Find `NgStyle` usage,Finds imports of `NgStyle` from `@angular/common`. The `ngStyle` directive is soft deprecated in Angular 21 in favor of native `[style.*]` bindings.,1,,Search,Angular,JavaScript,,,,,
npm,@openrewrite/recipes-angular,,1.8.0,org.openrewrite.angular.search.find-path-match-type-usage,Find `pathMatch` route properties that may need type narrowing,"Finds `pathMatch` property assignments in route configurations. In Angular 14, the `pathMatch` type was narrowed from `string` to `'full' | 'prefix'`. Routes defined as plain objects without explicit `Route` or `Routes` typing may fail type checking.",1,,Search,Angular,JavaScript,,,,,
npm,@openrewrite/recipes-angular,,1.8.0,org.openrewrite.angular.search.find-platform-dynamic-server-usage,Find `platformDynamicServer` usage,"Finds usages of the removed `platformDynamicServer` API from `@angular/platform-server`. In Angular 18, replace with `platformServer` and add `import '@angular/compiler'`.",1,,Search,Angular,JavaScript,,,,,
npm,@openrewrite/recipes-angular,,1.8.0,org.openrewrite.angular.search.find-platform-webworker-usage,Find removed `@angular/platform-webworker` usage,"Finds imports from `@angular/platform-webworker` and `@angular/platform-webworker-dynamic`, which were removed in Angular 8 with no direct replacement.",1,,Search,Angular,JavaScript,,,,,
npm,@openrewrite/recipes-angular,,1.8.0,org.openrewrite.angular.search.find-platform-worker-usage,Find `isPlatformWorkerUi` and `isPlatformWorkerApp` usage,"Finds usages of the removed `isPlatformWorkerUi` and `isPlatformWorkerApp` APIs from `@angular/common`. These were removed in Angular 18 with no replacement, as they served no purpose since the removal of the WebWorker platform.",1,,Search,Angular,JavaScript,,,,,
npm,@openrewrite/recipes-angular,,1.8.0,org.openrewrite.angular.search.find-preserve-fragment-usage,Find deprecated `preserveFragment` usage,Finds usages of the deprecated `preserveFragment` navigation option. `preserveFragment` was deprecated in Angular 4 and removed in Angular 11. Fragments are now preserved by default.,1,,Search,Angular,JavaScript,,,,,
npm,@openrewrite/recipes-angular,,1.8.0,org.openrewrite.angular.search.find-preserve-query-params-usage,Find deprecated `preserveQueryParams` usage,Finds usages of the deprecated `preserveQueryParams` navigation option. `preserveQueryParams` was deprecated in Angular 4 and removed in Angular 11. Use `queryParamsHandling: 'preserve'` instead.,1,,Search,Angular,JavaScript,,,,,
npm,@openrewrite/recipes-angular,,1.8.0,org.openrewrite.angular.search.find-provided-in-deprecated-usage,Find deprecated `providedIn` values,Finds usages of `providedIn: 'any'` and `providedIn: NgModule` in `@Injectable` and `InjectionToken` declarations. These were deprecated in Angular 15. Use `providedIn: 'root'` or add the service to `NgModule.providers` instead.,1,,Search,Angular,JavaScript,,,,,
npm,@openrewrite/recipes-angular,,1.8.0,org.openrewrite.angular.search.find-reflective-injector-usage,Find `ReflectiveInjector` usage,Finds usages of `ReflectiveInjector` which was removed in Angular 16. Use `Injector.create` as a replacement.,1,,Search,Angular,JavaScript,,,,,
npm,@openrewrite/recipes-angular,,1.8.0,org.openrewrite.angular.search.find-render-application-usage,Find `renderApplication` usage,Finds usages of `renderApplication` from `@angular/platform-server`. In Angular 16 the signature changed: it no longer accepts a root component as the first argument. Use a bootstrapping function that returns `Promise<ApplicationRef>` instead.,1,,Search,Angular,JavaScript,,,,,
npm,@openrewrite/recipes-angular,,1.8.0,org.openrewrite.angular.search.find-render-component-type-usage,Find deprecated `RenderComponentType` usage,"Finds imports of the deprecated `RenderComponentType` from `@angular/core`. `RenderComponentType` was part of the View Engine API, deprecated in Angular 4, and removed in Angular 9.",1,,Search,Angular,JavaScript,,,,,
npm,@openrewrite/recipes-angular,,1.8.0,org.openrewrite.angular.search.find-render-module-factory-usage,Find `renderModuleFactory` usage,Finds usages of `renderModuleFactory` from `@angular/platform-server` which was removed in Angular 16. Use `renderModule` instead.,1,,Search,Angular,JavaScript,,,,,
npm,@openrewrite/recipes-angular,,1.8.0,org.openrewrite.angular.search.find-renderer-usage,Find deprecated `Renderer` usage,Finds imports of the deprecated `Renderer` from `@angular/core`. `Renderer` was deprecated in Angular 4 and removed in Angular 9. Users should use `Renderer2` instead.,1,,Search,Angular,JavaScript,,,,,
npm,@openrewrite/recipes-angular,,1.8.0,org.openrewrite.angular.search.find-resource-cache-provider-usage,Find `RESOURCE_CACHE_PROVIDER` usage,Finds usages of the removed `RESOURCE_CACHE_PROVIDER` from `@angular/platform-browser-dynamic`. This unused API was removed in Angular 18.,1,,Search,Angular,JavaScript,,,,,
npm,@openrewrite/recipes-angular,,1.8.0,org.openrewrite.angular.search.find-root-renderer-usage,Find deprecated `RootRenderer` usage,"Finds imports of the deprecated `RootRenderer` from `@angular/core`. `RootRenderer` was part of the View Engine API, deprecated in Angular 4, and removed in Angular 9. Use `RendererFactory2` instead.",1,,Search,Angular,JavaScript,,,,,
npm,@openrewrite/recipes-angular,,1.8.0,org.openrewrite.angular.search.find-rxjs-compat-usage,Find RxJS 5-style imports requiring `rxjs-compat`,"Finds imports using RxJS 5-style deep import paths (e.g. `rxjs/Observable`, `rxjs/add/operator/map`) that require the `rxjs-compat` package. These should be migrated to RxJS 6+ import paths before removing `rxjs-compat`.",1,,Search,Angular,JavaScript,,,,,
npm,@openrewrite/recipes-angular,,1.8.0,org.openrewrite.angular.search.find-server-transfer-state-module-usage,Find `ServerTransferStateModule` usage,"Finds usages of the removed `ServerTransferStateModule` from `@angular/platform-server`. In Angular 18, `TransferState` works without providing this module.",1,,Search,Angular,JavaScript,,,,,
npm,@openrewrite/recipes-angular,,1.8.0,org.openrewrite.angular.search.find-setup-testing-router-usage,Find `setupTestingRouter` usage,Finds usages of the removed `setupTestingRouter` function from `@angular/router/testing`. This function was removed in Angular 17. Use `RouterModule.forRoot` or `provideRouter` to set up the Router for tests instead.,1,,Search,Angular,JavaScript,,,,,
npm,@openrewrite/recipes-angular,,1.8.0,org.openrewrite.angular.search.find-testability-pending-request-usage,Find removed Testability pending request methods,"Finds imports of `Testability` from `@angular/core`, which had `increasePendingRequestCount`, `decreasePendingRequestCount`, and `getPendingRequestCount` removed in Angular 18. These are now tracked with zones.",1,,Search,Angular,JavaScript,,,,,
npm,@openrewrite/recipes-angular,,1.8.0,org.openrewrite.angular.search.find-undecorated-angular-class,Find undecorated classes with Angular features,"Finds classes that use Angular member decorators (`@Input`, `@Output`, `@ViewChild`, etc.) or implement lifecycle hooks (`ngOnInit`, `ngOnDestroy`, etc.) but lack a class-level Angular decorator. Angular 9 with Ivy requires all classes using Angular features to have an explicit decorator.",1,,Search,Angular,JavaScript,,,,,
npm,@openrewrite/recipes-angular,,1.8.0,org.openrewrite.angular.search.find-with-no-dom-reuse-usage,Find `withNoDomReuse` usage,"Finds usages of the removed `withNoDomReuse` function from `@angular/platform-browser`. This function was removed in Angular 17. To disable hydration, remove the `provideClientHydration()` call from your providers or use the `ngSkipHydration` attribute on specific components.",1,,Search,Angular,JavaScript,,,,,
npm,@openrewrite/recipes-angular,,1.8.0,org.openrewrite.angular.search.find-wrapped-value-usage,Find deprecated `WrappedValue` usage,Finds usages of the deprecated `WrappedValue` from `@angular/core`. `WrappedValue` was deprecated in Angular 11 and removed in Angular 13.,1,,Search,Angular,JavaScript,,,,,
npm,@openrewrite/recipes-angular,,1.8.0,org.openrewrite.angular.search.find-zone-js-usage,Find zone.js usage,"Finds zone.js imports and NgZone references. Angular 20 supports zoneless change detection via `provideZonelessChangeDetection()`, making zone.js optional.",1,,Search,Angular,JavaScript,,,,,
npm,@openrewrite/recipes-angular,,1.8.0,org.openrewrite.primeng.AddPrimengProvider,Add `providePrimeNG` with a detected theme preset to the root NgModule,"Wires the v18 styled mode into an NgModule-based app by adding `providePrimeNG({ theme: { preset: <Preset> } })` to the root `@NgModule`'s providers array (detected by the presence of a `bootstrap:` field). The preset is chosen by scanning `angular.json` for a `primeng/resources/themes/<themeName>/theme.css` entry: `lara-*` maps to Lara, `md-*`/`mdc-*` to Material, `nora`/`nano` to Nora, and any other v17 theme (mira, nova, saga, vela, soho, fluent, viva, rhea, tailwind, bootstrap4, arya, luna, ...) falls back to Aura. The matching imports for `providePrimeNG` and the chosen preset are added automatically. Also deletes the now-defunct `primeng/resources` style entries from `angular.json` so the build doesn't try to load missing files. Idempotent: skips files that already call `providePrimeNG`.",2,,,PrimeNG,JavaScript,,,,,
npm,@openrewrite/recipes-angular,,1.8.0,org.openrewrite.primeng.MarkDeprecatedPrimengComponents,Mark deprecated PrimeNG components with TODO comments,"For every TS file that imports a component / module deprecated in PrimeNG 18 (`TabMenu`, `Steps`, `InlineMessage`, `TabView`, `pDefer`), prepends a TODO comment to the import describing the recommended v18 replacement and writes a row to the `ManualMigrationSteps` data table. The import itself is left intact — these modules still exist in v18 but their replacements have different APIs that require manual migration.",1,,,PrimeNG,JavaScript,,,,,
npm,@openrewrite/recipes-angular,,1.8.0,org.openrewrite.primeng.MarkDeprecatedPrimengCssClasses,Mark deprecated PrimeNG CSS classes with TODO comments,"For every HTML template that references a CSS class removed in PrimeNG 18 (`.p-link`, `.p-highlight`, `.p-fluid`), inserts a `<!-- TODO: ... -->` comment immediately before the offending element and writes a row to the `ManualMigrationSteps` data table. The class itself is left in place — the replacements are context-dependent (component-specific selectors, the new `fluid` input, etc.) and need a human or AI agent to apply.",1,,,PrimeNG,JavaScript,,,,,
npm,@openrewrite/recipes-angular,,1.8.0,org.openrewrite.primeng.MarkDrawerSize,Mark `<p-drawer>` / `<p-sidebar>` `size` usages with TODO comments,"Inserts an HTML `<!-- TODO: ... -->` comment before any `<p-drawer>` or `<p-sidebar>` element that binds the removed `size` input, and records the site in the `ManualMigrationSteps` data table. Both `[size]=""...""` and `size=""...""` attribute forms are matched. The attribute is left untouched — the v18 replacement (responsive CSS via `[style]` / `styleClass`) depends on the desired layout and needs manual review.",1,,,PrimeNG,JavaScript,,,,,
npm,@openrewrite/recipes-angular,,1.8.0,org.openrewrite.primeng.MarkRemovedPrimengModules,Mark imports of removed PrimeNG modules with TODO stubs,"For each `import` of a PrimeNG module that no longer exists in v18 (`primeng/chips`, `primeng/tristatecheckbox`, `primeng/messages`, `primeng/dataviewlayoutoptions`), replaces the broken import statement with a `const <Name>: any = null;` stub annotated by a TODO comment that describes the v18 replacement. Also strips the corresponding entries from `@NgModule` `imports`, `declarations`, and `exports` arrays since Angular's compiler rejects `null` values there. Each flagged site is also recorded in the `ManualMigrationSteps` data table so downstream tooling can enumerate the remaining work.",1,,,PrimeNG,JavaScript,,,,,
npm,@openrewrite/recipes-angular,,1.8.0,org.openrewrite.primeng.MigrateMessagesToMessageLoop,Migrate `<p-messages>` to `<p-message>` with `@for` loop,Rewrites `<p-messages [value]="expr">…</p-messages>` to `@for (msg of expr; track msg) { <p-message [severity]="msg.severity" [text]="msg.detail"></p-message> }`. The `Messages` component was removed in PrimeNG 18 in favor of looping over the new `Message` component. Each rewritten site is recorded in the `ManualMigrationSteps` data table for follow-up review.,1,,,PrimeNG,JavaScript,,,,,
npm,@openrewrite/recipes-angular,,1.8.0,org.openrewrite.primeng.MigratePFluidToWrapper,Migrate `.p-fluid` to `<p-fluid>` wrapper,Rewrites `<div class="…p-fluid…">…</div>` to `<p-fluid class="…">…</p-fluid>` and adds a `FluidModule` import from `primeng/fluid` to the corresponding component file. PrimeNG 18 removed the `.p-fluid` CSS class; the `<p-fluid>` wrapper component is its replacement.,3,,,PrimeNG,JavaScript,,,,,
npm,@openrewrite/recipes-angular,,1.8.0,org.openrewrite.primeng.MigratePrimeNGSignalAssignments,Migrate `PrimeNG` config field assignments to `.set()`,"In PrimeNG 18, fields on the `PrimeNG` config service like `ripple`, `inputStyle`, `inputVariant`, and `csp` are `WritableSignal<T>` rather than plain fields. Direct assignment (`service.ripple = true`) no longer compiles. This recipe rewrites such assignments to use the signal's `set()` method (`service.ripple.set(true)`) when the file imports `PrimeNG` from `primeng/config`.",1,,,PrimeNG,JavaScript,,,,,
npm,@openrewrite/recipes-angular,,1.8.0,org.openrewrite.primeng.MigratePrimeNgConfigToPrimeNG,Migrate `PrimeNGConfig` to `PrimeNG`,"Renames the `PrimeNGConfig` import from `primeng/api` to `PrimeNG` from `primeng/config`, renames all identifier usages, and flags injection sites that should be migrated to `providePrimeNG()` in application providers.",4,,,PrimeNG,JavaScript,,,,,
npm,@openrewrite/recipes-angular,,1.8.0,org.openrewrite.primeng.RenameCalendarToDatePicker,Rename `Calendar` to `DatePicker`,"Renames `Calendar` and `CalendarModule` imports from `primeng/calendar` to `DatePicker` and `DatePickerModule` from `primeng/datepicker`, and updates all identifier usages. The old names are deprecated in PrimeNG 18.",4,,,PrimeNG,JavaScript,,,,,
npm,@openrewrite/recipes-angular,,1.8.0,org.openrewrite.primeng.RenameDropdownToSelect,Rename `Dropdown` to `Select`,"Renames `Dropdown` and `DropdownModule` imports from `primeng/dropdown` to `Select` and `SelectModule` from `primeng/select`, and updates all identifier usages. The old names are deprecated in PrimeNG 18.",4,,,PrimeNG,JavaScript,,,,,
npm,@openrewrite/recipes-angular,,1.8.0,org.openrewrite.primeng.RenameInputSwitchToToggleSwitch,Rename `InputSwitch` to `ToggleSwitch`,"Renames `InputSwitch` and `InputSwitchModule` imports from `primeng/inputswitch` to `ToggleSwitch` and `ToggleSwitchModule` from `primeng/toggleswitch`, and updates all identifier usages. The old names are deprecated in PrimeNG 18.",4,,,PrimeNG,JavaScript,,,,,
npm,@openrewrite/recipes-angular,,1.8.0,org.openrewrite.primeng.RenameMessageInterface,Rename `Message` interface to `ToastMessageOptions`,Renames the `Message` interface import from `primeng/api` to `ToastMessageOptions` and updates all identifier usages. The `Message` interface was renamed in PrimeNG 18 due to name collision with the `Message` component.,3,,,PrimeNG,JavaScript,,,,,
npm,@openrewrite/recipes-angular,,1.8.0,org.openrewrite.primeng.RenameOverlayPanelToPopover,Rename `OverlayPanel` to `Popover`,"Renames `OverlayPanel` and `OverlayPanelModule` imports from `primeng/overlaypanel` to `Popover` and `PopoverModule` from `primeng/popover`, and updates all identifier usages. The old names are deprecated in PrimeNG 18.",4,,,PrimeNG,JavaScript,,,,,
npm,@openrewrite/recipes-angular,,1.8.0,org.openrewrite.primeng.RenameSidebarToDrawer,Rename `Sidebar` to `Drawer`,"Renames `Sidebar` and `SidebarModule` imports from `primeng/sidebar` to `Drawer` and `DrawerModule` from `primeng/drawer`, and updates all identifier usages. The old names are deprecated in PrimeNG 18.",4,,,PrimeNG,JavaScript,,,,,
npm,@openrewrite/recipes-angular,,1.8.0,org.openrewrite.primeng.RenameTemplateSelectors,Rename PrimeNG selectors in HTML templates to their v18 equivalents,"Renames v17 PrimeNG component selectors in `.html` templates to their v18 names: `<p-calendar>` → `<p-datepicker>`, `<p-dropdown>` → `<p-select>`, `<p-inputSwitch>` → `<p-toggleSwitch>`, `<p-overlayPanel>` → `<p-popover>`, `<p-sidebar>` → `<p-drawer>`. Both opening and closing tags are rewritten.",1,,,PrimeNG,JavaScript,,,,,
npm,@openrewrite/recipes-angular,,1.8.0,org.openrewrite.primeng.UpgradeComponentsTo18,Upgrade PrimeNG components to 18,"Handles component renames, deprecations, and removals for PrimeNG 18. Renames Calendar to DatePicker, Dropdown to Select, InputSwitch to ToggleSwitch, OverlayPanel to Popover, and Sidebar to Drawer (TS imports + identifier usages + HTML selectors). Migrates the `Messages` template usage to the `<p-message>` + `@for` loop. Marks removed modules (Chips, TriStateCheckbox, Messages, DataViewLayoutOptions, pAnimate) with TODO stubs, marks deprecated components (TabMenu, Steps, InlineMessage, TabView, pDefer) with TODO comments on their imports, and marks deprecated CSS classes (`.p-link`, `.p-highlight`, `.p-fluid`) and `<p-drawer>`/`<p-sidebar>` `size` usages with HTML TODO comments. All marked sites are written to the `ManualMigrationSteps` data table.",33,,,PrimeNG,JavaScript,,,,,
npm,@openrewrite/recipes-angular,,1.8.0,org.openrewrite.primeng.UpgradeTo18,Upgrade to PrimeNG 18,"Migrates PrimeNG 17.x applications to PrimeNG 18. Renames components, migrates `PrimeNGConfig` to `PrimeNG` (with signal-backed setters), comments out the obsolete `primeng/resources` style entries in `angular.json`, wires `providePrimeNG({ theme: { preset: Aura } })` into the root NgModule and adds `@primeng/themes` to `package.json`. Anything that can't be deterministically migrated (removed-and-no-direct-replacement components, deprecated CSS classes, structural template changes) gets a TODO comment in source plus a row in the `ManualMigrationSteps` data table for an agent or human to finish.",143,,,PrimeNG,JavaScript,,,,,
npm,@openrewrite/recipes-nodejs,,0.47.3,org.openrewrite.node.migrate.buffer.replace-deprecated-slice,Replace deprecated `Buffer.slice()` with `Buffer.subarray()`,Replace deprecated `buffer.slice()` calls with `buffer.subarray()` for compatibility with Uint8Array.prototype.slice().,1,,,Migrate,Node.js,,,,,
npm,@openrewrite/recipes-nodejs,,0.47.3,org.openrewrite.node.migrate.buffer.replace-slow-buffer,Replace deprecated `SlowBuffer` with `Buffer.allocUnsafeSlow()`,"Replace deprecated `new SlowBuffer(size)` calls with `Buffer.allocUnsafeSlow(size)`. SlowBuffer was used to create un-pooled Buffer instances, but has been removed in favor of the explicit Buffer.allocUnsafeSlow() method.",1,,,Migrate,Node.js,,,,,
npm,@openrewrite/recipes-nodejs,,0.47.3,org.openrewrite.node.migrate.crypto.find-create-cipher,Find deprecated `crypto.createCipher()` and `crypto.createDecipher()` usage,`crypto.createCipher()` and `crypto.createDecipher()` were deprecated in Node.js 10 (DEP0106) and removed in Node.js 22. Use `crypto.createCipheriv()` and `crypto.createDecipheriv()` instead.,1,,,Migrate,Node.js,,,,,
npm,@openrewrite/recipes-nodejs,,0.47.3,org.openrewrite.node.migrate.crypto.replace-crypto-fips,Replace deprecated `crypto.fips` with `crypto.getFips()` and `crypto.setFips()`,Replace deprecated `crypto.fips` property access with `crypto.getFips()` for reads and `crypto.setFips(value)` for writes.,1,,,Migrate,Node.js,,,,,
npm,@openrewrite/recipes-nodejs,,0.47.3,org.openrewrite.node.migrate.crypto.replace-hash-constructor,Replace deprecated `new crypto.Hash()` and `new crypto.Hmac()` with factory methods,"Replace deprecated `new crypto.Hash(algorithm)` constructor calls with `crypto.createHash(algorithm)` and `new crypto.Hmac(algorithm, key)` with `crypto.createHmac(algorithm, key)` factory methods.",1,,,Migrate,Node.js,,,,,
npm,@openrewrite/recipes-nodejs,,0.47.3,org.openrewrite.node.migrate.find-process-assert,Find deprecated `process.assert()` usage,`process.assert()` was deprecated in Node.js 10 (DEP0100) and removed in Node.js 23. Use the `assert` module instead.,1,,,Migrate,Node.js,,,,,
npm,@openrewrite/recipes-nodejs,,0.47.3,org.openrewrite.node.migrate.find-punycode-usage,Find deprecated `punycode` module usage,The `punycode` built-in module was deprecated in Node.js 21 (DEP0040). Use the userland `punycode` package from npm or `url.domainToASCII`/`url.domainToUnicode` instead.,1,,,Migrate,Node.js,,,,,
npm,@openrewrite/recipes-nodejs,,0.47.3,org.openrewrite.node.migrate.fs.replace-dirent-path,Replace `dirent.path` with `dirent.parentPath`,Replaces deprecated `dirent.path` property access with `dirent.parentPath` on `fs.Dirent` instances to address DEP0178 deprecation.,1,,,Migrate,Node.js,,,,,
npm,@openrewrite/recipes-nodejs,,0.47.3,org.openrewrite.node.migrate.fs.replace-fs-access-constants,"Replace deprecated `fs.F_OK`, `fs.R_OK`, `fs.W_OK`, `fs.X_OK` with `fs.constants.*`","Replace deprecated file access constants (`fs.F_OK`, `fs.R_OK`, `fs.W_OK`, `fs.X_OK`) with their equivalents from `fs.constants`. These constants were removed in Node.js v24+ and should be accessed through the constants namespace.",1,,,Migrate,Node.js,,,,,
npm,@openrewrite/recipes-nodejs,,0.47.3,org.openrewrite.node.migrate.fs.replace-fs-truncate-fd,Replace `fs.truncate()` with file descriptor to `fs.ftruncate()`,"Replace deprecated `fs.truncate(fd, ...)` and `fs.truncateSync(fd, ...)` calls with `fs.ftruncate(fd, ...)` and `fs.ftruncateSync(fd, ...)` when the first argument is a file descriptor (number).",1,,,Migrate,Node.js,,,,,
npm,@openrewrite/recipes-nodejs,,0.47.3,org.openrewrite.node.migrate.fs.replace-stats-constructor,Replace deprecated `fs.Stats` constructor with object literal,Replace deprecated `new fs.Stats()` constructor calls with an object literal containing Stats properties initialized to undefined.,1,,,Migrate,Node.js,,,,,
npm,@openrewrite/recipes-nodejs,,0.47.3,org.openrewrite.node.migrate.http.replace-outgoing-message-headers,Replace `OutgoingMessage._headers` and `._headerNames` with public methods,"Replace deprecated `OutgoingMessage.prototype._headers` with `getHeaders()`, `setHeader()`, `removeHeader()` and `OutgoingMessage.prototype._headerNames` with `getHeaderNames()` to address DEP0066 deprecation.",1,,,Migrate,Node.js,,,,,
npm,@openrewrite/recipes-nodejs,,0.47.3,org.openrewrite.node.migrate.increase-node-engine-version,Increase Node.js engine version,"Raises the lower bound of the `engines.node` version range in package.json to the specified Node.js version, performing a hard cutover that drops support for older, end-of-life versions (`22.x` → `24.x`, `>= 22` → `>= 24`). The original constraint style is preserved where possible and the version is never lowered.",1,,,Migrate,Node.js,,,,,"[{""name"":""version"",""displayName"":""Version"",""description"":""The Node.js major version to allow, e.g. 20 or 22."",""example"":""22"",""required"":true}]"
npm,@openrewrite/recipes-nodejs,,0.47.3,org.openrewrite.node.migrate.increase-node-engine-version-in-github-actions,Increase Node.js version in GitHub Actions,Increases `node-version` in `actions/setup-node` steps in GitHub Actions workflows. Only modifies plain major version values (e.g. `20`) and x-ranges (e.g. `20.x`). Never decreases the version.,1,,,Migrate,Node.js,,,,,"[{""name"":""version"",""displayName"":""Version"",""description"":""The Node.js major version to set, e.g. 20 or 22."",""example"":""22"",""required"":true}]"
npm,@openrewrite/recipes-nodejs,,0.47.3,org.openrewrite.node.migrate.net.remove-set-simultaneous-accepts,Remove deprecated `net._setSimultaneousAccepts()`,Remove calls to deprecated `net._setSimultaneousAccepts()` which was an undocumented internal function that is no longer necessary.,1,,,Migrate,Node.js,,,,,
npm,@openrewrite/recipes-nodejs,,0.47.3,org.openrewrite.node.migrate.process.coerce-process-exit-code,Coerce `process.exit()` and `process.exitCode` to integer,Wraps non-integer values passed to `process.exit()` or assigned to `process.exitCode` with `Math.trunc()` to avoid the DEP0164 deprecation warning about implicit coercion to integer.,1,,,Migrate,Node.js,,,,,
npm,@openrewrite/recipes-nodejs,,0.47.3,org.openrewrite.node.migrate.process.remove-usage-of-features-tls-underscore_constants,Remove usage of deprecated `process.features.tls_*` properties,"Remove references to deprecated `process.features.tls_*` properties, replace with `process.features.tls`.",1,,,Migrate,Node.js,,,,,
npm,@openrewrite/recipes-nodejs,,0.47.3,org.openrewrite.node.migrate.stream.replace-internal-modules,Replace deprecated `node:_stream_*` with `node:stream`,Replace deprecated internal stream module imports like `require('node:_stream_readable')` with the public `node:stream` module.,1,,,Migrate,Node.js,,,,,
npm,@openrewrite/recipes-nodejs,,0.47.3,org.openrewrite.node.migrate.timers.find-timers-active,Find deprecated `timers.active()` and `timers._unrefActive()` usage,`timers.active()` (DEP0126) and `timers._unrefActive()` (DEP0127) were deprecated and removed in Node.js 24. Use `timeout.refresh()` instead.,1,,,Migrate,Node.js,,,,,
npm,@openrewrite/recipes-nodejs,,0.47.3,org.openrewrite.node.migrate.tls.find-tls-secure-pair,Find deprecated `tls.SecurePair` and `tls.createSecurePair()` usage,`tls.SecurePair` (DEP0043) and `tls.createSecurePair()` (DEP0064) were deprecated and removed in Node.js 24. Use `tls.TLSSocket` instead.,1,,,Migrate,Node.js,,,,,
npm,@openrewrite/recipes-nodejs,,0.47.3,org.openrewrite.node.migrate.tls.replace-internal-modules,Replace deprecated `node:_tls_common` and `node:_tls_wrap` with `node:tls`,Replace deprecated internal TLS module imports `require('node:_tls_common')` and `require('node:_tls_wrap')` with the public `node:tls` module.,1,,,Migrate,Node.js,,,,,
npm,@openrewrite/recipes-nodejs,,0.47.3,org.openrewrite.node.migrate.upgrade-node-22,Upgrade to Node.js 22,Migrate deprecated APIs for Node.js 22 compatibility. Addresses Node 22 runtime deprecations and deprecations from earlier versions.,13,,,Migrate,Node.js,,,,,
npm,@openrewrite/recipes-nodejs,,0.47.3,org.openrewrite.node.migrate.upgrade-node-24,Upgrade to Node.js 24,"Migrate deprecated APIs for Node.js 24 compatibility. Includes all migrations from Node.js 22, plus Node 23 and Node 24 deprecations.",25,,,Migrate,Node.js,,,,,
npm,@openrewrite/recipes-nodejs,,0.47.3,org.openrewrite.node.migrate.util.remove-promisify-on-promise,Remove unnecessary `util.promisify()` on Promise-returning functions,"Removes `util.promisify()` calls on functions that already return a Promise. Since Node.js v17.0.0, calling promisify on a function that returns a Promise emits a runtime deprecation warning (DEP0174).",1,,,Migrate,Node.js,,,,,
npm,@openrewrite/recipes-nodejs,,0.47.3,org.openrewrite.node.migrate.util.replace-is-webassembly-compiled-module,Replace deprecated `util.types.isWebAssemblyCompiledModule()`,Replace `util.types.isWebAssemblyCompiledModule(value)` with `value instanceof WebAssembly.Module`.,1,,,Migrate,Node.js,,,,,
npm,@openrewrite/recipes-nodejs,,0.47.3,org.openrewrite.node.migrate.util.replace-util-extend,Replace deprecated `util._extend()` with `Object.assign()`,"Replace deprecated `util._extend(target, source)` calls with `Object.assign(target, source)` which preserves the mutation behavior.",1,,,Migrate,Node.js,,,,,
npm,@openrewrite/recipes-nodejs,,0.47.3,org.openrewrite.node.migrate.util.replace-util-log,Replace deprecated `util.log()` with `console.log()`,"Replace deprecated `util.log()` calls with `console.log()`. Note: `util.log()` included timestamps, but `console.log()` does not.",1,,,Migrate,Node.js,,,,,
npm,@openrewrite/recipes-nodejs,,0.47.3,org.openrewrite.node.migrate.util.use-native-type-checking-methods,Replace deprecated `util.isX()` methods with native JavaScript,The `util` module's type-checking methods have been removed in Node 22.,1,,,Migrate,Node.js,,,,,
npm,@openrewrite/recipes-nodejs,,0.47.3,org.openrewrite.node.migrate.zlib.replace-bytes-read,Replace deprecated `zlib.bytesRead` with `zlib.bytesWritten`,Replace deprecated `bytesRead` property on zlib streams with `bytesWritten`.,1,,,Migrate,Node.js,,,,,
npm,@openrewrite/recipes-react,,0.4.1,org.openrewrite.javascript.cleanup.simplify-object-pattern-property,Simplify object pattern properties,"Simplifies object destructuring patterns where the property name and variable name are the same (e.g., `{ x: x }` becomes `{ x }`).",1,,,Cleanup,JavaScript,,,,,
npm,@openrewrite/recipes-react,,0.4.1,org.openrewrite.react.16.error-boundaries,Rename `unstable_handleError` to `componentDidCatch`,Renames the unstable error boundary method to the official `componentDidCatch` API introduced in React 16.,1,React 16,Migrate,React,JavaScript,,,,,
npm,@openrewrite/recipes-react,,0.4.1,org.openrewrite.react.16.find-dom-node,Replace `getDOMNode()` with `React.findDOMNode()`,Migrates deprecated `getDOMNode()` calls to `React.findDOMNode()`.,1,React 16,Migrate,React,JavaScript,,,,,
npm,@openrewrite/recipes-react,,0.4.1,org.openrewrite.react.16.react-dom-factories,Replace `React.DOM` factories with `createElement`,"Converts deprecated `React.DOM.xxx()` factory calls to `React.createElement('xxx', ...)`.",1,React 16,Migrate,React,JavaScript,,,,,
npm,@openrewrite/recipes-react,,0.4.1,org.openrewrite.react.16.react-prop-types,Move `React.PropTypes` to `prop-types` package,Extracts PropTypes usage from the React namespace to the separate `prop-types` package introduced in React 15.5.,1,React 16,Migrate,React,JavaScript,,,,,
npm,@openrewrite/recipes-react,,0.4.1,org.openrewrite.react.16.react-to-react-dom,Split `React` DOM methods to `ReactDOM`,Moves DOM-specific methods like `React.render()` and `React.findDOMNode()` to `ReactDOM` from the `react-dom` package.,1,React 16,Migrate,React,JavaScript,,,,,
npm,@openrewrite/recipes-react,,0.4.1,org.openrewrite.react.16.replace-create-factory,Replace `React.createFactory` with `React.createElement`,"Replaces `React.createFactory(type)(props, children)` with `React.createElement(type, props, children)`. React.createFactory was deprecated in React 15.6 and removed in React 16.",1,React 16,Migrate,React,JavaScript,,,,,
npm,@openrewrite/recipes-react,,0.4.1,org.openrewrite.react.17.remove-event-persist,Remove `event.persist()` calls,"Removes `event.persist()` calls. React 17 removed event pooling, making persist() unnecessary.",1,React 17,Migrate,React,JavaScript,,,,,
npm,@openrewrite/recipes-react,,0.4.1,org.openrewrite.react.17.rename-unsafe-lifecycles,Add `UNSAFE_` prefix to deprecated lifecycle methods,"Renames `componentWillMount`, `componentWillReceiveProps`, and `componentWillUpdate` to their UNSAFE_ prefixed versions.",1,React 17,Migrate,React,JavaScript,,,,,
npm,@openrewrite/recipes-react,,0.4.1,org.openrewrite.react.17.update-react-imports,Remove unnecessary React imports,"Removes the default `import React from 'react'` when React is only used for JSX, which is no longer necessary with the new JSX transform in React 17+.",1,React 17,Migrate,React,JavaScript,,,,,
npm,@openrewrite/recipes-react,,0.4.1,org.openrewrite.react.18.remove-unstable-batched-updates,Remove `unstable_batchedUpdates`,"Removes `unstable_batchedUpdates` wrappers from `react-dom`. React 18 automatically batches all state updates, making this function unnecessary.",1,React 18,Migrate,React,JavaScript,,,,,
npm,@openrewrite/recipes-react,,0.4.1,org.openrewrite.react.18.replace-reactdom-render,Replace `ReactDOM.render` with `createRoot`,Migrates from the legacy `ReactDOM.render()` API to the `createRoot()` API from `react-dom/client` introduced in React 18.,1,React 18,Migrate,React,JavaScript,,,,,
npm,@openrewrite/recipes-react,,0.4.1,org.openrewrite.react.18.replace-render-callback,Remove `ReactDOM.render` callback argument,"Removes the third callback argument from `ReactDOM.render(element, container, callback)` calls. Callbacks are not supported in React 18's `createRoot` API.",1,React 18,Migrate,React,JavaScript,,,,,
npm,@openrewrite/recipes-react,,0.4.1,org.openrewrite.react.18.replace-unmount-component-at-node,Replace `unmountComponentAtNode` with `createRoot().unmount()`,Replaces `ReactDOM.unmountComponentAtNode(container)` with `createRoot(container).unmount()` from `react-dom/client`.,1,React 18,Migrate,React,JavaScript,,,,,
npm,@openrewrite/recipes-react,,0.4.1,org.openrewrite.react.19.deprecated-react-types,Replace deprecated React types,"Replaces deprecated React TypeScript types (`SFC`, `StatelessComponent`, `VFC`, `VoidFunctionComponent`) with their modern equivalents.",1,React 19,Migrate,React,JavaScript,,,,,
npm,@openrewrite/recipes-react,,0.4.1,org.openrewrite.react.19.find-context-consumer,Find `Context.Consumer` usage,"Finds usage of the deprecated `<Context.Consumer>` pattern. In React 19, use the `use()` hook instead.",1,React 19,Migrate,React,JavaScript,,,,,
npm,@openrewrite/recipes-react,,0.4.1,org.openrewrite.react.19.find-deprecated-reactdom-apis,Find deprecated ReactDOM APIs,"Finds usage of deprecated or removed ReactDOM APIs (`findDOMNode`, `unmountComponentAtNode`, `createFactory`, `renderToNodeStream`) that were removed in React 19.",1,React 19,Migrate,React,JavaScript,,,,,
npm,@openrewrite/recipes-react,,0.4.1,org.openrewrite.react.19.find-element-ref,Find `element.ref` access,"Finds direct access of `element.ref` on React elements. In React 19, `element.ref` is deprecated; use `element.props.ref` instead.",1,React 19,Migrate,React,JavaScript,,,,,
npm,@openrewrite/recipes-react,,0.4.1,org.openrewrite.react.19.find-legacy-context-api,Find legacy Context API usage,"Finds usage of the legacy Context API (`contextTypes`, `childContextTypes`, `getChildContext`) that was removed in React 19. These must be migrated to `React.createContext()`.",1,React 19,Migrate,React,JavaScript,,,,,
npm,@openrewrite/recipes-react,,0.4.1,org.openrewrite.react.19.no-implicit-ref-callback-return,Remove implicit ref callback returns,"In React 19, ref callbacks can return cleanup functions. Arrow functions with expression bodies implicitly return values, which React would interpret as cleanup functions. This recipe wraps them in block bodies.",1,React 19,Migrate,React,JavaScript,,,,,
npm,@openrewrite/recipes-react,,0.4.1,org.openrewrite.react.19.remove-context-provider,Remove `Context.Provider` wrapper,"In React 19, `<Context.Provider>` is deprecated. Render `<Context>` directly as a provider instead.",1,React 19,Migrate,React,JavaScript,,,,,
npm,@openrewrite/recipes-react,,0.4.1,org.openrewrite.react.19.remove-forward-ref,Remove `React.forwardRef` wrapper,`React.forwardRef` is deprecated for Function Components in React 19. This recipe removes the `forwardRef` wrapper and converts ref to a regular prop.,1,React 19,Migrate,React,JavaScript,,,,,
npm,@openrewrite/recipes-react,,0.4.1,org.openrewrite.react.19.remove-prop-types,Remove `propTypes` assignments,Removes `Component.propTypes = {...}` assignments. PropTypes are silently ignored in React 19.,1,React 19,Migrate,React,JavaScript,,,,,
npm,@openrewrite/recipes-react,,0.4.1,org.openrewrite.react.19.remove-react-fc,Remove `React.FC` type annotation,"Removes `React.FC` and `FC` type annotations from functional components, moving the props type to the function parameter instead.",1,React 19,Migrate,React,JavaScript,,,,,
npm,@openrewrite/recipes-react,,0.4.1,org.openrewrite.react.19.replace-act-import,Replace `act` import from react-dom/test-utils,"In React 19, `act` has been moved from `react-dom/test-utils` to `react`. This recipe updates the import statement.",1,React 19,Migrate,React,JavaScript,,,,,
npm,@openrewrite/recipes-react,,0.4.1,org.openrewrite.react.19.replace-default-props,Replace `defaultProps` with default parameter values,Converts `Component.defaultProps = {...}` to ES6 default parameter values in function components. `defaultProps` for function components is deprecated in React 19.,1,React 19,Migrate,React,JavaScript,,,,,
npm,@openrewrite/recipes-react,,0.4.1,org.openrewrite.react.19.replace-react-shallow-renderer,Replace `react-test-renderer/shallow` import,"Changes import of shallow renderer from `react-test-renderer/shallow` to the standalone `react-shallow-renderer` package, as it was removed from React 19.",1,React 19,Migrate,React,JavaScript,,,,,
npm,@openrewrite/recipes-react,,0.4.1,org.openrewrite.react.19.replace-reactdom-hydrate,Replace `ReactDOM.hydrate` with `hydrateRoot`,Migrates from the legacy `ReactDOM.hydrate()` API to the `hydrateRoot()` API from `react-dom/client`.,1,React 19,Migrate,React,JavaScript,,,,,
npm,@openrewrite/recipes-react,,0.4.1,org.openrewrite.react.19.replace-string-ref,Replace string refs with callback refs,String refs are removed in React 19. This recipe converts them to callback refs.,1,React 19,Migrate,React,JavaScript,,,,,
npm,@openrewrite/recipes-react,,0.4.1,org.openrewrite.react.19.replace-use-form-state,Replace `useFormState` with `useActionState`,"In React 19, `useFormState` from `react-dom` has been renamed to `useActionState` and moved to `react`.",1,React 19,Migrate,React,JavaScript,,,,,
npm,@openrewrite/recipes-react,,0.4.1,org.openrewrite.react.19.use-context-hook,Replace `useContext` with `use`,"In React 19, `useContext` is replaced by the `use` API. This recipe updates both direct and namespace imports.",1,React 19,Migrate,React,JavaScript,,,,,
npm,@openrewrite/recipes-react,,0.4.1,org.openrewrite.react.19.use-ref-required-initial,Add initial value to `useRef()` calls,Adds `undefined` as initial argument to `useRef()` calls with no arguments. Required by `@types/react` 19.,1,React 19,Migrate,React,JavaScript,,,,,
npm,@openrewrite/recipes-react,,0.4.1,org.openrewrite.react.migrate.upgrade-to-react-16,Upgrade to React 16,"Migrate deprecated APIs for React 16 compatibility. Includes PropTypes extraction, ReactDOM split, DOM factory replacement, createFactory replacement, and error boundary API updates.",11,,Migrate,React,JavaScript,,,,,
npm,@openrewrite/recipes-react,,0.4.1,org.openrewrite.react.migrate.upgrade-to-react-17,Upgrade to React 17,"Migrate deprecated APIs for React 17 compatibility. Includes all React 16 migrations plus lifecycle method prefixing, import cleanup, and event.persist() removal.",19,,Migrate,React,JavaScript,,,,,
npm,@openrewrite/recipes-react,,0.4.1,org.openrewrite.react.migrate.upgrade-to-react-18,Upgrade to React 18,"Migrate deprecated APIs for React 18 compatibility. Includes all React 16 and 17 migrations plus the createRoot API migration, removal of unstable_batchedUpdates, unmountComponentAtNode replacement, and render callback removal.",28,,Migrate,React,JavaScript,,,,,
npm,@openrewrite/recipes-react,,0.4.1,org.openrewrite.react.migrate.upgrade-to-react-19,Upgrade to React 19,"Migrate deprecated and removed APIs for React 19 compatibility. This includes removing forwardRef, updating Context.Provider usage, replacing useContext with use, and other breaking changes.",47,,Migrate,React,JavaScript,,,,,
npm,@openrewrite/recipes-react,,0.4.1,org.openrewrite.react.migration.change-component-prop-value,Change React component prop value,"Changes literal prop values on React components. Useful for library upgrades where prop values were renamed (e.g., Material-UI, Ant Design).",1,,Migration,React,JavaScript,,,,,"[{""name"":""componentName"",""displayName"":""Component name"",""description"":""The name of the React component to target"",""example"":""Button"",""required"":true},{""name"":""propName"",""displayName"":""Prop name"",""description"":""The name of the prop whose value should be changed"",""example"":""variant"",""required"":true},{""name"":""oldValue"",""displayName"":""Old value"",""description"":""The old value to match. If `regex` is `true`, interpreted as a regular expression pattern. Supports `/pattern/flags` format for specifying regex flags (e.g., `/pattern/i` for case-insensitive). If not provided, matches all values."",""example"":""outlined""},{""name"":""newValue"",""displayName"":""New value"",""description"":""The new value to replace with. Can use `$1`, `$2`, etc. to reference capture groups if `regex` is `true`."",""example"":""outlined-primary"",""required"":true},{""name"":""regex"",""displayName"":""Regex"",""description"":""If `true`, `oldValue` is interpreted as a regex pattern. Capture groups can be referenced in newValue using `$1`, `$2`, etc.""}]"
npm,@openrewrite/recipes-react,,0.4.1,org.openrewrite.react.native.view-prop-types,Replace `View.propTypes` with `ViewPropTypes`,Migrates deprecated `View.propTypes` references to `ViewPropTypes` from `deprecated-react-native-prop-types`.,1,,React Native,React,JavaScript,,,,,
npm,@openrewrite/recipes-react,,0.4.1,org.openrewrite.react.refactoring.class-to-functional,Convert class components to functional components,Converts simple render-only class components to functional components.,1,,Refactoring,React,JavaScript,,,,,
npm,@openrewrite/recipes-react,,0.4.1,org.openrewrite.react.refactoring.create-class-to-es6,Convert `createClass` to ES6 class,Converts `React.createClass()` and `createReactClass()` calls to ES6 class syntax.,1,,Refactoring,React,JavaScript,,,,,
npm,@openrewrite/recipes-react,,0.4.1,org.openrewrite.react.refactoring.create-element-to-jsx,Convert `createElement` to JSX,Converts `React.createElement()` calls to JSX syntax for improved readability.,1,,Refactoring,React,JavaScript,,,,,
npm,@openrewrite/recipes-react,,0.4.1,org.openrewrite.react.refactoring.manual-bind-to-arrow,Convert manual `.bind(this)` to arrow functions,Converts `this.method = this.method.bind(this)` in constructors to class field arrow function syntax.,1,,Refactoring,React,JavaScript,,,,,
npm,@openrewrite/recipes-react,,0.4.1,org.openrewrite.react.refactoring.pure-render-mixin,Remove `PureRenderMixin`,Removes `PureRenderMixin` from `React.createClass` mixins and adds an explicit `shouldComponentUpdate` method.,1,,Refactoring,React,JavaScript,,,,,
npm,@openrewrite/recipes-react,,0.4.1,org.openrewrite.react.refactoring.sort-comp,Sort React component methods,Reorders React component methods to follow the recommended lifecycle ordering convention.,1,,Refactoring,React,JavaScript,,,,,
npm,@openrewrite/recipes-react,,0.4.1,org.openrewrite.react.search.find-hook-usage,Find React hook usage,"Finds all React hook usages including built-in and custom hooks, and detects Rules of Hooks violations.",1,,Search,React,JavaScript,,,,,
npm,@openrewrite/recipes-react,,0.4.1,org.openrewrite.react.search.find-prop-usage,Find React prop usage,"Finds all prop usages on React JSX elements, with optional filtering by component and prop name.",1,,Search,React,JavaScript,,,,,"[{""name"":""componentName"",""displayName"":""Component name"",""description"":""Optional component name to filter (e.g., 'Button'). If not specified, finds props on all components."",""example"":""Button""},{""name"":""propName"",""displayName"":""Prop name"",""description"":""Optional prop name to filter (e.g., 'onClick'). If not specified, finds all props."",""example"":""onClick""}]"
npm,@openrewrite/recipes-react,,0.4.1,org.openrewrite.react.search.find-react-component,Find React component,"Finds all usages of a specific React component including imports, JSX elements, and exports.",1,,Search,React,JavaScript,,,,,"[{""name"":""componentName"",""displayName"":""Component name"",""description"":""The name of the React component to find (e.g., 'Button', 'TextField')"",""example"":""Button"",""required"":true},{""name"":""importPath"",""displayName"":""Import path"",""description"":""Optional module path to narrow the search (e.g., '@mui/material'). Supports glob patterns."",""example"":""@mui/material""}]"
npm,@openrewrite/recipes-react,,0.4.1,org.openrewrite.react.search.find-server-rendering-usage,Find server-side rendering API usage,"Finds usage of React server-side rendering APIs from `react-dom/server` including `renderToString`, `renderToStaticMarkup`, `renderToNodeStream`, and `renderToStaticNodeStream` to help plan SSR migration.",1,,Search,React,JavaScript,,,,,
npm,@openrewrite/recipes-react,,0.4.1,org.openrewrite.react.simplify-react-imports,Simplify `React.xxx` to direct imports,"Converts `React.useState`, `React.useEffect`, and other React namespace accesses to direct named imports.",1,,,React,JavaScript,,,,,
npm,@openrewrite/rewrite,,8.88.4,org.openrewrite.javascript.change-import,Change import,"Changes an import from one module/member to another, updating all type attributions.",1,,,,JavaScript,,,,,"[{""name"":""oldModule"",""displayName"":""Old module"",""description"":""The module to change imports from"",""example"":""react-dom/test-utils"",""required"":true},{""name"":""oldMember"",""displayName"":""Old member"",""description"":""The member to change (or 'default' for default imports, '*' for namespace imports)"",""example"":""act"",""required"":true},{""name"":""newModule"",""displayName"":""New module"",""description"":""The module to change imports to"",""example"":""react"",""required"":true},{""name"":""newMember"",""displayName"":""New member"",""description"":""The new member name. If not specified, keeps the same member name."",""example"":""act""},{""name"":""newAlias"",""displayName"":""New alias"",""description"":""Optional alias for the new import. Required when newMember is 'default' or '*'.""}]"
npm,@openrewrite/rewrite,,8.88.4,org.openrewrite.javascript.cleanup.add-parse-int-radix,Add radix to `parseInt`,"Adds the radix parameter (base 10) to `parseInt()` calls that are missing it, preventing potential parsing issues.",1,,,Cleanup,JavaScript,,,,,
npm,@openrewrite/rewrite,,8.88.4,org.openrewrite.javascript.cleanup.async-callback-in-sync-array-method,Detect async callbacks in synchronous array methods,"Detects async callbacks passed to array methods like .some(), .every(), .filter() which don't await promises. This is a common bug where Promise objects are always truthy.",1,,,,JavaScript,,,,,
npm,@openrewrite/rewrite,,8.88.4,org.openrewrite.javascript.cleanup.order-imports,Order imports,"Sort imports by category and module path. Categories: side-effect, namespace, default, named, type. Within each category, imports are sorted alphabetically by module path. Named specifiers within each import are also sorted alphabetically.",1,,,,JavaScript,,,,,
npm,@openrewrite/rewrite,,8.88.4,org.openrewrite.javascript.cleanup.prefer-optional-chain,Prefer optional chaining,Converts ternary expressions like `foo ? foo.bar : undefined` to use optional chaining syntax `foo?.bar`.,1,,,Cleanup,JavaScript,,,,,
npm,@openrewrite/rewrite,,8.88.4,org.openrewrite.javascript.cleanup.use-object-property-shorthand,Use object property shorthand,"Simplifies object properties where the property name and value/variable name are the same (e.g., `{ x: x }` becomes `{ x }`). Applies to both destructuring patterns and object literals.",1,,,Cleanup,JavaScript,,,,,
npm,@openrewrite/rewrite,,8.88.4,org.openrewrite.javascript.dependencies.find-dependency,Find Node.js dependency,Finds dependencies in a project's `package.json`. Can find both direct dependencies and dependencies that transitively include the target package. This recipe is commonly used as a precondition for other recipes.,1,,,Search,JavaScript,,,,,"[{""name"":""packageName"",""displayName"":""Package name"",""description"":""The name of the npm package to find. Supports glob patterns."",""example"":""lodash"",""required"":true},{""name"":""version"",""displayName"":""Version"",""description"":""An exact version number or semver selector used to select the version number. Leave empty to match any version."",""example"":""^18.0.0""},{""name"":""onlyDirect"",""displayName"":""Only direct dependencies"",""description"":""If true (default), only matches dependencies that directly match the package name. If false, also marks direct dependencies that have the target package as a transitive dependency."",""example"":""true"",""value"":true}]"
npm,@openrewrite/rewrite,,8.88.4,org.openrewrite.javascript.format.auto-format,Auto-format JavaScript/TypeScript code,Format JavaScript and TypeScript code using formatting rules auto-detected from the project's existing code style.,1,,,,JavaScript,,,,,
npm,@openrewrite/rewrite,,8.88.4,org.openrewrite.javascript.migrate.es6.modernize-octal-escape-sequences,Modernize octal escape sequences,"Convert old-style octal escape sequences (e.g., `\0`, `\123`) to modern hex escape sequences (e.g., `\x00`, `\x53`) or Unicode escape sequences (e.g., `\u0000`, `\u0053`).",1,,ES6 (JavaScript 2015),Migrate,JavaScript,,,,,"[{""name"":""useUnicodeEscapes"",""displayName"":""Use Unicode escapes"",""description"":""Use Unicode escape sequences (`\\uXXXX`) instead of hex escape sequences (`\\xXX`). Default is `false`."",""example"":""true"",""value"":false}]"
npm,@openrewrite/rewrite,,8.88.4,org.openrewrite.javascript.migrate.es6.modernize-octal-literals,Modernize octal literals,"Convert old-style octal literals (e.g., `0777`) to modern ES6 syntax (e.g., `0o777`).",1,,ES6 (JavaScript 2015),Migrate,JavaScript,,,,,
npm,@openrewrite/rewrite,,8.88.4,org.openrewrite.javascript.migrate.es6.remove-duplicate-object-keys,Remove duplicate object keys,"Remove duplicate keys in object literals, keeping only the last occurrence (last-wins semantics).",1,,ES6 (JavaScript 2015),Migrate,JavaScript,,,,,
npm,@openrewrite/rewrite,,8.88.4,org.openrewrite.javascript.migrate.typescript.export-assignment-to-export-default,Convert `export =` to `export default`,Converts TypeScript `export =` syntax to ES module `export default` syntax for compatibility with ECMAScript modules.,1,,TypeScript,Migrate,JavaScript,,Migrate JavaScript code to TypeScript.,,,
nuget,OpenRewrite.Recipes.CSharp.CodeQuality,,0.4.0,OpenRewrite.Recipes.CSharp.CodeQuality.CodeQuality,Code quality,"All C# code quality recipes, organized by category.",386,,,Code Quality,C#,,,Recipes for improving C# code quality,,
nuget,OpenRewrite.Recipes.CSharp.CodeQuality,,0.4.0,OpenRewrite.Recipes.CSharp.CodeQuality.Formatting.AddNewLineAfterOpeningBrace,Add newline after opening brace,Add newline after opening brace so the first statement starts on its own line.,1,,Formatting,Code Quality,C#,,Code formatting,Recipes for improving C# code quality,,
nuget,OpenRewrite.Recipes.CSharp.CodeQuality,,0.4.0,OpenRewrite.Recipes.CSharp.CodeQuality.Formatting.AddNewLineBeforeReturn,Add newline before return,Add a blank line before return statements that follow other statements.,1,,Formatting,Code Quality,C#,,Code formatting,Recipes for improving C# code quality,,
nuget,OpenRewrite.Recipes.CSharp.CodeQuality,,0.4.0,OpenRewrite.Recipes.CSharp.CodeQuality.Formatting.AddParagraphToDocComment,Add paragraph to documentation comment,Format multi-line documentation comments with paragraph elements.,1,,Formatting,Code Quality,C#,,Code formatting,Recipes for improving C# code quality,,
nuget,OpenRewrite.Recipes.CSharp.CodeQuality,,0.4.0,OpenRewrite.Recipes.CSharp.CodeQuality.Formatting.AddParameterToDocComment,Add parameter name to documentation comment,Add missing param elements to XML documentation comments.,1,,Formatting,Code Quality,C#,,Code formatting,Recipes for improving C# code quality,,
nuget,OpenRewrite.Recipes.CSharp.CodeQuality,,0.4.0,OpenRewrite.Recipes.CSharp.CodeQuality.Formatting.AddSummaryElementToDocComment,Add summary to documentation comment,Add summary text to documentation comments with empty summary elements.,1,,Formatting,Code Quality,C#,,Code formatting,Recipes for improving C# code quality,,
nuget,OpenRewrite.Recipes.CSharp.CodeQuality,,0.4.0,OpenRewrite.Recipes.CSharp.CodeQuality.Formatting.AddSummaryToDocComment,Add summary element to documentation comment,Add missing summary element to XML documentation comments.,1,,Formatting,Code Quality,C#,,Code formatting,Recipes for improving C# code quality,,
nuget,OpenRewrite.Recipes.CSharp.CodeQuality,,0.4.0,OpenRewrite.Recipes.CSharp.CodeQuality.Formatting.AddTypeParamToDocComment,Add 'typeparam' element to documentation comment,Add missing 'typeparam' elements to XML documentation comments.,1,,Formatting,Code Quality,C#,,Code formatting,Recipes for improving C# code quality,,
nuget,OpenRewrite.Recipes.CSharp.CodeQuality,,0.4.0,OpenRewrite.Recipes.CSharp.CodeQuality.Formatting.FixDocCommentTag,Fix documentation comment tag,Replace inline <code> elements with <c> elements in XML documentation comments.,1,,Formatting,Code Quality,C#,,Code formatting,Recipes for improving C# code quality,,
nuget,OpenRewrite.Recipes.CSharp.CodeQuality,,0.4.0,OpenRewrite.Recipes.CSharp.CodeQuality.Formatting.FormatAccessorList,Format accessor list,Format property accessor list for consistent whitespace.,1,,Formatting,Code Quality,C#,,Code formatting,Recipes for improving C# code quality,,
nuget,OpenRewrite.Recipes.CSharp.CodeQuality,,0.4.0,OpenRewrite.Recipes.CSharp.CodeQuality.Formatting.FormatDocumentationSummary,Format documentation summary,Format XML documentation summary on a single line or multiple lines.,1,,Formatting,Code Quality,C#,,Code formatting,Recipes for improving C# code quality,,
nuget,OpenRewrite.Recipes.CSharp.CodeQuality,,0.4.0,OpenRewrite.Recipes.CSharp.CodeQuality.Formatting.FormatSwitchSection,Format switch section,Ensure consistent formatting of switch sections.,1,,Formatting,Code Quality,C#,,Code formatting,Recipes for improving C# code quality,,
nuget,OpenRewrite.Recipes.CSharp.CodeQuality,,0.4.0,OpenRewrite.Recipes.CSharp.CodeQuality.Formatting.FormattingCodeQuality,Formatting code quality,Code formatting recipes for C#.,15,,Formatting,Code Quality,C#,,Code formatting,Recipes for improving C# code quality,,
nuget,OpenRewrite.Recipes.CSharp.CodeQuality,,0.4.0,OpenRewrite.Recipes.CSharp.CodeQuality.Formatting.InvalidDocCommentReference,Invalid reference in a documentation comment,Find invalid cref or paramref references in XML documentation comments.,1,,Formatting,Code Quality,C#,,Code formatting,Recipes for improving C# code quality,,
nuget,OpenRewrite.Recipes.CSharp.CodeQuality,,0.4.0,OpenRewrite.Recipes.CSharp.CodeQuality.Formatting.NormalizeWhitespace,Normalize whitespace,Normalize whitespace for consistent formatting.,1,,Formatting,Code Quality,C#,,Code formatting,Recipes for improving C# code quality,,
nuget,OpenRewrite.Recipes.CSharp.CodeQuality,,0.4.0,OpenRewrite.Recipes.CSharp.CodeQuality.Formatting.OrderDocCommentElements,Order elements in documentation comment,Order param/typeparam elements to match declaration order.,1,,Formatting,Code Quality,C#,,Code formatting,Recipes for improving C# code quality,,
nuget,OpenRewrite.Recipes.CSharp.CodeQuality,,0.4.0,OpenRewrite.Recipes.CSharp.CodeQuality.Linq.CombineLinqMethods,Combine LINQ methods,"Combine `.Where(predicate).First()` and similar patterns into `.First(predicate)`, and consecutive `.Where().Where()` calls into a single `.Where()` with a combined predicate. Eliminating intermediate LINQ calls improves readability.",1,,LINQ,Code Quality,C#,,Optimize LINQ method calls,Recipes for improving C# code quality,,
nuget,OpenRewrite.Recipes.CSharp.CodeQuality,,0.4.0,OpenRewrite.Recipes.CSharp.CodeQuality.Linq.FindOptimizeCountUsage,Find Count() comparison that could be optimized,Detect `Count(pred) == n` and `Count() > n` comparisons which could use `Where().Take(n+1).Count()` or `Skip(n).Any()` for better performance.,1,,LINQ,Code Quality,C#,,Optimize LINQ method calls,Recipes for improving C# code quality,,
nuget,OpenRewrite.Recipes.CSharp.CodeQuality,,0.4.0,OpenRewrite.Recipes.CSharp.CodeQuality.Linq.FindWhereBeforeOrderBy,Use Where before OrderBy,Place `.Where()` before `.OrderBy()` to filter elements before sorting. This reduces the number of items that need to be sorted.,1,,LINQ,Code Quality,C#,,Optimize LINQ method calls,Recipes for improving C# code quality,,
nuget,OpenRewrite.Recipes.CSharp.CodeQuality,,0.4.0,OpenRewrite.Recipes.CSharp.CodeQuality.Linq.LinqCodeQuality,LINQ code quality,Optimize LINQ method calls for better readability and performance.,24,,LINQ,Code Quality,C#,,Optimize LINQ method calls,Recipes for improving C# code quality,,
nuget,OpenRewrite.Recipes.CSharp.CodeQuality,,0.4.0,OpenRewrite.Recipes.CSharp.CodeQuality.Linq.OptimizeLinqSelectAverage,Optimize LINQ Select().Average(),Replace `items.Select(selector).Average()` with `items.Average(selector)`.,1,,LINQ,Code Quality,C#,,Optimize LINQ method calls,Recipes for improving C# code quality,,
nuget,OpenRewrite.Recipes.CSharp.CodeQuality,,0.4.0,OpenRewrite.Recipes.CSharp.CodeQuality.Linq.OptimizeLinqSelectMax,Optimize LINQ Select().Max(),Replace `items.Select(selector).Max()` with `items.Max(selector)`. Passing the selector directly to `Max` avoids an intermediate iterator.,1,,LINQ,Code Quality,C#,,Optimize LINQ method calls,Recipes for improving C# code quality,,
nuget,OpenRewrite.Recipes.CSharp.CodeQuality,,0.4.0,OpenRewrite.Recipes.CSharp.CodeQuality.Linq.OptimizeLinqSelectMin,Optimize LINQ Select().Min(),Replace `items.Select(selector).Min()` with `items.Min(selector)`. Passing the selector directly to `Min` avoids an intermediate iterator.,1,,LINQ,Code Quality,C#,,Optimize LINQ method calls,Recipes for improving C# code quality,,
nuget,OpenRewrite.Recipes.CSharp.CodeQuality,,0.4.0,OpenRewrite.Recipes.CSharp.CodeQuality.Linq.OptimizeLinqSelectSum,Optimize LINQ Select().Sum(),Replace `items.Select(selector).Sum()` with `items.Sum(selector)`.,1,,LINQ,Code Quality,C#,,Optimize LINQ method calls,Recipes for improving C# code quality,,
nuget,OpenRewrite.Recipes.CSharp.CodeQuality,,0.4.0,OpenRewrite.Recipes.CSharp.CodeQuality.Linq.OptimizeLinqWhereAny,Optimize LINQ Where().Any(),Replace `items.Where(predicate).Any()` with `items.Any(predicate)`. Passing the predicate directly to `Any` avoids an intermediate iterator.,1,,LINQ,Code Quality,C#,,Optimize LINQ method calls,Recipes for improving C# code quality,,
nuget,OpenRewrite.Recipes.CSharp.CodeQuality,,0.4.0,OpenRewrite.Recipes.CSharp.CodeQuality.Linq.OptimizeLinqWhereCount,Optimize LINQ Where().Count(),Replace `items.Where(predicate).Count()` with `items.Count(predicate)`. Passing the predicate directly to `Count` avoids an intermediate iterator.,1,,LINQ,Code Quality,C#,,Optimize LINQ method calls,Recipes for improving C# code quality,,
nuget,OpenRewrite.Recipes.CSharp.CodeQuality,,0.4.0,OpenRewrite.Recipes.CSharp.CodeQuality.Linq.OptimizeLinqWhereCountLong,Optimize LINQ Where().LongCount(),Replace `.Where(predicate).LongCount()` with `.LongCount(predicate)`.,1,,LINQ,Code Quality,C#,,Optimize LINQ method calls,Recipes for improving C# code quality,,
nuget,OpenRewrite.Recipes.CSharp.CodeQuality,,0.4.0,OpenRewrite.Recipes.CSharp.CodeQuality.Linq.OptimizeLinqWhereFirst,Optimize LINQ Where().First(),Replace `items.Where(predicate).First()` with `items.First(predicate)`.,1,,LINQ,Code Quality,C#,,Optimize LINQ method calls,Recipes for improving C# code quality,,
nuget,OpenRewrite.Recipes.CSharp.CodeQuality,,0.4.0,OpenRewrite.Recipes.CSharp.CodeQuality.Linq.OptimizeLinqWhereFirstOrDefault,Optimize LINQ Where().FirstOrDefault(),Replace `items.Where(predicate).FirstOrDefault()` with `items.FirstOrDefault(predicate)`.,1,,LINQ,Code Quality,C#,,Optimize LINQ method calls,Recipes for improving C# code quality,,
nuget,OpenRewrite.Recipes.CSharp.CodeQuality,,0.4.0,OpenRewrite.Recipes.CSharp.CodeQuality.Linq.OptimizeLinqWhereLast,Optimize LINQ Where().Last(),Replace `items.Where(predicate).Last()` with `items.Last(predicate)`.,1,,LINQ,Code Quality,C#,,Optimize LINQ method calls,Recipes for improving C# code quality,,
nuget,OpenRewrite.Recipes.CSharp.CodeQuality,,0.4.0,OpenRewrite.Recipes.CSharp.CodeQuality.Linq.OptimizeLinqWhereLastOrDefault,Optimize LINQ Where().LastOrDefault(),Replace `.Where(predicate).LastOrDefault()` with `.LastOrDefault(predicate)`.,1,,LINQ,Code Quality,C#,,Optimize LINQ method calls,Recipes for improving C# code quality,,
nuget,OpenRewrite.Recipes.CSharp.CodeQuality,,0.4.0,OpenRewrite.Recipes.CSharp.CodeQuality.Linq.OptimizeLinqWhereSingle,Optimize LINQ Where().Single(),Replace `items.Where(predicate).Single()` with `items.Single(predicate)`.,1,,LINQ,Code Quality,C#,,Optimize LINQ method calls,Recipes for improving C# code quality,,
nuget,OpenRewrite.Recipes.CSharp.CodeQuality,,0.4.0,OpenRewrite.Recipes.CSharp.CodeQuality.Linq.OptimizeLinqWhereSingleOrDefault,Optimize LINQ Where().SingleOrDefault(),Replace `items.Where(predicate).SingleOrDefault()` with `items.SingleOrDefault(predicate)`.,1,,LINQ,Code Quality,C#,,Optimize LINQ method calls,Recipes for improving C# code quality,,
nuget,OpenRewrite.Recipes.CSharp.CodeQuality,,0.4.0,OpenRewrite.Recipes.CSharp.CodeQuality.Linq.RemoveUselessOrderBy,Remove useless OrderBy call,"Replace `.OrderBy(a).OrderBy(b)` with `.OrderBy(b)`. A second `OrderBy` completely replaces the first sort, making the first call useless.",1,,LINQ,Code Quality,C#,,Optimize LINQ method calls,Recipes for improving C# code quality,,
nuget,OpenRewrite.Recipes.CSharp.CodeQuality,,0.4.0,OpenRewrite.Recipes.CSharp.CodeQuality.Linq.UseAnyInsteadOfCount,Use Any() instead of Count() > 0,"Replace `.Count() > 0` with `.Any()`. `Any()` short-circuits after the first match, while `Count()` enumerates all elements.",1,,LINQ,Code Quality,C#,,Optimize LINQ method calls,Recipes for improving C# code quality,,
nuget,OpenRewrite.Recipes.CSharp.CodeQuality,,0.4.0,OpenRewrite.Recipes.CSharp.CodeQuality.Linq.UseCastInsteadOfSelect,Use Cast<T>() instead of Select with cast,Replace `.Select(x => (T)x)` with `.Cast<T>()`. The `Cast<T>()` method is more concise and clearly expresses the intent.,1,,LINQ,Code Quality,C#,,Optimize LINQ method calls,Recipes for improving C# code quality,,
nuget,OpenRewrite.Recipes.CSharp.CodeQuality,,0.4.0,OpenRewrite.Recipes.CSharp.CodeQuality.Linq.UseOrderByDescendingThenByDescending,Use OrderByDescending().ThenByDescending(),Replace `.OrderByDescending(a).OrderByDescending(b)` with `.OrderByDescending(a).ThenByDescending(b)`.,1,,LINQ,Code Quality,C#,,Optimize LINQ method calls,Recipes for improving C# code quality,,
nuget,OpenRewrite.Recipes.CSharp.CodeQuality,,0.4.0,OpenRewrite.Recipes.CSharp.CodeQuality.Linq.UseOrderByThenBy,Use ThenBy instead of second OrderBy,Replace `items.OrderBy(a).OrderBy(b)` with `items.OrderBy(a).ThenBy(b)`. A second `OrderBy` discards the first sort; `ThenBy` preserves it as a secondary key.,1,,LINQ,Code Quality,C#,,Optimize LINQ method calls,Recipes for improving C# code quality,,
nuget,OpenRewrite.Recipes.CSharp.CodeQuality,,0.4.0,OpenRewrite.Recipes.CSharp.CodeQuality.Linq.UseOrderByThenByDescending,Use OrderBy().ThenByDescending(),Replace `.OrderBy(a).OrderByDescending(b)` with `.OrderBy(a).ThenByDescending(b)`.,1,,LINQ,Code Quality,C#,,Optimize LINQ method calls,Recipes for improving C# code quality,,
nuget,OpenRewrite.Recipes.CSharp.CodeQuality,,0.4.0,OpenRewrite.Recipes.CSharp.CodeQuality.Linq.UseOrderInsteadOfOrderBy,Use Order() instead of OrderBy() with identity,Replace `.OrderBy(x => x)` with `.Order()`. The `Order()` method (available since .NET 7) is a cleaner way to sort elements in their natural order.,1,,LINQ,Code Quality,C#,,Optimize LINQ method calls,Recipes for improving C# code quality,,
nuget,OpenRewrite.Recipes.CSharp.CodeQuality,,0.4.0,OpenRewrite.Recipes.CSharp.CodeQuality.Naming.AsyncMethodNameShouldEndWithAsync,Async method name should end with Async,Find async methods whose names don't end with 'Async' suffix.,1,,Naming,Code Quality,C#,,Naming conventions,Recipes for improving C# code quality,,
nuget,OpenRewrite.Recipes.CSharp.CodeQuality,,0.4.0,OpenRewrite.Recipes.CSharp.CodeQuality.Naming.FindAttributeNameShouldEndWithAttribute,Attribute name should end with 'Attribute',Classes that inherit from `System.Attribute` should have names ending with 'Attribute' by convention.,1,,Naming,Code Quality,C#,,Naming conventions,Recipes for improving C# code quality,,
nuget,OpenRewrite.Recipes.CSharp.CodeQuality,,0.4.0,OpenRewrite.Recipes.CSharp.CodeQuality.Naming.FindEventArgsNameConvention,EventArgs name should end with 'EventArgs',Classes that inherit from `System.EventArgs` should have names ending with 'EventArgs' by convention.,1,,Naming,Code Quality,C#,,Naming conventions,Recipes for improving C# code quality,,
nuget,OpenRewrite.Recipes.CSharp.CodeQuality,,0.4.0,OpenRewrite.Recipes.CSharp.CodeQuality.Naming.FindExceptionNameShouldEndWithException,Exception name should end with 'Exception',Classes that inherit from `System.Exception` should have names ending with 'Exception' by convention.,1,,Naming,Code Quality,C#,,Naming conventions,Recipes for improving C# code quality,,
nuget,OpenRewrite.Recipes.CSharp.CodeQuality,,0.4.0,OpenRewrite.Recipes.CSharp.CodeQuality.Naming.FindFixTodoComment,Find TODO/HACK/FIXME comments,"Detect TODO, HACK, UNDONE, and FIXME comments that indicate unfinished work.",1,,Naming,Code Quality,C#,,Naming conventions,Recipes for improving C# code quality,,
nuget,OpenRewrite.Recipes.CSharp.CodeQuality,,0.4.0,OpenRewrite.Recipes.CSharp.CodeQuality.Naming.NamingCodeQuality,Naming code quality,Naming convention recipes for C# code.,11,,Naming,Code Quality,C#,,Naming conventions,Recipes for improving C# code quality,,
nuget,OpenRewrite.Recipes.CSharp.CodeQuality,,0.4.0,OpenRewrite.Recipes.CSharp.CodeQuality.Naming.NonAsyncMethodNameShouldNotEndWithAsync,Non-async method should not end with Async,Find non-async methods whose names end with 'Async' suffix.,1,,Naming,Code Quality,C#,,Naming conventions,Recipes for improving C# code quality,,
nuget,OpenRewrite.Recipes.CSharp.CodeQuality,,0.4.0,OpenRewrite.Recipes.CSharp.CodeQuality.Naming.ParameterNameMatchesBase,Parameter name should match base definition,Ensure parameter names match the names used in base class or interface.,1,,Naming,Code Quality,C#,,Naming conventions,Recipes for improving C# code quality,,
nuget,OpenRewrite.Recipes.CSharp.CodeQuality,,0.4.0,OpenRewrite.Recipes.CSharp.CodeQuality.Naming.RenameParameterAccordingToConvention,Rename parameter to camelCase,Detect parameters not following camelCase naming convention.,1,,Naming,Code Quality,C#,,Naming conventions,Recipes for improving C# code quality,,
nuget,OpenRewrite.Recipes.CSharp.CodeQuality,,0.4.0,OpenRewrite.Recipes.CSharp.CodeQuality.Naming.RenamePrivateFieldAccordingToConvention,Rename private field according to _camelCase convention,Detect private fields not following _camelCase naming convention.,1,,Naming,Code Quality,C#,,Naming conventions,Recipes for improving C# code quality,,
nuget,OpenRewrite.Recipes.CSharp.CodeQuality,,0.4.0,OpenRewrite.Recipes.CSharp.CodeQuality.Naming.UseNameofOperator,Use nameof operator,Use nameof(parameter) instead of string literal for argument exception constructors.,1,,Naming,Code Quality,C#,,Naming conventions,Recipes for improving C# code quality,,
nuget,OpenRewrite.Recipes.CSharp.CodeQuality,,0.4.0,OpenRewrite.Recipes.CSharp.CodeQuality.Performance.AvoidBoxingOfValueType,Avoid boxing of value type,Avoid boxing of value type by using generic overloads or ToString().,1,,Performance,Code Quality,C#,,Performance optimizations,Recipes for improving C# code quality,,
nuget,OpenRewrite.Recipes.CSharp.CodeQuality,,0.4.0,OpenRewrite.Recipes.CSharp.CodeQuality.Performance.AvoidLockingOnPubliclyAccessible,Avoid locking on publicly accessible instance,"Avoid lock(this), lock(typeof(T)), or lock on string literals which can cause deadlocks.",1,,Performance,Code Quality,C#,,Performance optimizations,Recipes for improving C# code quality,,
nuget,OpenRewrite.Recipes.CSharp.CodeQuality,,0.4.0,OpenRewrite.Recipes.CSharp.CodeQuality.Performance.AvoidNullReferenceException,Avoid NullReferenceException,"Flag patterns that may throw NullReferenceException, such as using 'as' cast result without null check.",1,,Performance,Code Quality,C#,,Performance optimizations,Recipes for improving C# code quality,,
nuget,OpenRewrite.Recipes.CSharp.CodeQuality,,0.4.0,OpenRewrite.Recipes.CSharp.CodeQuality.Performance.BitOperationOnEnumWithoutFlags,Bitwise operation on enum without Flags attribute,Flag bitwise operations on enums that lack the Flags attribute.,1,,Performance,Code Quality,C#,,Performance optimizations,Recipes for improving C# code quality,,
nuget,OpenRewrite.Recipes.CSharp.CodeQuality,,0.4.0,OpenRewrite.Recipes.CSharp.CodeQuality.Performance.ConvertHasFlagToBitwiseOperation,Convert HasFlag to bitwise operation,Replace flags.HasFlag(value) with (flags & value) != 0.,1,,Performance,Code Quality,C#,,Performance optimizations,Recipes for improving C# code quality,,
nuget,OpenRewrite.Recipes.CSharp.CodeQuality,,0.4.0,OpenRewrite.Recipes.CSharp.CodeQuality.Performance.DoNotPassNonReadOnlyStructByReadOnlyRef,Do not pass non-read-only struct by read-only reference,Remove 'in' modifier from parameters of non-readonly struct type to avoid defensive copies.,1,,Performance,Code Quality,C#,,Performance optimizations,Recipes for improving C# code quality,,
nuget,OpenRewrite.Recipes.CSharp.CodeQuality,,0.4.0,OpenRewrite.Recipes.CSharp.CodeQuality.Performance.FindAsyncVoid,Do not use async void,"Async void methods cannot be awaited and exceptions cannot be caught. Use `async Task` instead, except for event handlers.",1,,Performance,Code Quality,C#,,Performance optimizations,Recipes for improving C# code quality,,
nuget,OpenRewrite.Recipes.CSharp.CodeQuality,,0.4.0,OpenRewrite.Recipes.CSharp.CodeQuality.Performance.FindAvoidClosureByUsingFactoryArg,Find closure in GetOrAdd that could use factory argument,Detect `ConcurrentDictionary.GetOrAdd` calls with lambdas that capture variables. Use the overload with a factory argument parameter to avoid allocation.,1,,Performance,Code Quality,C#,,Performance optimizations,Recipes for improving C# code quality,,
nuget,OpenRewrite.Recipes.CSharp.CodeQuality,,0.4.0,OpenRewrite.Recipes.CSharp.CodeQuality.Performance.FindAvoidClosureInConcurrentDictionary,Avoid closure when using ConcurrentDictionary,ConcurrentDictionary methods like `GetOrAdd` may evaluate the factory even when the key exists. Use the overload with a factory argument to avoid closure allocation.,1,,Performance,Code Quality,C#,,Performance optimizations,Recipes for improving C# code quality,,
nuget,OpenRewrite.Recipes.CSharp.CodeQuality,,0.4.0,OpenRewrite.Recipes.CSharp.CodeQuality.Performance.FindAvoidClosureInMethod,Find closure in GetOrAdd/AddOrUpdate factory,Detect closures in lambdas passed to `GetOrAdd` or `AddOrUpdate`. Use the factory overload that accepts a state argument to avoid allocations.,1,,Performance,Code Quality,C#,,Performance optimizations,Recipes for improving C# code quality,,
nuget,OpenRewrite.Recipes.CSharp.CodeQuality,,0.4.0,OpenRewrite.Recipes.CSharp.CodeQuality.Performance.FindBlockingCallsInAsync,Find blocking calls in async methods,"Detect `.Wait()`, `.Result`, and `.GetAwaiter().GetResult()` calls in async methods. Blocking calls in async methods can cause deadlocks.",1,,Performance,Code Quality,C#,,Performance optimizations,Recipes for improving C# code quality,,
nuget,OpenRewrite.Recipes.CSharp.CodeQuality,,0.4.0,OpenRewrite.Recipes.CSharp.CodeQuality.Performance.FindDoNotUseBlockingCall,Do not use blocking calls on tasks,"Avoid `.Wait()`, `.Result`, and `.GetAwaiter().GetResult()` on tasks. These can cause deadlocks. Use `await` instead.",1,,Performance,Code Quality,C#,,Performance optimizations,Recipes for improving C# code quality,,
nuget,OpenRewrite.Recipes.CSharp.CodeQuality,,0.4.0,OpenRewrite.Recipes.CSharp.CodeQuality.Performance.FindDoNotUseToStringIfObject,Do not use ToString on GetType result,Using `.GetType().ToString()` returns the full type name. Consider using `.GetType().Name` or `.GetType().FullName` instead for clarity.,1,,Performance,Code Quality,C#,,Performance optimizations,Recipes for improving C# code quality,,
nuget,OpenRewrite.Recipes.CSharp.CodeQuality,,0.4.0,OpenRewrite.Recipes.CSharp.CodeQuality.Performance.FindEqualityComparerDefaultOfString,Find EqualityComparer<string>.Default usage,Detect `EqualityComparer<string>.Default` which uses ordinal comparison. Consider using an explicit `StringComparer` instead.,1,,Performance,Code Quality,C#,,Performance optimizations,Recipes for improving C# code quality,,
nuget,OpenRewrite.Recipes.CSharp.CodeQuality,,0.4.0,OpenRewrite.Recipes.CSharp.CodeQuality.Performance.FindGetTypeOnSystemType,Find GetType() called on System.Type,Detect `typeof(T).GetType()` which returns `System.RuntimeType` instead of the expected `System.Type`. Use `typeof(T)` directly.,1,,Performance,Code Quality,C#,,Performance optimizations,Recipes for improving C# code quality,,
nuget,OpenRewrite.Recipes.CSharp.CodeQuality,,0.4.0,OpenRewrite.Recipes.CSharp.CodeQuality.Performance.FindImplicitCultureSensitiveMethods,Find implicit culture-sensitive string methods,"Detect calls to `ToLower()` and `ToUpper()` without culture parameters. These methods use the current thread culture, which may cause unexpected behavior.",1,,Performance,Code Quality,C#,,Performance optimizations,Recipes for improving C# code quality,,
nuget,OpenRewrite.Recipes.CSharp.CodeQuality,,0.4.0,OpenRewrite.Recipes.CSharp.CodeQuality.Performance.FindImplicitCultureSensitiveToString,Find implicit culture-sensitive ToString calls,"Detect `.ToString()` calls without format arguments. On numeric and DateTime types, these use the current thread culture.",1,,Performance,Code Quality,C#,,Performance optimizations,Recipes for improving C# code quality,,
nuget,OpenRewrite.Recipes.CSharp.CodeQuality,,0.4.0,OpenRewrite.Recipes.CSharp.CodeQuality.Performance.FindLinqOnDirectMethods,Find LINQ methods replaceable with direct methods,Detect LINQ methods like `.Count()` that could be replaced with direct collection properties. Direct access avoids enumeration overhead.,1,,Performance,Code Quality,C#,,Performance optimizations,Recipes for improving C# code quality,,
nuget,OpenRewrite.Recipes.CSharp.CodeQuality,,0.4.0,OpenRewrite.Recipes.CSharp.CodeQuality.Performance.FindMakeMethodStatic,Find methods that could be static,Detect private methods that don't appear to use instance members and could be marked `static` for clarity and performance.,1,,Performance,Code Quality,C#,,Performance optimizations,Recipes for improving C# code quality,,
nuget,OpenRewrite.Recipes.CSharp.CodeQuality,,0.4.0,OpenRewrite.Recipes.CSharp.CodeQuality.Performance.FindMissingCancellationToken,Find methods not forwarding CancellationToken,Detect calls to async methods that may have CancellationToken overloads but are called without one. Uses name-based heuristics.,1,,Performance,Code Quality,C#,,Performance optimizations,Recipes for improving C# code quality,,
nuget,OpenRewrite.Recipes.CSharp.CodeQuality,,0.4.0,OpenRewrite.Recipes.CSharp.CodeQuality.Performance.FindMissingStructLayout,Find structs without StructLayout attribute,Detect struct declarations without `[StructLayout]` attribute. Adding `[StructLayout(LayoutKind.Auto)]` allows the CLR to optimize field layout for better memory usage.,1,,Performance,Code Quality,C#,,Performance optimizations,Recipes for improving C# code quality,,
nuget,OpenRewrite.Recipes.CSharp.CodeQuality,,0.4.0,OpenRewrite.Recipes.CSharp.CodeQuality.Performance.FindMissingTimeoutForRegex,Add timeout to Regex,Regex without a timeout can be vulnerable to ReDoS attacks. Specify a `TimeSpan` timeout or use `RegexOptions.NonBacktracking`.,1,,Performance,Code Quality,C#,,Performance optimizations,Recipes for improving C# code quality,,
nuget,OpenRewrite.Recipes.CSharp.CodeQuality,,0.4.0,OpenRewrite.Recipes.CSharp.CodeQuality.Performance.FindMissingWithCancellation,Find missing WithCancellation on async enumerables,Detect async enumerable iteration without `.WithCancellation()`. Async enumerables should forward CancellationToken via WithCancellation.,1,,Performance,Code Quality,C#,,Performance optimizations,Recipes for improving C# code quality,,
nuget,OpenRewrite.Recipes.CSharp.CodeQuality,,0.4.0,OpenRewrite.Recipes.CSharp.CodeQuality.Performance.FindNaNComparison,Do not use NaN in comparisons,Comparing with `NaN` using `==` always returns false. Use `double.IsNaN(x)` instead.,1,,Performance,Code Quality,C#,,Performance optimizations,Recipes for improving C# code quality,,
nuget,OpenRewrite.Recipes.CSharp.CodeQuality,,0.4.0,OpenRewrite.Recipes.CSharp.CodeQuality.Performance.FindOptimizeEnumerableCountVsAny,Find LINQ Count() on materialized collection,Detect LINQ `Count()` or `Any()` on types that have a `Count` or `Length` property. Use the property directly for O(1) performance.,1,,Performance,Code Quality,C#,,Performance optimizations,Recipes for improving C# code quality,,
nuget,OpenRewrite.Recipes.CSharp.CodeQuality,,0.4.0,OpenRewrite.Recipes.CSharp.CodeQuality.Performance.FindOptimizeGuidCreation,Find Guid.Parse with constant string,Detect `Guid.Parse("...")` with constant strings. Consider using `new Guid("...")` or a static readonly field for better performance.,1,,Performance,Code Quality,C#,,Performance optimizations,Recipes for improving C# code quality,,
nuget,OpenRewrite.Recipes.CSharp.CodeQuality,,0.4.0,OpenRewrite.Recipes.CSharp.CodeQuality.Performance.FindOptimizeStartsWith,Use char overload for single-character string methods,Convert string methods with single-character string literals to use char overloads for better performance.,1,,Performance,Code Quality,C#,,Performance optimizations,Recipes for improving C# code quality,,
nuget,OpenRewrite.Recipes.CSharp.CodeQuality,,0.4.0,OpenRewrite.Recipes.CSharp.CodeQuality.Performance.FindSequenceEqualForSpan,Find Span<char> equality that should use SequenceEqual,Detect `==` and `!=` operators on `Span<char>` or `ReadOnlySpan<char>` which compare references. Use `SequenceEqual` for content comparison.,1,,Performance,Code Quality,C#,,Performance optimizations,Recipes for improving C# code quality,,
nuget,OpenRewrite.Recipes.CSharp.CodeQuality,,0.4.0,OpenRewrite.Recipes.CSharp.CodeQuality.Performance.FindSimplifyStringCreate,Find simplifiable string.Create calls,"Detect `string.Create(CultureInfo.InvariantCulture, ...)` calls that could be simplified to string interpolation when all parameters are culture-invariant.",1,,Performance,Code Quality,C#,,Performance optimizations,Recipes for improving C# code quality,,
nuget,OpenRewrite.Recipes.CSharp.CodeQuality,,0.4.0,OpenRewrite.Recipes.CSharp.CodeQuality.Performance.FindStreamReadResultNotUsed,Find unused Stream.Read return value,Detect calls to `Stream.Read` or `Stream.ReadAsync` where the return value is discarded. The return value indicates how many bytes were actually read.,1,,Performance,Code Quality,C#,,Performance optimizations,Recipes for improving C# code quality,,
nuget,OpenRewrite.Recipes.CSharp.CodeQuality,,0.4.0,OpenRewrite.Recipes.CSharp.CodeQuality.Performance.FindStringCreateInsteadOfFormattable,Find FormattableString that could use string.Create,Detect `FormattableString` usage where `string.Create` with an `IFormatProvider` could be used for better performance.,1,,Performance,Code Quality,C#,,Performance optimizations,Recipes for improving C# code quality,,
nuget,OpenRewrite.Recipes.CSharp.CodeQuality,,0.4.0,OpenRewrite.Recipes.CSharp.CodeQuality.Performance.FindStringFormatShouldBeConstant,String.Format format string should be constant,The format string passed to `string.Format` should be a compile-time constant to enable analysis and avoid runtime format errors.,1,,Performance,Code Quality,C#,,Performance optimizations,Recipes for improving C# code quality,,
nuget,OpenRewrite.Recipes.CSharp.CodeQuality,,0.4.0,OpenRewrite.Recipes.CSharp.CodeQuality.Performance.FindStringGetHashCode,Find string.GetHashCode() without StringComparer,Detect calls to `string.GetHashCode()` without a `StringComparer`. The default `GetHashCode()` may produce different results across platforms.,1,,Performance,Code Quality,C#,,Performance optimizations,Recipes for improving C# code quality,,
nuget,OpenRewrite.Recipes.CSharp.CodeQuality,,0.4.0,OpenRewrite.Recipes.CSharp.CodeQuality.Performance.FindStructWithDefaultEqualsAsKey,Find Dictionary/HashSet with struct key type,Detect `Dictionary` or `HashSet` usage with struct types as keys. Structs without overridden `Equals`/`GetHashCode` use slow reflection-based comparison.,1,,Performance,Code Quality,C#,,Performance optimizations,Recipes for improving C# code quality,,
nuget,OpenRewrite.Recipes.CSharp.CodeQuality,,0.4.0,OpenRewrite.Recipes.CSharp.CodeQuality.Performance.FindUseAttributeIsDefined,Find GetCustomAttributes that could use Attribute.IsDefined,Detect `GetCustomAttributes().Any()` or similar patterns where `Attribute.IsDefined` would be more efficient.,1,,Performance,Code Quality,C#,,Performance optimizations,Recipes for improving C# code quality,,
nuget,OpenRewrite.Recipes.CSharp.CodeQuality,,0.4.0,OpenRewrite.Recipes.CSharp.CodeQuality.Performance.FindUseContainsKeyInsteadOfTryGetValue,Use ContainsKey instead of TryGetValue with discard,"When only checking if a key exists, use `ContainsKey` instead of `TryGetValue` with a discarded out parameter.",1,,Performance,Code Quality,C#,,Performance optimizations,Recipes for improving C# code quality,,
nuget,OpenRewrite.Recipes.CSharp.CodeQuality,,0.4.0,OpenRewrite.Recipes.CSharp.CodeQuality.Performance.FindUseExplicitCaptureRegexOption,Use RegexOptions.ExplicitCapture,"Use `RegexOptions.ExplicitCapture` to avoid capturing unnamed groups, which improves performance.",1,,Performance,Code Quality,C#,,Performance optimizations,Recipes for improving C# code quality,,
nuget,OpenRewrite.Recipes.CSharp.CodeQuality,,0.4.0,OpenRewrite.Recipes.CSharp.CodeQuality.Performance.FindUseIndexerInsteadOfLinq,Find LINQ methods replaceable with indexer,Detect LINQ methods like `.First()` and `.Last()` that could be replaced with direct indexer access for better performance.,1,,Performance,Code Quality,C#,,Performance optimizations,Recipes for improving C# code quality,,
nuget,OpenRewrite.Recipes.CSharp.CodeQuality,,0.4.0,OpenRewrite.Recipes.CSharp.CodeQuality.Performance.FindUseRegexSourceGenerator,Find Regex that could use source generator,Detect `new Regex(...)` calls that could benefit from the `[GeneratedRegex]` source generator attribute for better performance (.NET 7+).,1,,Performance,Code Quality,C#,,Performance optimizations,Recipes for improving C# code quality,,
nuget,OpenRewrite.Recipes.CSharp.CodeQuality,,0.4.0,OpenRewrite.Recipes.CSharp.CodeQuality.Performance.FindUseTimeProviderOverload,Find calls that could use TimeProvider,"Detect `DateTime.UtcNow`, `DateTimeOffset.UtcNow`, and `Task.Delay` calls that could use a `TimeProvider` parameter for better testability (.NET 8+).",1,,Performance,Code Quality,C#,,Performance optimizations,Recipes for improving C# code quality,,
nuget,OpenRewrite.Recipes.CSharp.CodeQuality,,0.4.0,OpenRewrite.Recipes.CSharp.CodeQuality.Performance.FindUseValuesContainsInsteadOfValues,Find Values.Contains() instead of ContainsValue(),Detect `.Values.Contains(value)` on dictionaries. Use `.ContainsValue(value)` instead.,1,,Performance,Code Quality,C#,,Performance optimizations,Recipes for improving C# code quality,,
nuget,OpenRewrite.Recipes.CSharp.CodeQuality,,0.4.0,OpenRewrite.Recipes.CSharp.CodeQuality.Performance.MakeParameterRefReadOnly,Make parameter ref read-only,Use in parameter modifier for large struct parameters.,1,,Performance,Code Quality,C#,,Performance optimizations,Recipes for improving C# code quality,,
nuget,OpenRewrite.Recipes.CSharp.CodeQuality,,0.4.0,OpenRewrite.Recipes.CSharp.CodeQuality.Performance.OptimizeMethodCall,Optimize method call,Replace inefficient method calls with more optimal equivalents.,1,,Performance,Code Quality,C#,,Performance optimizations,Recipes for improving C# code quality,,
nuget,OpenRewrite.Recipes.CSharp.CodeQuality,,0.4.0,OpenRewrite.Recipes.CSharp.CodeQuality.Performance.OptimizeStringBuilderAppend,Optimize StringBuilder.Append usage,"Optimize StringBuilder method calls: use char overloads for single-character strings, remove redundant ToString() calls, replace string.Format with AppendFormat, and split string concatenation into chained Append calls.",1,,Performance,Code Quality,C#,,Performance optimizations,Recipes for improving C# code quality,,
nuget,OpenRewrite.Recipes.CSharp.CodeQuality,,0.4.0,OpenRewrite.Recipes.CSharp.CodeQuality.Performance.PerformanceCodeQuality,Performance code quality,Performance optimization recipes for C# code.,55,,Performance,Code Quality,C#,,Performance optimizations,Recipes for improving C# code quality,,
nuget,OpenRewrite.Recipes.CSharp.CodeQuality,,0.4.0,OpenRewrite.Recipes.CSharp.CodeQuality.Performance.ReplaceEnumToStringWithNameof,Replace Enum.ToString() with nameof,"Replace `MyEnum.Value.ToString()` with `nameof(MyEnum.Value)`. The `nameof` operator is evaluated at compile time, avoiding runtime reflection.",1,,Performance,Code Quality,C#,,Performance optimizations,Recipes for improving C# code quality,,
nuget,OpenRewrite.Recipes.CSharp.CodeQuality,,0.4.0,OpenRewrite.Recipes.CSharp.CodeQuality.Performance.ReturnCompletedTask,Return completed task instead of null,Replace return null in Task-returning methods with return Task.CompletedTask.,1,,Performance,Code Quality,C#,,Performance optimizations,Recipes for improving C# code quality,,
nuget,OpenRewrite.Recipes.CSharp.CodeQuality,,0.4.0,OpenRewrite.Recipes.CSharp.CodeQuality.Performance.ThrowingNotImplementedException,Throwing of new NotImplementedException,"Find code that throws new NotImplementedException, which may indicate unfinished implementation.",1,,Performance,Code Quality,C#,,Performance optimizations,Recipes for improving C# code quality,,
nuget,OpenRewrite.Recipes.CSharp.CodeQuality,,0.4.0,OpenRewrite.Recipes.CSharp.CodeQuality.Performance.UnnecessaryExplicitEnumerator,Remove unnecessary explicit enumerator,Use foreach instead of explicit enumerator pattern.,1,,Performance,Code Quality,C#,,Performance optimizations,Recipes for improving C# code quality,,
nuget,OpenRewrite.Recipes.CSharp.CodeQuality,,0.4.0,OpenRewrite.Recipes.CSharp.CodeQuality.Performance.UseArrayEmpty,Use Array.Empty<T>() instead of new T[0],Use Array.Empty<T>() instead of allocating empty arrays.,1,,Performance,Code Quality,C#,,Performance optimizations,Recipes for improving C# code quality,,
nuget,OpenRewrite.Recipes.CSharp.CodeQuality,,0.4.0,OpenRewrite.Recipes.CSharp.CodeQuality.Performance.UseContainsKey,Use ContainsKey instead of Keys.Contains,Replace `.Keys.Contains(key)` with `.ContainsKey(key)` on dictionaries for O(1) performance.,1,,Performance,Code Quality,C#,,Performance optimizations,Recipes for improving C# code quality,,
nuget,OpenRewrite.Recipes.CSharp.CodeQuality,,0.4.0,OpenRewrite.Recipes.CSharp.CodeQuality.Performance.UseCountProperty,Use Count/Length property instead of Count(),Replace collection.Count() with collection.Count when available.,1,,Performance,Code Quality,C#,,Performance optimizations,Recipes for improving C# code quality,,
nuget,OpenRewrite.Recipes.CSharp.CodeQuality,,0.4.0,OpenRewrite.Recipes.CSharp.CodeQuality.Performance.UseRegexIsMatch,Use Regex.IsMatch,"Replace Regex.Match(s, p).Success with Regex.IsMatch(s, p).",1,,Performance,Code Quality,C#,,Performance optimizations,Recipes for improving C# code quality,,
nuget,OpenRewrite.Recipes.CSharp.CodeQuality,,0.4.0,OpenRewrite.Recipes.CSharp.CodeQuality.Performance.UseStringBuilderAppendLine,Use StringBuilder.AppendLine,Replace `sb.Append("\n")` with `sb.AppendLine()`.,1,,Performance,Code Quality,C#,,Performance optimizations,Recipes for improving C# code quality,,
nuget,OpenRewrite.Recipes.CSharp.CodeQuality,,0.4.0,OpenRewrite.Recipes.CSharp.CodeQuality.Performance.UseStringComparison,Use StringComparison,Replace case-insensitive string comparisons using `ToLower()`/`ToUpper()` with overloads that accept `StringComparison.OrdinalIgnoreCase`.,1,,Performance,Code Quality,C#,,Performance optimizations,Recipes for improving C# code quality,,
nuget,OpenRewrite.Recipes.CSharp.CodeQuality,,0.4.0,OpenRewrite.Recipes.CSharp.CodeQuality.Performance.UseStringConcatInsteadOfJoin,Use string.Concat instead of string.Join,"Replace `string.Join("""", args)` with `string.Concat(args)`.",1,,Performance,Code Quality,C#,,Performance optimizations,Recipes for improving C# code quality,,
nuget,OpenRewrite.Recipes.CSharp.CodeQuality,,0.4.0,OpenRewrite.Recipes.CSharp.CodeQuality.Redundancy.AllBranchesIdentical,Remove if/else with identical branches,"Replace an if/else chain where every branch has the same body with just the body, since the conditions have no effect on the outcome.",1,,Redundancy,Code Quality,C#,,Remove redundant code,Recipes for improving C# code quality,,
nuget,OpenRewrite.Recipes.CSharp.CodeQuality,,0.4.0,OpenRewrite.Recipes.CSharp.CodeQuality.Redundancy.FileContainsNoCode,File contains no code,"Find files that contain no code, only using directives, comments, or whitespace.",1,,Redundancy,Code Quality,C#,,Remove redundant code,Recipes for improving C# code quality,,
nuget,OpenRewrite.Recipes.CSharp.CodeQuality,,0.4.0,OpenRewrite.Recipes.CSharp.CodeQuality.Redundancy.FindUnusedInternalType,Find internal types that may be unused,Detect `internal` (non-public) classes that may be unused. Review these types and remove them if they are no longer needed.,1,,Redundancy,Code Quality,C#,,Remove redundant code,Recipes for improving C# code quality,,
nuget,OpenRewrite.Recipes.CSharp.CodeQuality,,0.4.0,OpenRewrite.Recipes.CSharp.CodeQuality.Redundancy.RedundancyCodeQuality,Redundancy code quality,Remove redundant code from C# sources.,51,,Redundancy,Code Quality,C#,,Remove redundant code,Recipes for improving C# code quality,,
nuget,OpenRewrite.Recipes.CSharp.CodeQuality,,0.4.0,OpenRewrite.Recipes.CSharp.CodeQuality.Redundancy.RemoveArgumentListFromAttribute,Remove argument list from attribute,Remove empty argument list from attribute.,1,,Redundancy,Code Quality,C#,,Remove redundant code,Recipes for improving C# code quality,,
nuget,OpenRewrite.Recipes.CSharp.CodeQuality,,0.4.0,OpenRewrite.Recipes.CSharp.CodeQuality.Redundancy.RemoveBracesFromRecordDeclaration,Remove braces from record declaration,Remove unnecessary braces from record declarations with no body.,1,,Redundancy,Code Quality,C#,,Remove redundant code,Recipes for improving C# code quality,,
nuget,OpenRewrite.Recipes.CSharp.CodeQuality,,0.4.0,OpenRewrite.Recipes.CSharp.CodeQuality.Redundancy.RemoveDuplicateConditions,Remove duplicate conditions,"Remove else-if branches whose condition duplicates an earlier branch in the same if/else-if chain, since the later branch is dead code.",1,,Redundancy,Code Quality,C#,,Remove redundant code,Recipes for improving C# code quality,,
nuget,OpenRewrite.Recipes.CSharp.CodeQuality,,0.4.0,OpenRewrite.Recipes.CSharp.CodeQuality.Redundancy.RemoveEmptyCatchClause,Find empty catch clause,Find empty catch clauses that silently swallow exceptions without any logging or handling.,1,,Redundancy,Code Quality,C#,,Remove redundant code,Recipes for improving C# code quality,,
nuget,OpenRewrite.Recipes.CSharp.CodeQuality,,0.4.0,OpenRewrite.Recipes.CSharp.CodeQuality.Redundancy.RemoveEmptyDestructor,Remove empty destructor,Remove destructors (finalizers) with empty bodies.,1,,Redundancy,Code Quality,C#,,Remove redundant code,Recipes for improving C# code quality,,
nuget,OpenRewrite.Recipes.CSharp.CodeQuality,,0.4.0,OpenRewrite.Recipes.CSharp.CodeQuality.Redundancy.RemoveEmptyFinallyClause,Remove empty finally clause,Remove `finally { }` clauses that contain no statements. An empty finally block serves no purpose.,1,,Redundancy,Code Quality,C#,,Remove redundant code,Recipes for improving C# code quality,,
nuget,OpenRewrite.Recipes.CSharp.CodeQuality,,0.4.0,OpenRewrite.Recipes.CSharp.CodeQuality.Redundancy.RemoveEmptyForBody,Flag empty for loop body,Flag `for` loops with empty bodies as potential dead code.,1,,Redundancy,Code Quality,C#,,Remove redundant code,Recipes for improving C# code quality,,
nuget,OpenRewrite.Recipes.CSharp.CodeQuality,,0.4.0,OpenRewrite.Recipes.CSharp.CodeQuality.Redundancy.RemoveEmptyForEachBody,Remove empty foreach body,"Remove `foreach` loops with empty bodies, which iterate without effect.",1,,Redundancy,Code Quality,C#,,Remove redundant code,Recipes for improving C# code quality,,
nuget,OpenRewrite.Recipes.CSharp.CodeQuality,,0.4.0,OpenRewrite.Recipes.CSharp.CodeQuality.Redundancy.RemoveEmptySyntax,Find empty syntax,"Find empty namespace, class, struct, interface, and enum declarations.",1,,Redundancy,Code Quality,C#,,Remove redundant code,Recipes for improving C# code quality,,
nuget,OpenRewrite.Recipes.CSharp.CodeQuality,,0.4.0,OpenRewrite.Recipes.CSharp.CodeQuality.Redundancy.RemoveEmptyWhileBody,Remove empty while body,Remove `while (cond) { }` loops with empty bodies as they serve no purpose.,1,,Redundancy,Code Quality,C#,,Remove redundant code,Recipes for improving C# code quality,,
nuget,OpenRewrite.Recipes.CSharp.CodeQuality,,0.4.0,OpenRewrite.Recipes.CSharp.CodeQuality.Redundancy.RemoveEnumDefaultUnderlyingType,Remove enum default underlying type,Remove : int from enum declaration since int is the default.,1,,Redundancy,Code Quality,C#,,Remove redundant code,Recipes for improving C# code quality,,
nuget,OpenRewrite.Recipes.CSharp.CodeQuality,,0.4.0,OpenRewrite.Recipes.CSharp.CodeQuality.Redundancy.RemoveExplicitClassFromRecord,Remove explicit 'class' from record,Remove the redundant `class` keyword from `record class` declarations. Records are reference types by default.,1,,Redundancy,Code Quality,C#,,Remove redundant code,Recipes for improving C# code quality,,
nuget,OpenRewrite.Recipes.CSharp.CodeQuality,,0.4.0,OpenRewrite.Recipes.CSharp.CodeQuality.Redundancy.RemovePartialModifierFromSinglePart,Remove partial modifier from single-part type,Remove `partial` modifier from types that have only one part.,1,,Redundancy,Code Quality,C#,,Remove redundant code,Recipes for improving C# code quality,,
nuget,OpenRewrite.Recipes.CSharp.CodeQuality,,0.4.0,OpenRewrite.Recipes.CSharp.CodeQuality.Redundancy.RemoveRedundantAsOperator,Remove redundant as operator,Remove redundant 'as' operator when the expression already has the target type.,1,,Redundancy,Code Quality,C#,,Remove redundant code,Recipes for improving C# code quality,,
nuget,OpenRewrite.Recipes.CSharp.CodeQuality,,0.4.0,OpenRewrite.Recipes.CSharp.CodeQuality.Redundancy.RemoveRedundantAssignment,Remove redundant assignment,Remove assignments where the value is immediately returned.,1,,Redundancy,Code Quality,C#,,Remove redundant code,Recipes for improving C# code quality,,
nuget,OpenRewrite.Recipes.CSharp.CodeQuality,,0.4.0,OpenRewrite.Recipes.CSharp.CodeQuality.Redundancy.RemoveRedundantAsyncAwait,Remove redundant async/await,Remove redundant async/await when a Task can be returned directly.,1,,Redundancy,Code Quality,C#,,Remove redundant code,Recipes for improving C# code quality,,
nuget,OpenRewrite.Recipes.CSharp.CodeQuality,,0.4.0,OpenRewrite.Recipes.CSharp.CodeQuality.Redundancy.RemoveRedundantAutoPropertyInit,Remove redundant constructor,Remove empty parameterless constructors that duplicate the implicit default.,1,,Redundancy,Code Quality,C#,,Remove redundant code,Recipes for improving C# code quality,,
nuget,OpenRewrite.Recipes.CSharp.CodeQuality,,0.4.0,OpenRewrite.Recipes.CSharp.CodeQuality.Redundancy.RemoveRedundantAutoPropertyInitialization,Remove redundant auto-property initialization,Remove auto-property initializers that assign the default value.,1,,Redundancy,Code Quality,C#,,Remove redundant code,Recipes for improving C# code quality,,
nuget,OpenRewrite.Recipes.CSharp.CodeQuality,,0.4.0,OpenRewrite.Recipes.CSharp.CodeQuality.Redundancy.RemoveRedundantBaseConstructorCall,Remove redundant base constructor call,Remove `: base()` parameterless base constructor call since it's implicit.,1,,Redundancy,Code Quality,C#,,Remove redundant code,Recipes for improving C# code quality,,
nuget,OpenRewrite.Recipes.CSharp.CodeQuality,,0.4.0,OpenRewrite.Recipes.CSharp.CodeQuality.Redundancy.RemoveRedundantBaseInterface,Remove redundant base interface,Remove interface that is already inherited by another implemented interface.,1,,Redundancy,Code Quality,C#,,Remove redundant code,Recipes for improving C# code quality,,
nuget,OpenRewrite.Recipes.CSharp.CodeQuality,,0.4.0,OpenRewrite.Recipes.CSharp.CodeQuality.Redundancy.RemoveRedundantCast,Remove redundant cast,Remove unnecessary casts when the expression already has the target type.,1,,Redundancy,Code Quality,C#,,Remove redundant code,Recipes for improving C# code quality,,
nuget,OpenRewrite.Recipes.CSharp.CodeQuality,,0.4.0,OpenRewrite.Recipes.CSharp.CodeQuality.Redundancy.RemoveRedundantCatchBlock,Remove redundant catch block,Remove try-catch blocks where every catch clause only rethrows the exception.,1,,Redundancy,Code Quality,C#,,Remove redundant code,Recipes for improving C# code quality,,
nuget,OpenRewrite.Recipes.CSharp.CodeQuality,,0.4.0,OpenRewrite.Recipes.CSharp.CodeQuality.Redundancy.RemoveRedundantComma,Remove redundant comma,Remove redundant trailing comma in enum declarations.,1,,Redundancy,Code Quality,C#,,Remove redundant code,Recipes for improving C# code quality,,
nuget,OpenRewrite.Recipes.CSharp.CodeQuality,,0.4.0,OpenRewrite.Recipes.CSharp.CodeQuality.Redundancy.RemoveRedundantDefaultFieldInitialization,Remove redundant default field initialization,"Remove field initializations that assign the default value (e.g., `int x = 0`, `bool b = false`, `string s = null`, `object o = default`).",1,,Redundancy,Code Quality,C#,,Remove redundant code,Recipes for improving C# code quality,,
nuget,OpenRewrite.Recipes.CSharp.CodeQuality,,0.4.0,OpenRewrite.Recipes.CSharp.CodeQuality.Redundancy.RemoveRedundantDefaultSwitchSection,Remove redundant default switch section,Remove default switch section that only contains break.,1,,Redundancy,Code Quality,C#,,Remove redundant code,Recipes for improving C# code quality,,
nuget,OpenRewrite.Recipes.CSharp.CodeQuality,,0.4.0,OpenRewrite.Recipes.CSharp.CodeQuality.Redundancy.RemoveRedundantDelegateCreation,Remove redundant delegate creation,Remove unnecessary `new EventHandler(M)` when `M` can be used directly.,1,,Redundancy,Code Quality,C#,,Remove redundant code,Recipes for improving C# code quality,,
nuget,OpenRewrite.Recipes.CSharp.CodeQuality,,0.4.0,OpenRewrite.Recipes.CSharp.CodeQuality.Redundancy.RemoveRedundantDisposeOrClose,Remove redundant Dispose/Close call,Remove Dispose/Close calls on objects already in a using block.,1,,Redundancy,Code Quality,C#,,Remove redundant code,Recipes for improving C# code quality,,
nuget,OpenRewrite.Recipes.CSharp.CodeQuality,,0.4.0,OpenRewrite.Recipes.CSharp.CodeQuality.Redundancy.RemoveRedundantOverridingMember,Remove redundant overriding member,Remove overriding member that only calls the base implementation.,1,,Redundancy,Code Quality,C#,,Remove redundant code,Recipes for improving C# code quality,,
nuget,OpenRewrite.Recipes.CSharp.CodeQuality,,0.4.0,OpenRewrite.Recipes.CSharp.CodeQuality.Redundancy.RemoveRedundantParentheses,Remove redundant parentheses,Remove unnecessary parentheses around expressions in return statements and assignments.,1,,Redundancy,Code Quality,C#,,Remove redundant code,Recipes for improving C# code quality,,
nuget,OpenRewrite.Recipes.CSharp.CodeQuality,,0.4.0,OpenRewrite.Recipes.CSharp.CodeQuality.Redundancy.RemoveRedundantRegion,Remove redundant region,Remove #region/#endregion directives.,1,,Redundancy,Code Quality,C#,,Remove redundant code,Recipes for improving C# code quality,,
nuget,OpenRewrite.Recipes.CSharp.CodeQuality,,0.4.0,OpenRewrite.Recipes.CSharp.CodeQuality.Redundancy.RemoveRedundantSealedModifier,Remove redundant sealed modifier,"Remove `sealed` modifier on members of sealed classes, since it's redundant.",1,,Redundancy,Code Quality,C#,,Remove redundant code,Recipes for improving C# code quality,,
nuget,OpenRewrite.Recipes.CSharp.CodeQuality,,0.4.0,OpenRewrite.Recipes.CSharp.CodeQuality.Redundancy.RemoveRedundantSealedModifierFromOverride,Remove redundant 'sealed' modifier from override,Remove redundant 'sealed' modifier from an overriding member in a sealed class.,1,,Redundancy,Code Quality,C#,,Remove redundant code,Recipes for improving C# code quality,,
nuget,OpenRewrite.Recipes.CSharp.CodeQuality,,0.4.0,OpenRewrite.Recipes.CSharp.CodeQuality.Redundancy.RemoveRedundantStatement,Remove redundant statement,Remove redundant `return;` at end of void method or `continue;` at end of loop body.,1,,Redundancy,Code Quality,C#,,Remove redundant code,Recipes for improving C# code quality,,
nuget,OpenRewrite.Recipes.CSharp.CodeQuality,,0.4.0,OpenRewrite.Recipes.CSharp.CodeQuality.Redundancy.RemoveRedundantStringToCharArrayCall,Remove redundant ToCharArray() call,Remove `ToCharArray()` calls in foreach loops where iterating over the string directly produces the same result.,1,,Redundancy,Code Quality,C#,,Remove redundant code,Recipes for improving C# code quality,,
nuget,OpenRewrite.Recipes.CSharp.CodeQuality,,0.4.0,OpenRewrite.Recipes.CSharp.CodeQuality.Redundancy.RemoveRedundantToStringCall,Remove redundant ToString() call,Remove `ToString()` calls on expressions that are already strings.,1,,Redundancy,Code Quality,C#,,Remove redundant code,Recipes for improving C# code quality,,
nuget,OpenRewrite.Recipes.CSharp.CodeQuality,,0.4.0,OpenRewrite.Recipes.CSharp.CodeQuality.Redundancy.RemoveSelfAssignment,Remove self-assignment,"Remove assignment statements where the variable is assigned to itself, such as `x = x`. These have no effect and are likely copy-paste errors.",1,,Redundancy,Code Quality,C#,,Remove redundant code,Recipes for improving C# code quality,,
nuget,OpenRewrite.Recipes.CSharp.CodeQuality,,0.4.0,OpenRewrite.Recipes.CSharp.CodeQuality.Redundancy.RemoveUnconditionalValueOverwrite,Remove unconditional value overwrite,Remove consecutive assignments to the same collection key or index where the first value is immediately overwritten and never read.,1,,Redundancy,Code Quality,C#,,Remove redundant code,Recipes for improving C# code quality,,
nuget,OpenRewrite.Recipes.CSharp.CodeQuality,,0.4.0,OpenRewrite.Recipes.CSharp.CodeQuality.Redundancy.RemoveUnnecessaryCaseLabel,Remove unnecessary case label,Remove case labels from switch section that has default label.,1,,Redundancy,Code Quality,C#,,Remove redundant code,Recipes for improving C# code quality,,
nuget,OpenRewrite.Recipes.CSharp.CodeQuality,,0.4.0,OpenRewrite.Recipes.CSharp.CodeQuality.Redundancy.RemoveUnnecessaryElse,Remove unnecessary else clause,"Remove `else` clause when the `if` body always terminates with `return`, `throw`, `break`, `continue`, or `goto`.",1,,Redundancy,Code Quality,C#,,Remove redundant code,Recipes for improving C# code quality,,
nuget,OpenRewrite.Recipes.CSharp.CodeQuality,,0.4.0,OpenRewrite.Recipes.CSharp.CodeQuality.Redundancy.RemoveUnnecessarySemicolon,Remove unnecessary semicolon at end of declaration,Remove unnecessary semicolon at the end of a declaration.,1,,Redundancy,Code Quality,C#,,Remove redundant code,Recipes for improving C# code quality,,
nuget,OpenRewrite.Recipes.CSharp.CodeQuality,,0.4.0,OpenRewrite.Recipes.CSharp.CodeQuality.Redundancy.RemoveUnusedDocCommentElement,Unused element in documentation comment,Remove unused param/typeparam elements from XML documentation.,1,,Redundancy,Code Quality,C#,,Remove redundant code,Recipes for improving C# code quality,,
nuget,OpenRewrite.Recipes.CSharp.CodeQuality,,0.4.0,OpenRewrite.Recipes.CSharp.CodeQuality.Redundancy.RemoveUnusedMemberDeclaration,Remove unused member declaration,Remove member declarations that are never referenced.,1,,Redundancy,Code Quality,C#,,Remove redundant code,Recipes for improving C# code quality,,
nuget,OpenRewrite.Recipes.CSharp.CodeQuality,,0.4.0,OpenRewrite.Recipes.CSharp.CodeQuality.Redundancy.RemoveUnusedThisParameter,Unused 'this' parameter,Remove unused 'this' parameter from extension methods.,1,,Redundancy,Code Quality,C#,,Remove redundant code,Recipes for improving C# code quality,,
nuget,OpenRewrite.Recipes.CSharp.CodeQuality,,0.4.0,OpenRewrite.Recipes.CSharp.CodeQuality.Redundancy.ResourceCanBeDisposedAsynchronously,Resource can be disposed asynchronously,Use `await using` instead of `using` when the resource implements IAsyncDisposable.,1,,Redundancy,Code Quality,C#,,Remove redundant code,Recipes for improving C# code quality,,
nuget,OpenRewrite.Recipes.CSharp.CodeQuality,,0.4.0,OpenRewrite.Recipes.CSharp.CodeQuality.Redundancy.UnnecessaryEnumFlag,Unnecessary enum flag,Remove unnecessary enum flag value that is a combination of other flags.,1,,Redundancy,Code Quality,C#,,Remove redundant code,Recipes for improving C# code quality,,
nuget,OpenRewrite.Recipes.CSharp.CodeQuality,,0.4.0,OpenRewrite.Recipes.CSharp.CodeQuality.Redundancy.UnnecessaryInterpolatedString,Remove unnecessary interpolated string,Replace interpolated strings with no interpolations with regular strings.,1,,Redundancy,Code Quality,C#,,Remove redundant code,Recipes for improving C# code quality,,
nuget,OpenRewrite.Recipes.CSharp.CodeQuality,,0.4.0,OpenRewrite.Recipes.CSharp.CodeQuality.Redundancy.UnnecessaryInterpolation,Unnecessary interpolation,"Remove unnecessary string interpolation, for example simplifying `$""{x}""` to `x.ToString()`.",1,,Redundancy,Code Quality,C#,,Remove redundant code,Recipes for improving C# code quality,,
nuget,OpenRewrite.Recipes.CSharp.CodeQuality,,0.4.0,OpenRewrite.Recipes.CSharp.CodeQuality.Redundancy.UnnecessaryNullCheck,Remove unnecessary null check,Remove null check that is unnecessary because the value is known to be non-null.,1,,Redundancy,Code Quality,C#,,Remove redundant code,Recipes for improving C# code quality,,
nuget,OpenRewrite.Recipes.CSharp.CodeQuality,,0.4.0,OpenRewrite.Recipes.CSharp.CodeQuality.Redundancy.UnnecessaryNullForgivingOperator,Remove unnecessary null-forgiving operator,Remove ! operator where expression is already non-nullable.,1,,Redundancy,Code Quality,C#,,Remove redundant code,Recipes for improving C# code quality,,
nuget,OpenRewrite.Recipes.CSharp.CodeQuality,,0.4.0,OpenRewrite.Recipes.CSharp.CodeQuality.Redundancy.UnnecessaryRawStringLiteral,Remove unnecessary raw string literal,Convert raw string literal to regular string when not needed.,1,,Redundancy,Code Quality,C#,,Remove redundant code,Recipes for improving C# code quality,,
nuget,OpenRewrite.Recipes.CSharp.CodeQuality,,0.4.0,OpenRewrite.Recipes.CSharp.CodeQuality.Redundancy.UnnecessaryUnsafeContext,Remove unnecessary unsafe context,Remove unsafe blocks that do not contain unsafe code.,1,,Redundancy,Code Quality,C#,,Remove redundant code,Recipes for improving C# code quality,,
nuget,OpenRewrite.Recipes.CSharp.CodeQuality,,0.4.0,OpenRewrite.Recipes.CSharp.CodeQuality.Redundancy.UnnecessaryVerbatimStringLiteral,Remove unnecessary verbatim string literal,Remove @ prefix from string literals that do not contain escape sequences.,1,,Redundancy,Code Quality,C#,,Remove redundant code,Recipes for improving C# code quality,,
nuget,OpenRewrite.Recipes.CSharp.CodeQuality,,0.4.0,OpenRewrite.Recipes.CSharp.CodeQuality.Redundancy.UseRethrow,Use rethrow instead of throw ex,Replace `throw ex;` with `throw;` inside catch clauses when `ex` is the caught exception variable. A bare `throw` preserves the original stack trace.,1,,Redundancy,Code Quality,C#,,Remove redundant code,Recipes for improving C# code quality,,
nuget,OpenRewrite.Recipes.CSharp.CodeQuality,,0.4.0,OpenRewrite.Recipes.CSharp.CodeQuality.Simplification.CombineWhereMethodChain,Combine 'Enumerable.Where' method chain,Combine consecutive Enumerable.Where method calls into a single call with a combined predicate.,1,,Simplification,Code Quality,C#,,Simplify expressions and patterns,Recipes for improving C# code quality,,
nuget,OpenRewrite.Recipes.CSharp.CodeQuality,,0.4.0,OpenRewrite.Recipes.CSharp.CodeQuality.Simplification.ConvertAnonymousMethodToLambda,Convert anonymous method to lambda,Convert anonymous method delegate syntax to lambda expression.,1,,Simplification,Code Quality,C#,,Simplify expressions and patterns,Recipes for improving C# code quality,,
nuget,OpenRewrite.Recipes.CSharp.CodeQuality,,0.4.0,OpenRewrite.Recipes.CSharp.CodeQuality.Simplification.ConvertIfToAssignment,Convert 'if' to assignment,Convert 'if' statement that assigns boolean literals to a simple assignment with the condition expression.,1,,Simplification,Code Quality,C#,,Simplify expressions and patterns,Recipes for improving C# code quality,,
nuget,OpenRewrite.Recipes.CSharp.CodeQuality,,0.4.0,OpenRewrite.Recipes.CSharp.CodeQuality.Simplification.ConvertInterpolatedStringToConcatenation,Convert interpolated string to concatenation,Detect string interpolations that could be simplified to concatenation.,1,,Simplification,Code Quality,C#,,Simplify expressions and patterns,Recipes for improving C# code quality,,
nuget,OpenRewrite.Recipes.CSharp.CodeQuality,,0.4.0,OpenRewrite.Recipes.CSharp.CodeQuality.Simplification.ExpressionAlwaysTrueOrFalse,Expression is always true or false,Simplify `x == x` to `true` and `x != x` to `false`.,1,,Simplification,Code Quality,C#,,Simplify expressions and patterns,Recipes for improving C# code quality,,
nuget,OpenRewrite.Recipes.CSharp.CodeQuality,,0.4.0,OpenRewrite.Recipes.CSharp.CodeQuality.Simplification.InlineLazyInitialization,Inline lazy initialization,Use null-coalescing assignment (??=) for lazy initialization.,1,,Simplification,Code Quality,C#,,Simplify expressions and patterns,Recipes for improving C# code quality,,
nuget,OpenRewrite.Recipes.CSharp.CodeQuality,,0.4.0,OpenRewrite.Recipes.CSharp.CodeQuality.Simplification.InlineLocalVariable,Inline local variable,Inline local variable that is assigned once and used once immediately.,1,,Simplification,Code Quality,C#,,Simplify expressions and patterns,Recipes for improving C# code quality,,
nuget,OpenRewrite.Recipes.CSharp.CodeQuality,,0.4.0,OpenRewrite.Recipes.CSharp.CodeQuality.Simplification.JoinStringExpressions,Join string expressions,Join consecutive string literal concatenations into a single literal.,1,,Simplification,Code Quality,C#,,Simplify expressions and patterns,Recipes for improving C# code quality,,
nuget,OpenRewrite.Recipes.CSharp.CodeQuality,,0.4.0,OpenRewrite.Recipes.CSharp.CodeQuality.Simplification.MergeElseWithNestedIf,Merge else with nested if,Merge `else { if (...) { } }` into `else if (...) { }` when the else block contains only a single if statement.,1,,Simplification,Code Quality,C#,,Simplify expressions and patterns,Recipes for improving C# code quality,,
nuget,OpenRewrite.Recipes.CSharp.CodeQuality,,0.4.0,OpenRewrite.Recipes.CSharp.CodeQuality.Simplification.MergeIdenticalBranches,Merge identical branches,Merge consecutive if/else-if branches that have identical bodies by combining their conditions with `||`.,1,,Simplification,Code Quality,C#,,Simplify expressions and patterns,Recipes for improving C# code quality,,
nuget,OpenRewrite.Recipes.CSharp.CodeQuality,,0.4.0,OpenRewrite.Recipes.CSharp.CodeQuality.Simplification.MergeIfWithParentIf,Merge if with parent if,Merge `if (a) { if (b) { ... } }` into `if (a && b) { ... }` when the outer if body contains only a single nested if without else.,1,,Simplification,Code Quality,C#,,Simplify expressions and patterns,Recipes for improving C# code quality,,
nuget,OpenRewrite.Recipes.CSharp.CodeQuality,,0.4.0,OpenRewrite.Recipes.CSharp.CodeQuality.Simplification.MergeSwitchSections,Merge switch sections with equivalent content,Merge switch case labels that have identical bodies.,1,,Simplification,Code Quality,C#,,Simplify expressions and patterns,Recipes for improving C# code quality,,
nuget,OpenRewrite.Recipes.CSharp.CodeQuality,,0.4.0,OpenRewrite.Recipes.CSharp.CodeQuality.Simplification.RemoveRedundantBooleanLiteral,Remove redundant boolean literal,Remove redundant `== true` comparison from boolean expressions.,1,,Simplification,Code Quality,C#,,Simplify expressions and patterns,Recipes for improving C# code quality,,
nuget,OpenRewrite.Recipes.CSharp.CodeQuality,,0.4.0,OpenRewrite.Recipes.CSharp.CodeQuality.Simplification.RemoveUnnecessaryBraces,Remove unnecessary braces,Remove braces from single-statement blocks where they are optional.,1,,Simplification,Code Quality,C#,,Simplify expressions and patterns,Recipes for improving C# code quality,,
nuget,OpenRewrite.Recipes.CSharp.CodeQuality,,0.4.0,OpenRewrite.Recipes.CSharp.CodeQuality.Simplification.SimplificationCodeQuality,Simplification code quality,Simplify expressions and patterns in C# code.,61,,Simplification,Code Quality,C#,,Simplify expressions and patterns,Recipes for improving C# code quality,,
nuget,OpenRewrite.Recipes.CSharp.CodeQuality,,0.4.0,OpenRewrite.Recipes.CSharp.CodeQuality.Simplification.SimplifyArgumentNullCheck,Simplify argument null check,Use ArgumentNullException.ThrowIfNull(arg) instead of manual null check.,1,,Simplification,Code Quality,C#,,Simplify expressions and patterns,Recipes for improving C# code quality,,
nuget,OpenRewrite.Recipes.CSharp.CodeQuality,,0.4.0,OpenRewrite.Recipes.CSharp.CodeQuality.Simplification.SimplifyBooleanComparison,Simplify boolean comparison,"Simplify `true == x` to `x`, `false == x` to `!x`, `true != x` to `!x`, and `false != x` to `x`.",1,,Simplification,Code Quality,C#,,Simplify expressions and patterns,Recipes for improving C# code quality,,
nuget,OpenRewrite.Recipes.CSharp.CodeQuality,,0.4.0,OpenRewrite.Recipes.CSharp.CodeQuality.Simplification.SimplifyCoalesceExpression,Simplify coalesce expression,Simplify x ?? x to x.,1,,Simplification,Code Quality,C#,,Simplify expressions and patterns,Recipes for improving C# code quality,,
nuget,OpenRewrite.Recipes.CSharp.CodeQuality,,0.4.0,OpenRewrite.Recipes.CSharp.CodeQuality.Simplification.SimplifyCodeBranching,Simplify code branching,"Simplify code branching patterns such as empty if-else, while(true) with break, and trailing return/continue in if-else.",1,,Simplification,Code Quality,C#,,Simplify expressions and patterns,Recipes for improving C# code quality,,
nuget,OpenRewrite.Recipes.CSharp.CodeQuality,,0.4.0,OpenRewrite.Recipes.CSharp.CodeQuality.Simplification.SimplifyConditionalExpression,Simplify conditional expression,Simplify `cond ? true : false` to `cond` and `cond ? false : true` to `!cond`.,1,,Simplification,Code Quality,C#,,Simplify expressions and patterns,Recipes for improving C# code quality,,
nuget,OpenRewrite.Recipes.CSharp.CodeQuality,,0.4.0,OpenRewrite.Recipes.CSharp.CodeQuality.Simplification.SimplifyDoWhileToWhile,Simplify do-while(true) to while(true),Convert `do { ... } while (true)` to `while (true) { ... }`.,1,,Simplification,Code Quality,C#,,Simplify expressions and patterns,Recipes for improving C# code quality,,
nuget,OpenRewrite.Recipes.CSharp.CodeQuality,,0.4.0,OpenRewrite.Recipes.CSharp.CodeQuality.Simplification.SimplifyLazyInitialization,Simplify lazy initialization,Simplify lazy initialization using ??= operator.,1,,Simplification,Code Quality,C#,,Simplify expressions and patterns,Recipes for improving C# code quality,,
nuget,OpenRewrite.Recipes.CSharp.CodeQuality,,0.4.0,OpenRewrite.Recipes.CSharp.CodeQuality.Simplification.SimplifyLogicalNegation,Simplify logical negation,"Simplify negated comparison expressions. For example, `!(x == y)` becomes `x != y`.",1,,Simplification,Code Quality,C#,,Simplify expressions and patterns,Recipes for improving C# code quality,,
nuget,OpenRewrite.Recipes.CSharp.CodeQuality,,0.4.0,OpenRewrite.Recipes.CSharp.CodeQuality.Simplification.SimplifyNegatedIsNull,Simplify negated is null pattern,Simplify `!(x is null)` to `x is not null` and `!(x is not null)` to `x is null`.,1,,Simplification,Code Quality,C#,,Simplify expressions and patterns,Recipes for improving C# code quality,,
nuget,OpenRewrite.Recipes.CSharp.CodeQuality,,0.4.0,OpenRewrite.Recipes.CSharp.CodeQuality.Simplification.SimplifyNestedUsingStatement,Simplify nested using statement,Merge nested `using` statements into a single `using` declaration.,1,,Simplification,Code Quality,C#,,Simplify expressions and patterns,Recipes for improving C# code quality,,
nuget,OpenRewrite.Recipes.CSharp.CodeQuality,,0.4.0,OpenRewrite.Recipes.CSharp.CodeQuality.Simplification.SimplifyNullableHasValue,Simplify Nullable<T>.HasValue,Replace `x.HasValue` with `x != null` and `!x.HasValue` with `x == null`.,1,,Simplification,Code Quality,C#,,Simplify expressions and patterns,Recipes for improving C# code quality,,
nuget,OpenRewrite.Recipes.CSharp.CodeQuality,,0.4.0,OpenRewrite.Recipes.CSharp.CodeQuality.Simplification.SimplifyNullableToShorthand,Simplify Nullable<T> to T?,Use T? shorthand instead of Nullable<T>.,1,,Simplification,Code Quality,C#,,Simplify expressions and patterns,Recipes for improving C# code quality,,
nuget,OpenRewrite.Recipes.CSharp.CodeQuality,,0.4.0,OpenRewrite.Recipes.CSharp.CodeQuality.Simplification.SimplifyNumericComparison,Simplify numeric comparison,"Simplify `x - y > 0` to `x > y`, `x - y < 0` to `x < y`, `x - y >= 0` to `x >= y`, and `x - y <= 0` to `x <= y`.",1,,Simplification,Code Quality,C#,,Simplify expressions and patterns,Recipes for improving C# code quality,,
nuget,OpenRewrite.Recipes.CSharp.CodeQuality,,0.4.0,OpenRewrite.Recipes.CSharp.CodeQuality.Simplification.SimplifyRedundantLogicalExpression,Simplify redundant logical expression,"Simplify `x && x` to `x`, `x || x` to `x`, and similarly for `&` and `|`, where both sides of a logical or bitwise operator are identical.",1,,Simplification,Code Quality,C#,,Simplify expressions and patterns,Recipes for improving C# code quality,,
nuget,OpenRewrite.Recipes.CSharp.CodeQuality,,0.4.0,OpenRewrite.Recipes.CSharp.CodeQuality.Simplification.SimplifyRedundantWhereWhere,Merge consecutive Where calls,Detect consecutive `.Where(p).Where(q)` calls that could be merged.,1,,Simplification,Code Quality,C#,,Simplify expressions and patterns,Recipes for improving C# code quality,,
nuget,OpenRewrite.Recipes.CSharp.CodeQuality,,0.4.0,OpenRewrite.Recipes.CSharp.CodeQuality.Simplification.UnconstrainedTypeParamNullCheck,Unconstrained type parameter checked for null,"Find null checks on unconstrained type parameters, which may not be reference types.",1,,Simplification,Code Quality,C#,,Simplify expressions and patterns,Recipes for improving C# code quality,,
nuget,OpenRewrite.Recipes.CSharp.CodeQuality,,0.4.0,OpenRewrite.Recipes.CSharp.CodeQuality.Simplification.UnnecessaryOperator,Operator is unnecessary,Remove unnecessary operators such as unary plus.,1,,Simplification,Code Quality,C#,,Simplify expressions and patterns,Recipes for improving C# code quality,,
nuget,OpenRewrite.Recipes.CSharp.CodeQuality,,0.4.0,OpenRewrite.Recipes.CSharp.CodeQuality.Simplification.UseAnonymousFunctionOrMethodGroup,Use anonymous function or method group,Convert a lambda expression to a method group where appropriate.,1,,Simplification,Code Quality,C#,,Simplify expressions and patterns,Recipes for improving C# code quality,,
nuget,OpenRewrite.Recipes.CSharp.CodeQuality,,0.4.0,OpenRewrite.Recipes.CSharp.CodeQuality.Simplification.UseCoalesceExpression,Use coalesce expression,Replace `x != null ? x : y` and `x == null ? y : x` with `x ?? y`.,1,,Simplification,Code Quality,C#,,Simplify expressions and patterns,Recipes for improving C# code quality,,
nuget,OpenRewrite.Recipes.CSharp.CodeQuality,,0.4.0,OpenRewrite.Recipes.CSharp.CodeQuality.Simplification.UseCoalesceExpressionInsteadOfIf,Use coalesce expression instead of 'if',Replace `if (x == null) x = y;` with `x ??= y`.,1,,Simplification,Code Quality,C#,,Simplify expressions and patterns,Recipes for improving C# code quality,,
nuget,OpenRewrite.Recipes.CSharp.CodeQuality,,0.4.0,OpenRewrite.Recipes.CSharp.CodeQuality.Simplification.UseCompoundAssignment,Use compound assignment,"Replace `x = x op y` with `x op= y` for arithmetic, bitwise, shift, and null-coalescing operators.",1,,Simplification,Code Quality,C#,,Simplify expressions and patterns,Recipes for improving C# code quality,,
nuget,OpenRewrite.Recipes.CSharp.CodeQuality,,0.4.0,OpenRewrite.Recipes.CSharp.CodeQuality.Simplification.UseConditionalAccess,Use conditional access,Transform null-check patterns to use conditional access (?.).,1,,Simplification,Code Quality,C#,,Simplify expressions and patterns,Recipes for improving C# code quality,,
nuget,OpenRewrite.Recipes.CSharp.CodeQuality,,0.4.0,OpenRewrite.Recipes.CSharp.CodeQuality.Simplification.UseConditionalAccessInsteadOfIf,Use conditional access instead of conditional expression,Transform ternary null-check expressions to use conditional access (?.) with null-coalescing (??) where needed.,1,,Simplification,Code Quality,C#,,Simplify expressions and patterns,Recipes for improving C# code quality,,
nuget,OpenRewrite.Recipes.CSharp.CodeQuality,,0.4.0,OpenRewrite.Recipes.CSharp.CodeQuality.Simplification.UseConditionalExpressionForDeclaration,Use conditional expression in declaration,Convert `int x; if (cond) x = a; else x = b;` to `int x = cond ? a : b;`.,1,,Simplification,Code Quality,C#,,Simplify expressions and patterns,Recipes for improving C# code quality,,
nuget,OpenRewrite.Recipes.CSharp.CodeQuality,,0.4.0,OpenRewrite.Recipes.CSharp.CodeQuality.Simplification.UseConditionalExpressionForReturn,Use conditional return expression,Convert `if (c) return a; return b;` to `return c ? a : b;`.,1,,Simplification,Code Quality,C#,,Simplify expressions and patterns,Recipes for improving C# code quality,,
nuget,OpenRewrite.Recipes.CSharp.CodeQuality,,0.4.0,OpenRewrite.Recipes.CSharp.CodeQuality.Simplification.UseConditionalExpressionForThrow,Use conditional throw expression,Detect `if (x == null) throw ...` patterns that could use `x ?? throw ...`.,1,,Simplification,Code Quality,C#,,Simplify expressions and patterns,Recipes for improving C# code quality,,
nuget,OpenRewrite.Recipes.CSharp.CodeQuality,,0.4.0,OpenRewrite.Recipes.CSharp.CodeQuality.Simplification.UseDateTimeOffsetUnixEpoch,Use DateTimeOffset.UnixEpoch,"Replace `new DateTimeOffset(1970, 1, 1, 0, 0, 0, TimeSpan.Zero)` with `DateTimeOffset.UnixEpoch`. Available since .NET 8, `DateTimeOffset.UnixEpoch` is more readable.",1,,Simplification,Code Quality,C#,,Simplify expressions and patterns,Recipes for improving C# code quality,,
nuget,OpenRewrite.Recipes.CSharp.CodeQuality,,0.4.0,OpenRewrite.Recipes.CSharp.CodeQuality.Simplification.UseDateTimeUnixEpoch,Use DateTime.UnixEpoch,"Replace `new DateTime(1970, 1, 1)` with `DateTime.UnixEpoch`. Available since .NET 8, `DateTime.UnixEpoch` is more readable and avoids magic numbers.",1,,Simplification,Code Quality,C#,,Simplify expressions and patterns,Recipes for improving C# code quality,,
nuget,OpenRewrite.Recipes.CSharp.CodeQuality,,0.4.0,OpenRewrite.Recipes.CSharp.CodeQuality.Simplification.UseDefaultLiteral,Use default literal,"Simplify default(T) expressions to default. Note: in rare cases where the type cannot be inferred (e.g., overload resolution), manual review may be needed.",1,,Simplification,Code Quality,C#,,Simplify expressions and patterns,Recipes for improving C# code quality,,
nuget,OpenRewrite.Recipes.CSharp.CodeQuality,,0.4.0,OpenRewrite.Recipes.CSharp.CodeQuality.Simplification.UseExceptionFilter,Use exception filter,Detect catch blocks with if/throw pattern that could use a when clause.,1,,Simplification,Code Quality,C#,,Simplify expressions and patterns,Recipes for improving C# code quality,,
nuget,OpenRewrite.Recipes.CSharp.CodeQuality,,0.4.0,OpenRewrite.Recipes.CSharp.CodeQuality.Simplification.UseExpressionBodiedLambda,Use expression-bodied lambda,Convert block-body lambdas with a single statement to expression-body lambdas.,1,,Simplification,Code Quality,C#,,Simplify expressions and patterns,Recipes for improving C# code quality,,
nuget,OpenRewrite.Recipes.CSharp.CodeQuality,,0.4.0,OpenRewrite.Recipes.CSharp.CodeQuality.Simplification.UseForInsteadOfWhile,Use for statement instead of while,Convert while loops with counter to for loops.,1,,Simplification,Code Quality,C#,,Simplify expressions and patterns,Recipes for improving C# code quality,,
nuget,OpenRewrite.Recipes.CSharp.CodeQuality,,0.4.0,OpenRewrite.Recipes.CSharp.CodeQuality.Simplification.UseGuidEmpty,Use Guid.Empty,Replace `new Guid()` with `Guid.Empty`. The static `Guid.Empty` field avoids unnecessary allocations and clearly expresses intent.,1,,Simplification,Code Quality,C#,,Simplify expressions and patterns,Recipes for improving C# code quality,,
nuget,OpenRewrite.Recipes.CSharp.CodeQuality,,0.4.0,OpenRewrite.Recipes.CSharp.CodeQuality.Simplification.UseIsOperatorInsteadOfAs,Use 'is' operator instead of 'as' operator,Replace 'as' operator followed by null check with 'is' operator.,1,,Simplification,Code Quality,C#,,Simplify expressions and patterns,Recipes for improving C# code quality,,
nuget,OpenRewrite.Recipes.CSharp.CodeQuality,,0.4.0,OpenRewrite.Recipes.CSharp.CodeQuality.Simplification.UseIsPatternInsteadOfSequenceEqual,Use 'is' pattern instead of SequenceEqual,Replace `span.SequenceEqual("str")` with `span is "str"`. Pattern matching with string constants is more concise for span comparisons.,1,,Simplification,Code Quality,C#,,Simplify expressions and patterns,Recipes for improving C# code quality,,
nuget,OpenRewrite.Recipes.CSharp.CodeQuality,,0.4.0,OpenRewrite.Recipes.CSharp.CodeQuality.Simplification.UseNotPattern,Use 'not' pattern instead of negation,Detect `!(x is Type)` patterns that can use `x is not Type`.,1,,Simplification,Code Quality,C#,,Simplify expressions and patterns,Recipes for improving C# code quality,,
nuget,OpenRewrite.Recipes.CSharp.CodeQuality,,0.4.0,OpenRewrite.Recipes.CSharp.CodeQuality.Simplification.UsePatternMatchingForEquality,Use pattern matching for equality comparison,Replace `x == constant` with `x is constant` for improved readability using C# pattern matching.,1,,Simplification,Code Quality,C#,,Simplify expressions and patterns,Recipes for improving C# code quality,,
nuget,OpenRewrite.Recipes.CSharp.CodeQuality,,0.4.0,OpenRewrite.Recipes.CSharp.CodeQuality.Simplification.UsePatternMatchingForInequality,Use pattern matching for inequality comparison,Replace `x != constant` with `x is not constant` for improved readability using C# pattern matching.,1,,Simplification,Code Quality,C#,,Simplify expressions and patterns,Recipes for improving C# code quality,,
nuget,OpenRewrite.Recipes.CSharp.CodeQuality,,0.4.0,OpenRewrite.Recipes.CSharp.CodeQuality.Simplification.UsePatternMatchingInsteadOfAs,Use pattern matching instead of as,Use pattern matching instead of as. Note: Needs type resolution.,1,,Simplification,Code Quality,C#,,Simplify expressions and patterns,Recipes for improving C# code quality,,
nuget,OpenRewrite.Recipes.CSharp.CodeQuality,,0.4.0,OpenRewrite.Recipes.CSharp.CodeQuality.Simplification.UsePatternMatchingInsteadOfHasValue,Use pattern matching instead of HasValue,Replace `nullable.HasValue` with `nullable is not null`. Pattern matching is more idiomatic in modern C#. Note: this recipe uses name-based matching and may match non-Nullable types with a `HasValue` property.,1,,Simplification,Code Quality,C#,,Simplify expressions and patterns,Recipes for improving C# code quality,,
nuget,OpenRewrite.Recipes.CSharp.CodeQuality,,0.4.0,OpenRewrite.Recipes.CSharp.CodeQuality.Simplification.UsePatternMatchingInsteadOfIs,Use pattern matching instead of is,Use pattern matching instead of is. Note: Needs type resolution.,1,,Simplification,Code Quality,C#,,Simplify expressions and patterns,Recipes for improving C# code quality,,
nuget,OpenRewrite.Recipes.CSharp.CodeQuality,,0.4.0,OpenRewrite.Recipes.CSharp.CodeQuality.Simplification.UsePatternMatchingNullCheck,Use pattern matching for null check,Replace `x == null` with `x is null` and `x != null` with `x is not null`.,1,,Style,Code Quality,C#,,Code style modernization,Recipes for improving C# code quality,,
nuget,OpenRewrite.Recipes.CSharp.CodeQuality,,0.4.0,OpenRewrite.Recipes.CSharp.CodeQuality.Simplification.UsePostfixIncrement,Use postfix increment/decrement,Replace `x = x + 1` with `x++` and `x = x - 1` with `x--`.,1,,Simplification,Code Quality,C#,,Simplify expressions and patterns,Recipes for improving C# code quality,,
nuget,OpenRewrite.Recipes.CSharp.CodeQuality,,0.4.0,OpenRewrite.Recipes.CSharp.CodeQuality.Simplification.UseRangeOperator,Use range operator,Detect Substring calls that could use C# 8 range syntax.,1,,Simplification,Code Quality,C#,,Simplify expressions and patterns,Recipes for improving C# code quality,,
nuget,OpenRewrite.Recipes.CSharp.CodeQuality,,0.4.0,OpenRewrite.Recipes.CSharp.CodeQuality.Simplification.UseShortCircuitOperator,Use short-circuit operator,Replace bitwise `&` with `&&` and `|` with `||` in boolean contexts.,1,,Simplification,Code Quality,C#,,Simplify expressions and patterns,Recipes for improving C# code quality,,
nuget,OpenRewrite.Recipes.CSharp.CodeQuality,,0.4.0,OpenRewrite.Recipes.CSharp.CodeQuality.Simplification.UseStringEndsWith,Use string.EndsWith,Detect substring comparison patterns that could use EndsWith.,1,,Simplification,Code Quality,C#,,Simplify expressions and patterns,Recipes for improving C# code quality,,
nuget,OpenRewrite.Recipes.CSharp.CodeQuality,,0.4.0,OpenRewrite.Recipes.CSharp.CodeQuality.Simplification.UseStringEquals,Use string.Equals instead of == for string comparison,"Replace `==` string comparisons with `string.Equals(a, b, StringComparison.Ordinal)` for explicit comparison semantics.",1,,Simplification,Code Quality,C#,,Simplify expressions and patterns,Recipes for improving C# code quality,,
nuget,OpenRewrite.Recipes.CSharp.CodeQuality,,0.4.0,OpenRewrite.Recipes.CSharp.CodeQuality.Simplification.UseStringInterpolation,Use string interpolation instead of string.Format,"Replace simple `string.Format(""{0}"", x)` calls with `$""{x}""`.",1,,Simplification,Code Quality,C#,,Simplify expressions and patterns,Recipes for improving C# code quality,,
nuget,OpenRewrite.Recipes.CSharp.CodeQuality,,0.4.0,OpenRewrite.Recipes.CSharp.CodeQuality.Simplification.UseStringInterpolationInsteadOfConcat,Use string interpolation instead of concatenation,Replace string.Concat with string interpolation.,1,,Simplification,Code Quality,C#,,Simplify expressions and patterns,Recipes for improving C# code quality,,
nuget,OpenRewrite.Recipes.CSharp.CodeQuality,,0.4.0,OpenRewrite.Recipes.CSharp.CodeQuality.Simplification.UseStringStartsWith,Use string.StartsWith instead of IndexOf comparison,Replace `s.IndexOf(x) == 0` with `s.StartsWith(x)`.,1,,Simplification,Code Quality,C#,,Simplify expressions and patterns,Recipes for improving C# code quality,,
nuget,OpenRewrite.Recipes.CSharp.CodeQuality,,0.4.0,OpenRewrite.Recipes.CSharp.CodeQuality.Simplification.UseSwitchExpression,Use switch expression,Convert simple switch statements to switch expressions (C# 8+).,1,,Simplification,Code Quality,C#,,Simplify expressions and patterns,Recipes for improving C# code quality,,
nuget,OpenRewrite.Recipes.CSharp.CodeQuality,,0.4.0,OpenRewrite.Recipes.CSharp.CodeQuality.Simplification.UseThrowExpression,Use throw expression,Convert null-check-then-throw patterns to throw expressions.,1,,Simplification,Code Quality,C#,,Simplify expressions and patterns,Recipes for improving C# code quality,,
nuget,OpenRewrite.Recipes.CSharp.CodeQuality,,0.4.0,OpenRewrite.Recipes.CSharp.CodeQuality.Simplification.UseTimeSpanZero,Use TimeSpan.Zero,Replace `new TimeSpan(0)` and `TimeSpan.FromX(0)` with `TimeSpan.Zero`. The static `TimeSpan.Zero` field is more readable and avoids unnecessary object creation.,1,,Simplification,Code Quality,C#,,Simplify expressions and patterns,Recipes for improving C# code quality,,
nuget,OpenRewrite.Recipes.CSharp.CodeQuality,,0.4.0,OpenRewrite.Recipes.CSharp.CodeQuality.Simplification.UseXorForBooleanInequality,Use ^ operator for boolean inequality,Replace a != b with a ^ b when both operands are boolean.,1,,Simplification,Code Quality,C#,,Simplify expressions and patterns,Recipes for improving C# code quality,,
nuget,OpenRewrite.Recipes.CSharp.CodeQuality,,0.4.0,OpenRewrite.Recipes.CSharp.CodeQuality.Style.AbstractTypeShouldNotHavePublicConstructors,Abstract type should not have public constructors,Change public constructors of abstract types to protected.,1,,Style,Code Quality,C#,,Code style modernization,Recipes for improving C# code quality,,
nuget,OpenRewrite.Recipes.CSharp.CodeQuality,,0.4.0,OpenRewrite.Recipes.CSharp.CodeQuality.Style.AddParenthesesForClarity,Add parentheses for clarity,Add parentheses to expressions where operator precedence might be unclear to improve readability.,1,,Style,Code Quality,C#,,Code style modernization,Recipes for improving C# code quality,,
nuget,OpenRewrite.Recipes.CSharp.CodeQuality,,0.4.0,OpenRewrite.Recipes.CSharp.CodeQuality.Style.AddParenthesesToConditionalExpression,Add parentheses to conditional expression condition,Add or remove parentheses from the condition in a conditional operator.,1,,Style,Code Quality,C#,,Code style modernization,Recipes for improving C# code quality,,
nuget,OpenRewrite.Recipes.CSharp.CodeQuality,,0.4.0,OpenRewrite.Recipes.CSharp.CodeQuality.Style.AddRemoveTrailingComma,Add trailing comma to last enum member,Add trailing comma to the last member of enum declarations for cleaner diffs when adding new members.,1,,Style,Code Quality,C#,,Code style modernization,Recipes for improving C# code quality,,
nuget,OpenRewrite.Recipes.CSharp.CodeQuality,,0.4.0,OpenRewrite.Recipes.CSharp.CodeQuality.Style.AddStaticToMembersOfStaticClass,Add static modifier to all members of static class,Ensure all members of a static class are also declared static.,1,,Style,Code Quality,C#,,Code style modernization,Recipes for improving C# code quality,,
nuget,OpenRewrite.Recipes.CSharp.CodeQuality,,0.4.0,OpenRewrite.Recipes.CSharp.CodeQuality.Style.AddTrailingComma,Add trailing comma,Add trailing commas to multi-line initializers and enum declarations for cleaner diffs.,1,,Style,Code Quality,C#,,Code style modernization,Recipes for improving C# code quality,,
nuget,OpenRewrite.Recipes.CSharp.CodeQuality,,0.4.0,OpenRewrite.Recipes.CSharp.CodeQuality.Style.AvoidChainOfAssignments,Avoid chain of assignments,Flag chained assignment expressions like a = b = c = value.,1,,Style,Code Quality,C#,,Code style modernization,Recipes for improving C# code quality,,
nuget,OpenRewrite.Recipes.CSharp.CodeQuality,,0.4.0,OpenRewrite.Recipes.CSharp.CodeQuality.Style.AvoidNestingTernary,Avoid nested ternary operator,Replace nested ternary expressions with if/else chains for clarity.,1,,Style,Code Quality,C#,,Code style modernization,Recipes for improving C# code quality,,
nuget,OpenRewrite.Recipes.CSharp.CodeQuality,,0.4.0,OpenRewrite.Recipes.CSharp.CodeQuality.Style.CallExtensionMethodAsInstance,Call extension method as instance method,Use instance method syntax instead of static extension method call.,1,,Style,Code Quality,C#,,Code style modernization,Recipes for improving C# code quality,,
nuget,OpenRewrite.Recipes.CSharp.CodeQuality,,0.4.0,OpenRewrite.Recipes.CSharp.CodeQuality.Style.CompositeEnumContainsUndefinedFlag,Composite enum value contains undefined flag,Find composite enum values that contain a flag which is not defined in the enum type.,1,,Style,Code Quality,C#,,Code style modernization,Recipes for improving C# code quality,,
nuget,OpenRewrite.Recipes.CSharp.CodeQuality,,0.4.0,OpenRewrite.Recipes.CSharp.CodeQuality.Style.ConstantValuesOnRightSide,Place constant values on right side of comparisons,"Move constant values (literals, null) from the left side of comparisons to the right side for consistency and readability.",1,,Style,Code Quality,C#,,Code style modernization,Recipes for improving C# code quality,,
nuget,OpenRewrite.Recipes.CSharp.CodeQuality,,0.4.0,OpenRewrite.Recipes.CSharp.CodeQuality.Style.ConvertCommentToDocComment,Convert comment to documentation comment,Convert single-line or multi-line comments above declarations to XML documentation comments.,1,,Style,Code Quality,C#,,Code style modernization,Recipes for improving C# code quality,,
nuget,OpenRewrite.Recipes.CSharp.CodeQuality,,0.4.0,OpenRewrite.Recipes.CSharp.CodeQuality.Style.DeclareEachAttributeSeparately,Declare each attribute separately,Declare each attribute in a separate attribute list.,1,,Style,Code Quality,C#,,Code style modernization,Recipes for improving C# code quality,,
nuget,OpenRewrite.Recipes.CSharp.CodeQuality,,0.4.0,OpenRewrite.Recipes.CSharp.CodeQuality.Style.DeclareEachTypeInSeparateFile,Declare each type in separate file,Declare each type in a separate file.,1,,Style,Code Quality,C#,,Code style modernization,Recipes for improving C# code quality,,
nuget,OpenRewrite.Recipes.CSharp.CodeQuality,,0.4.0,OpenRewrite.Recipes.CSharp.CodeQuality.Style.DeclareEachTypeSeparately,Declare each type in separate file,Flag files containing multiple top-level type declarations.,1,,Style,Code Quality,C#,,Code style modernization,Recipes for improving C# code quality,,
nuget,OpenRewrite.Recipes.CSharp.CodeQuality,,0.4.0,OpenRewrite.Recipes.CSharp.CodeQuality.Style.DeclareEnumMemberWithZeroValue,Declare enum member with zero value,Ensure [Flags] enums have a member explicitly assigned the value 0.,1,,Style,Code Quality,C#,,Code style modernization,Recipes for improving C# code quality,,
nuget,OpenRewrite.Recipes.CSharp.CodeQuality,,0.4.0,OpenRewrite.Recipes.CSharp.CodeQuality.Style.DeclareEnumValueAsCombination,Declare enum value as combination of names,Declare Flags enum values as combinations of named values.,1,,Style,Code Quality,C#,,Code style modernization,Recipes for improving C# code quality,,
nuget,OpenRewrite.Recipes.CSharp.CodeQuality,,0.4.0,OpenRewrite.Recipes.CSharp.CodeQuality.Style.DeclareUsingDirectiveOnTopLevel,Declare using directive on top level,Move using directives outside of namespace declarations to the top level of the file.,1,,Style,Code Quality,C#,,Code style modernization,Recipes for improving C# code quality,,
nuget,OpenRewrite.Recipes.CSharp.CodeQuality,,0.4.0,OpenRewrite.Recipes.CSharp.CodeQuality.Style.DefaultLabelShouldBeLast,Default label should be last,Move default label to the last position in switch statement.,1,,Style,Code Quality,C#,,Code style modernization,Recipes for improving C# code quality,,
nuget,OpenRewrite.Recipes.CSharp.CodeQuality,,0.4.0,OpenRewrite.Recipes.CSharp.CodeQuality.Style.DuplicateEnumValue,Flag duplicate enum value,Flag enum members that have the same underlying value.,1,,Style,Code Quality,C#,,Code style modernization,Recipes for improving C# code quality,,
nuget,OpenRewrite.Recipes.CSharp.CodeQuality,,0.4.0,OpenRewrite.Recipes.CSharp.CodeQuality.Style.DuplicateWordInComment,Duplicate word in a comment,Find and fix duplicate consecutive words in comments.,1,,Style,Code Quality,C#,,Code style modernization,Recipes for improving C# code quality,,
nuget,OpenRewrite.Recipes.CSharp.CodeQuality,,0.4.0,OpenRewrite.Recipes.CSharp.CodeQuality.Style.EnumShouldDeclareExplicitValues,Enum should declare explicit values,Add explicit values to enum members that do not have them.,1,,Style,Code Quality,C#,,Code style modernization,Recipes for improving C# code quality,,
nuget,OpenRewrite.Recipes.CSharp.CodeQuality,,0.4.0,OpenRewrite.Recipes.CSharp.CodeQuality.Style.FindArgumentExceptionParameterName,ArgumentException should specify argument name,"When throwing `ArgumentException` or derived types, specify the parameter name using `nameof()`.",1,,Style,Code Quality,C#,,Code style modernization,Recipes for improving C# code quality,,
nuget,OpenRewrite.Recipes.CSharp.CodeQuality,,0.4.0,OpenRewrite.Recipes.CSharp.CodeQuality.Style.FindAsyncMethodReturnsNull,Find async void method,Detect `async void` methods. Use `async Task` instead so callers can await and exceptions propagate correctly.,1,,Style,Code Quality,C#,,Code style modernization,Recipes for improving C# code quality,,
nuget,OpenRewrite.Recipes.CSharp.CodeQuality,,0.4.0,OpenRewrite.Recipes.CSharp.CodeQuality.Style.FindAsyncVoidDelegate,Find async void delegate,Detect async lambdas used as delegates where the return type is void. Use `Func<Task>` instead of `Action` for async delegates.,1,,Style,Code Quality,C#,,Code style modernization,Recipes for improving C# code quality,,
nuget,OpenRewrite.Recipes.CSharp.CodeQuality,,0.4.0,OpenRewrite.Recipes.CSharp.CodeQuality.Style.FindAvoidAnonymousDelegateForUnsubscribe,Do not use anonymous delegates to unsubscribe from events,Unsubscribing from events using anonymous delegates or lambdas has no effect because each lambda creates a new delegate instance.,1,,Style,Code Quality,C#,,Code style modernization,Recipes for improving C# code quality,,
nuget,OpenRewrite.Recipes.CSharp.CodeQuality,,0.4.0,OpenRewrite.Recipes.CSharp.CodeQuality.Style.FindAwaitTaskBeforeDisposing,Find unawaited task return in using block,Detect `return` of a Task inside a `using` block without `await`. The resource may be disposed before the task completes.,1,,Style,Code Quality,C#,,Code style modernization,Recipes for improving C# code quality,,
nuget,OpenRewrite.Recipes.CSharp.CodeQuality,,0.4.0,OpenRewrite.Recipes.CSharp.CodeQuality.Style.FindBothConditionSidesIdentical,Find binary expression with identical sides,"Detect binary expressions where both sides are identical, e.g. `x == x` or `a && a`. This is likely a copy-paste bug.",1,,Style,Code Quality,C#,,Code style modernization,Recipes for improving C# code quality,,
nuget,OpenRewrite.Recipes.CSharp.CodeQuality,,0.4.0,OpenRewrite.Recipes.CSharp.CodeQuality.Style.FindClassWithEqualsButNoIEquatable,Find class with Equals(T) but no IEquatable<T>,Detect classes that define `Equals(T)` but do not implement `IEquatable<T>`. Implementing the interface ensures consistency and enables value-based equality.,1,,Style,Code Quality,C#,,Code style modernization,Recipes for improving C# code quality,,
nuget,OpenRewrite.Recipes.CSharp.CodeQuality,,0.4.0,OpenRewrite.Recipes.CSharp.CodeQuality.Style.FindCompareToWithoutIComparable,Find CompareTo without IComparable,Detect classes that provide a `CompareTo` method but do not implement `IComparable<T>`.,1,,Style,Code Quality,C#,,Code style modernization,Recipes for improving C# code quality,,
nuget,OpenRewrite.Recipes.CSharp.CodeQuality,,0.4.0,OpenRewrite.Recipes.CSharp.CodeQuality.Style.FindDangerousThreadingMethods,Do not use dangerous threading methods,"Avoid `Thread.Abort()`, `Thread.Suspend()`, and `Thread.Resume()`. These methods are unreliable and can corrupt state.",1,,Style,Code Quality,C#,,Code style modernization,Recipes for improving C# code quality,,
nuget,OpenRewrite.Recipes.CSharp.CodeQuality,,0.4.0,OpenRewrite.Recipes.CSharp.CodeQuality.Style.FindDefaultParameterValueNeedsOptional,Find [DefaultParameterValue] without [Optional],Detect parameters with `[DefaultParameterValue]` that are missing `[Optional]`. Both attributes are needed for COM interop default parameter behavior.,1,,Style,Code Quality,C#,,Code style modernization,Recipes for improving C# code quality,,
nuget,OpenRewrite.Recipes.CSharp.CodeQuality,,0.4.0,OpenRewrite.Recipes.CSharp.CodeQuality.Style.FindDoNotCallVirtualMethodInConstructor,Find virtual method call in constructor,Detect calls to virtual or abstract methods within constructors. Derived classes may not be fully initialized when these methods execute.,1,,Style,Code Quality,C#,,Code style modernization,Recipes for improving C# code quality,,
nuget,OpenRewrite.Recipes.CSharp.CodeQuality,,0.4.0,OpenRewrite.Recipes.CSharp.CodeQuality.Style.FindDoNotCompareWithNaN,Find comparison with NaN,"Detect comparisons with `NaN` using `==` or `!=`. Use `double.IsNaN()` or `float.IsNaN()` instead, as `x == NaN` is always false.",1,,Style,Code Quality,C#,,Code style modernization,Recipes for improving C# code quality,,
nuget,OpenRewrite.Recipes.CSharp.CodeQuality,,0.4.0,OpenRewrite.Recipes.CSharp.CodeQuality.Style.FindDoNotCreateTypeWithBCLName,Find type with BCL name,"Detect class declarations that use names from well-known BCL types like `Task`, `Action`, `String`, which can cause confusion.",1,,Style,Code Quality,C#,,Code style modernization,Recipes for improving C# code quality,,
nuget,OpenRewrite.Recipes.CSharp.CodeQuality,,0.4.0,OpenRewrite.Recipes.CSharp.CodeQuality.Style.FindDoNotDeclareStaticMembersOnGenericTypes,Find static members on generic types,"Detect static members declared on generic types. Static members on generic types require specifying type arguments at the call site, reducing discoverability.",1,,Style,Code Quality,C#,,Code style modernization,Recipes for improving C# code quality,,
nuget,OpenRewrite.Recipes.CSharp.CodeQuality,,0.4.0,OpenRewrite.Recipes.CSharp.CodeQuality.Style.FindDoNotOverwriteParameterValue,Find overwritten parameter values,"Detect assignments to method parameters, which can mask the original argument and lead to confusion.",1,,Style,Code Quality,C#,,Code style modernization,Recipes for improving C# code quality,,
nuget,OpenRewrite.Recipes.CSharp.CodeQuality,,0.4.0,OpenRewrite.Recipes.CSharp.CodeQuality.Style.FindDoNotPassNullForCancellationToken,Find null passed for CancellationToken,Detect `null` or `default` passed for `CancellationToken` parameters. Use `CancellationToken.None` instead.,1,,Style,Code Quality,C#,,Code style modernization,Recipes for improving C# code quality,,
nuget,OpenRewrite.Recipes.CSharp.CodeQuality,,0.4.0,OpenRewrite.Recipes.CSharp.CodeQuality.Style.FindDoNotRaiseApplicationException,Do not raise ApplicationException,Avoid throwing `ApplicationException`. Use a more specific exception type.,1,,Style,Code Quality,C#,,Code style modernization,Recipes for improving C# code quality,,
nuget,OpenRewrite.Recipes.CSharp.CodeQuality,,0.4.0,OpenRewrite.Recipes.CSharp.CodeQuality.Style.FindDoNotRaiseNotImplementedException,Do not throw NotImplementedException,Throwing `NotImplementedException` indicates incomplete implementation. Implement the functionality or throw a more specific exception.,1,,Style,Code Quality,C#,,Code style modernization,Recipes for improving C# code quality,,
nuget,OpenRewrite.Recipes.CSharp.CodeQuality,,0.4.0,OpenRewrite.Recipes.CSharp.CodeQuality.Style.FindDoNotRaiseReservedExceptionType,Do not raise reserved exception types,"Avoid throwing `Exception`, `SystemException`, or `ApplicationException`. Use more specific exception types.",1,,Style,Code Quality,C#,,Code style modernization,Recipes for improving C# code quality,,
nuget,OpenRewrite.Recipes.CSharp.CodeQuality,,0.4.0,OpenRewrite.Recipes.CSharp.CodeQuality.Style.FindDoNotThrowFromFinalizer,Find throw statements in finalizer,Detect `throw` statements inside finalizer/destructor methods. Throwing from a finalizer can terminate the process.,1,,Style,Code Quality,C#,,Code style modernization,Recipes for improving C# code quality,,
nuget,OpenRewrite.Recipes.CSharp.CodeQuality,,0.4.0,OpenRewrite.Recipes.CSharp.CodeQuality.Style.FindDoNotThrowFromFinallyBlock,Do not throw from finally block,Throwing from a `finally` block can mask the original exception and make debugging difficult.,1,,Style,Code Quality,C#,,Code style modernization,Recipes for improving C# code quality,,
nuget,OpenRewrite.Recipes.CSharp.CodeQuality,,0.4.0,OpenRewrite.Recipes.CSharp.CodeQuality.Style.FindDoNotUseCertificateValidationCallback,Do not write custom certificate validation,Custom certificate validation callbacks can introduce security vulnerabilities by accidentally accepting invalid certificates.,1,,Style,Code Quality,C#,,Code style modernization,Recipes for improving C# code quality,,
nuget,OpenRewrite.Recipes.CSharp.CodeQuality,,0.4.0,OpenRewrite.Recipes.CSharp.CodeQuality.Style.FindDoNotUseEqualityComparerDefaultOfString,Find EqualityComparer<string>.Default,Detect `EqualityComparer<string>.Default` which may use different comparison semantics across platforms. Use an explicit `StringComparer`.,1,,Style,Code Quality,C#,,Code style modernization,Recipes for improving C# code quality,,
nuget,OpenRewrite.Recipes.CSharp.CodeQuality,,0.4.0,OpenRewrite.Recipes.CSharp.CodeQuality.Style.FindDoNotUseGetHashCodeForString,Find GetType() on Type instance,Detect `.GetType()` called on an object that is already a `System.Type`. Use `typeof()` directly.,1,,Style,Code Quality,C#,,Code style modernization,Recipes for improving C# code quality,,
nuget,OpenRewrite.Recipes.CSharp.CodeQuality,,0.4.0,OpenRewrite.Recipes.CSharp.CodeQuality.Style.FindDoNotUseObjectToString,Find ToString on object-typed parameter,"Detect `.ToString()` calls on `object`-typed parameters. The default `object.ToString()` returns the type name, which is rarely the intended behavior.",1,,Style,Code Quality,C#,,Code style modernization,Recipes for improving C# code quality,,
nuget,OpenRewrite.Recipes.CSharp.CodeQuality,,0.4.0,OpenRewrite.Recipes.CSharp.CodeQuality.Style.FindDoNotUseSleep,Find Thread.Sleep usage,Detect `Thread.Sleep()` which blocks the thread. Use `await Task.Delay()` in async contexts instead.,1,,Style,Code Quality,C#,,Code style modernization,Recipes for improving C# code quality,,
nuget,OpenRewrite.Recipes.CSharp.CodeQuality,,0.4.0,OpenRewrite.Recipes.CSharp.CodeQuality.Style.FindDoNotUseStringGetHashCode,Find string.GetHashCode() usage,Detect `string.GetHashCode()` which is not stable across runs. Use `StringComparer.GetHashCode()` or `string.GetHashCode(StringComparison)` instead.,1,,Style,Code Quality,C#,,Code style modernization,Recipes for improving C# code quality,,
nuget,OpenRewrite.Recipes.CSharp.CodeQuality,,0.4.0,OpenRewrite.Recipes.CSharp.CodeQuality.Style.FindEmbedCaughtExceptionAsInner,Embed caught exception as inner exception,"When rethrowing a different exception in a catch block, pass the original exception as the inner exception to preserve the stack trace.",1,,Style,Code Quality,C#,,Code style modernization,Recipes for improving C# code quality,,
nuget,OpenRewrite.Recipes.CSharp.CodeQuality,,0.4.0,OpenRewrite.Recipes.CSharp.CodeQuality.Style.FindEnumDefaultValueZero,Find explicit zero initialization in enum,Detect enum members explicitly initialized to `0`. The default value of an enum is already `0`.,1,,Style,Code Quality,C#,,Code style modernization,Recipes for improving C# code quality,,
nuget,OpenRewrite.Recipes.CSharp.CodeQuality,,0.4.0,OpenRewrite.Recipes.CSharp.CodeQuality.Style.FindEqualsWithoutNotNullWhen,Find Equals without [NotNullWhen(true)],"Detect `Equals(object?)` overrides that are missing `[NotNullWhen(true)]` on the parameter, which helps nullable analysis.",1,,Style,Code Quality,C#,,Code style modernization,Recipes for improving C# code quality,,
nuget,OpenRewrite.Recipes.CSharp.CodeQuality,,0.4.0,OpenRewrite.Recipes.CSharp.CodeQuality.Style.FindEventArgsSenderNotNull,Find event raised with null EventArgs,Detect event invocations that pass `null` for EventArgs. Use `EventArgs.Empty` instead.,1,,Style,Code Quality,C#,,Code style modernization,Recipes for improving C# code quality,,
nuget,OpenRewrite.Recipes.CSharp.CodeQuality,,0.4.0,OpenRewrite.Recipes.CSharp.CodeQuality.Style.FindFlowCancellationTokenInAwaitForEach,Find await foreach without CancellationToken,Detect `await foreach` loops that don't pass a `CancellationToken` via `WithCancellation()` when one is available in the enclosing method.,1,,Style,Code Quality,C#,,Code style modernization,Recipes for improving C# code quality,,
nuget,OpenRewrite.Recipes.CSharp.CodeQuality,,0.4.0,OpenRewrite.Recipes.CSharp.CodeQuality.Style.FindIComparableWithoutComparisonOperators,Find IComparable without comparison operators,"Detect classes that implement `IComparable<T>` but do not override comparison operators (`<`, `>`, `<=`, `>=`).",1,,Style,Code Quality,C#,,Code style modernization,Recipes for improving C# code quality,,
nuget,OpenRewrite.Recipes.CSharp.CodeQuality,,0.4.0,OpenRewrite.Recipes.CSharp.CodeQuality.Style.FindIComparableWithoutIEquatable,Find IComparable<T> without IEquatable<T>,Detect classes that implement `IComparable<T>` but not `IEquatable<T>`. Both interfaces should be implemented together for consistent comparison semantics.,1,,Style,Code Quality,C#,,Code style modernization,Recipes for improving C# code quality,,
nuget,OpenRewrite.Recipes.CSharp.CodeQuality,,0.4.0,OpenRewrite.Recipes.CSharp.CodeQuality.Style.FindIEquatableWithoutEquals,Find IEquatable<T> without Equals(object) override,"Detect classes that implement `IEquatable<T>` but do not override `Equals(object)`, which can lead to inconsistent equality behavior.",1,,Style,Code Quality,C#,,Code style modernization,Recipes for improving C# code quality,,
nuget,OpenRewrite.Recipes.CSharp.CodeQuality,,0.4.0,OpenRewrite.Recipes.CSharp.CodeQuality.Style.FindILoggerTypeMismatch,Find ILogger<T> type parameter mismatch,Detect `ILogger<T>` fields or parameters where `T` doesn't match the containing type name.,1,,Style,Code Quality,C#,,Code style modernization,Recipes for improving C# code quality,,
nuget,OpenRewrite.Recipes.CSharp.CodeQuality,,0.4.0,OpenRewrite.Recipes.CSharp.CodeQuality.Style.FindIfElseBranchesIdentical,Find if/else with identical branches,Detect `if/else` statements where both branches contain identical code. This is likely a copy-paste bug.,1,,Style,Code Quality,C#,,Code style modernization,Recipes for improving C# code quality,,
nuget,OpenRewrite.Recipes.CSharp.CodeQuality,,0.4.0,OpenRewrite.Recipes.CSharp.CodeQuality.Style.FindImplementNonGenericInterface,Find missing non-generic interface implementation,"Detect types implementing `IComparable<T>` without `IComparable`, or `IEquatable<T>` without proper Equals override.",1,,Style,Code Quality,C#,,Code style modernization,Recipes for improving C# code quality,,
nuget,OpenRewrite.Recipes.CSharp.CodeQuality,,0.4.0,OpenRewrite.Recipes.CSharp.CodeQuality.Style.FindImplicitCultureSensitiveToStringDirect,Find implicit culture-sensitive ToString in concatenation,Detect string concatenation with numeric types that implicitly call culture-sensitive `ToString()`. Use an explicit format or `CultureInfo.InvariantCulture`.,1,,Style,Code Quality,C#,,Code style modernization,Recipes for improving C# code quality,,
nuget,OpenRewrite.Recipes.CSharp.CodeQuality,,0.4.0,OpenRewrite.Recipes.CSharp.CodeQuality.Style.FindImplicitDateTimeOffsetConversion,Find implicit DateTime to DateTimeOffset conversion,Detect implicit conversion from `DateTime` to `DateTimeOffset` which uses the local time zone and can produce unexpected results.,1,,Style,Code Quality,C#,,Code style modernization,Recipes for improving C# code quality,,
nuget,OpenRewrite.Recipes.CSharp.CodeQuality,,0.4.0,OpenRewrite.Recipes.CSharp.CodeQuality.Style.FindInterpolatedStringWithoutParameters,Find interpolated string without parameters,Detect interpolated strings (`$"..."`) that contain no interpolation expressions. Use a regular string literal instead.,1,,Style,Code Quality,C#,,Code style modernization,Recipes for improving C# code quality,,
nuget,OpenRewrite.Recipes.CSharp.CodeQuality,,0.4.0,OpenRewrite.Recipes.CSharp.CodeQuality.Style.FindInvalidAttributeArgumentType,Find potentially invalid attribute argument type,"Detect attribute arguments that use types not valid in attribute constructors (only primitives, string, Type, enums, and arrays of these are allowed).",1,,Style,Code Quality,C#,,Code style modernization,Recipes for improving C# code quality,,
nuget,OpenRewrite.Recipes.CSharp.CodeQuality,,0.4.0,OpenRewrite.Recipes.CSharp.CodeQuality.Style.FindMethodReturningIAsyncEnumerable,Find IAsyncEnumerable method without Async suffix,Detect methods returning `IAsyncEnumerable<T>` that don't end with `Async`.,1,,Style,Code Quality,C#,,Code style modernization,Recipes for improving C# code quality,,
nuget,OpenRewrite.Recipes.CSharp.CodeQuality,,0.4.0,OpenRewrite.Recipes.CSharp.CodeQuality.Style.FindMethodTooLong,Find method that is too long,Detect methods with more than 60 statements. Long methods are harder to understand and maintain.,1,,Style,Code Quality,C#,,Code style modernization,Recipes for improving C# code quality,,
nuget,OpenRewrite.Recipes.CSharp.CodeQuality,,0.4.0,OpenRewrite.Recipes.CSharp.CodeQuality.Style.FindMissingCancellationTokenOverload,Find async call missing CancellationToken,Detect async method calls that don't pass a `CancellationToken` when the enclosing method has one available as a parameter.,1,,Style,Code Quality,C#,,Code style modernization,Recipes for improving C# code quality,,
nuget,OpenRewrite.Recipes.CSharp.CodeQuality,,0.4.0,OpenRewrite.Recipes.CSharp.CodeQuality.Style.FindMissingNamedParameter,Find boolean literal arguments without parameter name,Detect method calls passing `true` or `false` literals as arguments. Using named parameters improves readability.,1,,Style,Code Quality,C#,,Code style modernization,Recipes for improving C# code quality,,
nuget,OpenRewrite.Recipes.CSharp.CodeQuality,,0.4.0,OpenRewrite.Recipes.CSharp.CodeQuality.Style.FindMissingParamsInOverride,Find override method missing params keyword,Detect override methods that may be missing the `params` keyword on array parameters that the base method declares as `params`.,1,,Style,Code Quality,C#,,Code style modernization,Recipes for improving C# code quality,,
nuget,OpenRewrite.Recipes.CSharp.CodeQuality,,0.4.0,OpenRewrite.Recipes.CSharp.CodeQuality.Style.FindMissingStringComparison,Find string method missing StringComparison,"Detect string methods like `Equals`, `Contains`, `StartsWith`, `EndsWith` called without an explicit `StringComparison` parameter.",1,,Style,Code Quality,C#,,Code style modernization,Recipes for improving C# code quality,,
nuget,OpenRewrite.Recipes.CSharp.CodeQuality,,0.4.0,OpenRewrite.Recipes.CSharp.CodeQuality.Style.FindMissingStringEqualityComparer,Find missing string equality comparer,"Detect `Dictionary<string, T>` and `HashSet<string>` created without an explicit `StringComparer`. Without a comparer, the default ordinal comparison is used.",1,,Style,Code Quality,C#,,Code style modernization,Recipes for improving C# code quality,,
nuget,OpenRewrite.Recipes.CSharp.CodeQuality,,0.4.0,OpenRewrite.Recipes.CSharp.CodeQuality.Style.FindMultiLineXmlComment,Find multi-line XML doc comments,Detect `/** */` style XML documentation comments that could use the `///` single-line syntax for consistency.,1,,Style,Code Quality,C#,,Code style modernization,Recipes for improving C# code quality,,
nuget,OpenRewrite.Recipes.CSharp.CodeQuality,,0.4.0,OpenRewrite.Recipes.CSharp.CodeQuality.Style.FindNonConstantStaticFieldsVisible,Non-constant static fields should not be visible,"Public static fields that are not `const` or `readonly` can be modified by any code, breaking encapsulation. Make them `readonly` or use a property.",1,,Style,Code Quality,C#,,Code style modernization,Recipes for improving C# code quality,,
nuget,OpenRewrite.Recipes.CSharp.CodeQuality,,0.4.0,OpenRewrite.Recipes.CSharp.CodeQuality.Style.FindNonDeterministicEndOfLine,Find non-deterministic end-of-line in strings,Detect string literals containing `\n` that may behave differently across platforms. Consider using `Environment.NewLine` instead.,1,,Style,Code Quality,C#,,Code style modernization,Recipes for improving C# code quality,,
nuget,OpenRewrite.Recipes.CSharp.CodeQuality,,0.4.0,OpenRewrite.Recipes.CSharp.CodeQuality.Style.FindNonFlagsEnumWithFlagsAttribute,Find non-flags enum with [Flags],"Detect enums marked with `[Flags]` whose values are not powers of two, indicating they are not truly flags enums.",1,,Style,Code Quality,C#,,Code style modernization,Recipes for improving C# code quality,,
nuget,OpenRewrite.Recipes.CSharp.CodeQuality,,0.4.0,OpenRewrite.Recipes.CSharp.CodeQuality.Style.FindNotNullIfNotNullAttribute,Find missing NotNullIfNotNull attribute,Detect methods with nullable return types depending on nullable parameters that lack `[NotNullIfNotNull]` attribute.,1,,Style,Code Quality,C#,,Code style modernization,Recipes for improving C# code quality,,
nuget,OpenRewrite.Recipes.CSharp.CodeQuality,,0.4.0,OpenRewrite.Recipes.CSharp.CodeQuality.Style.FindObserveAsyncResult,Find unobserved async call result,"Detect calls to async methods where the returned Task is not awaited, assigned, or otherwise observed. Unobserved tasks may silently swallow exceptions.",1,,Style,Code Quality,C#,,Code style modernization,Recipes for improving C# code quality,,
nuget,OpenRewrite.Recipes.CSharp.CodeQuality,,0.4.0,OpenRewrite.Recipes.CSharp.CodeQuality.Style.FindObsoleteWithoutMessage,Obsolete attribute should include explanation,The `[Obsolete]` attribute should include a message explaining why the member is obsolete and what to use instead.,1,,Style,Code Quality,C#,,Code style modernization,Recipes for improving C# code quality,,
nuget,OpenRewrite.Recipes.CSharp.CodeQuality,,0.4.0,OpenRewrite.Recipes.CSharp.CodeQuality.Style.FindOverrideChangesParameterDefaults,Find overrides that change parameter defaults,Detect `override` methods with default parameter values. Overrides should not change defaults from the base method as this causes confusing behavior depending on the reference type.,1,,Style,Code Quality,C#,,Code style modernization,Recipes for improving C# code quality,,
nuget,OpenRewrite.Recipes.CSharp.CodeQuality,,0.4.0,OpenRewrite.Recipes.CSharp.CodeQuality.Style.FindPreferCollectionAbstraction,Find concrete collection in public API,Detect public method parameters or return types that use concrete collection types like `List<T>` instead of `IList<T>` or `IEnumerable<T>`.,1,,Style,Code Quality,C#,,Code style modernization,Recipes for improving C# code quality,,
nuget,OpenRewrite.Recipes.CSharp.CodeQuality,,0.4.0,OpenRewrite.Recipes.CSharp.CodeQuality.Style.FindPrimaryConstructorReadonly,Find reassigned primary constructor parameter,Detect primary constructor parameters that are reassigned in the class body. Primary constructor parameters should be treated as readonly.,1,,Style,Code Quality,C#,,Code style modernization,Recipes for improving C# code quality,,
nuget,OpenRewrite.Recipes.CSharp.CodeQuality,,0.4.0,OpenRewrite.Recipes.CSharp.CodeQuality.Style.FindRawStringImplicitEndOfLine,Find raw string with implicit end of line,Detect raw string literals (`"""..."""`) that contain implicit end-of-line characters which may behave differently across platforms.,1,,Style,Code Quality,C#,,Code style modernization,Recipes for improving C# code quality,,
nuget,OpenRewrite.Recipes.CSharp.CodeQuality,,0.4.0,OpenRewrite.Recipes.CSharp.CodeQuality.Style.FindReadOnlyStructMembers,Find struct member that could be readonly,Detect struct methods and properties that don't modify state and could be marked `readonly` to prevent defensive copies.,1,,Style,Code Quality,C#,,Code style modernization,Recipes for improving C# code quality,,
nuget,OpenRewrite.Recipes.CSharp.CodeQuality,,0.4.0,OpenRewrite.Recipes.CSharp.CodeQuality.Style.FindRedundantArgumentValue,Find redundant default argument values,Detect named arguments that explicitly pass a default value. Removing them simplifies the call.,1,,Style,Code Quality,C#,,Code style modernization,Recipes for improving C# code quality,,
nuget,OpenRewrite.Recipes.CSharp.CodeQuality,,0.4.0,OpenRewrite.Recipes.CSharp.CodeQuality.Style.FindSenderNullForStaticEvents,Find static event with non-null sender,Detect static event invocations that pass `this` as the sender. Static events should use `null` as the sender.,1,,Style,Code Quality,C#,,Code style modernization,Recipes for improving C# code quality,,
nuget,OpenRewrite.Recipes.CSharp.CodeQuality,,0.4.0,OpenRewrite.Recipes.CSharp.CodeQuality.Style.FindSingleLineXmlComment,Find multi-line XML doc comment style,Detect `/** ... */` style XML doc comments. Use `///` single-line style instead for consistency.,1,,Style,Code Quality,C#,,Code style modernization,Recipes for improving C# code quality,,
nuget,OpenRewrite.Recipes.CSharp.CodeQuality,,0.4.0,OpenRewrite.Recipes.CSharp.CodeQuality.Style.FindSpanEqualityOperator,Find equality operator on Span<T>,Detect `==` or `!=` operators on `Span<T>` or `ReadOnlySpan<T>`. Use `SequenceEqual` instead.,1,,Style,Code Quality,C#,,Code style modernization,Recipes for improving C# code quality,,
nuget,OpenRewrite.Recipes.CSharp.CodeQuality,,0.4.0,OpenRewrite.Recipes.CSharp.CodeQuality.Style.FindStreamReadIgnored,Find Stream.Read() return value ignored,Detect `Stream.Read()` calls where the return value (bytes read) is not used. This can lead to incomplete reads.,1,,Style,Code Quality,C#,,Code style modernization,Recipes for improving C# code quality,,
nuget,OpenRewrite.Recipes.CSharp.CodeQuality,,0.4.0,OpenRewrite.Recipes.CSharp.CodeQuality.Style.FindStringFormatConstant,Find non-constant string.Format format string,Detect non-constant format strings passed to `string.Format`. Use a constant to prevent format string injection.,1,,Style,Code Quality,C#,,Code style modernization,Recipes for improving C# code quality,,
nuget,OpenRewrite.Recipes.CSharp.CodeQuality,,0.4.0,OpenRewrite.Recipes.CSharp.CodeQuality.Style.FindTaskInUsing,Find unawaited task in using statement,"Detect `using` statements where a Task is not awaited, which can cause premature disposal before the task completes.",1,,Style,Code Quality,C#,,Code style modernization,Recipes for improving C# code quality,,
nuget,OpenRewrite.Recipes.CSharp.CodeQuality,,0.4.0,OpenRewrite.Recipes.CSharp.CodeQuality.Style.FindThreadStaticOnInstanceField,Do not use ThreadStatic on instance fields,`[ThreadStatic]` only works on static fields. Using it on instance fields has no effect.,1,,Style,Code Quality,C#,,Code style modernization,Recipes for improving C# code quality,,
nuget,OpenRewrite.Recipes.CSharp.CodeQuality,,0.4.0,OpenRewrite.Recipes.CSharp.CodeQuality.Style.FindThrowIfNullWithNonNullable,Find ThrowIfNull with value type argument,Detect `ArgumentNullException.ThrowIfNull` called with value type parameters that can never be null.,1,,Style,Code Quality,C#,,Code style modernization,Recipes for improving C# code quality,,
nuget,OpenRewrite.Recipes.CSharp.CodeQuality,,0.4.0,OpenRewrite.Recipes.CSharp.CodeQuality.Style.FindTypeNameMatchesNamespace,Find type name matching namespace,"Detect type names that match their containing namespace, which can cause ambiguous references.",1,,Style,Code Quality,C#,,Code style modernization,Recipes for improving C# code quality,,
nuget,OpenRewrite.Recipes.CSharp.CodeQuality,,0.4.0,OpenRewrite.Recipes.CSharp.CodeQuality.Style.FindTypeShouldNotExtendApplicationException,Types should not extend ApplicationException,Do not create custom exceptions that inherit from `ApplicationException`. Inherit from `Exception` or a more specific exception type.,1,,Style,Code Quality,C#,,Code style modernization,Recipes for improving C# code quality,,
nuget,OpenRewrite.Recipes.CSharp.CodeQuality,,0.4.0,OpenRewrite.Recipes.CSharp.CodeQuality.Style.FindUseCallerArgumentExpression,Find redundant nameof with CallerArgumentExpression,Detect `nameof(param)` passed to parameters marked with `[CallerArgumentExpression]`. The attribute fills the value automatically.,1,,Style,Code Quality,C#,,Code style modernization,Recipes for improving C# code quality,,
nuget,OpenRewrite.Recipes.CSharp.CodeQuality,,0.4.0,OpenRewrite.Recipes.CSharp.CodeQuality.Style.FindUseDateTimeOffsetInsteadOfDateTime,Find DateTime.Now/UtcNow usage,Detect `DateTime.Now` and `DateTime.UtcNow` usage. Use `DateTimeOffset` instead for unambiguous time representation across time zones.,1,,Style,Code Quality,C#,,Code style modernization,Recipes for improving C# code quality,,
nuget,OpenRewrite.Recipes.CSharp.CodeQuality,,0.4.0,OpenRewrite.Recipes.CSharp.CodeQuality.Style.FindUseDebuggerDisplayAttribute,Find ToString override without DebuggerDisplay,Detect classes that override `ToString()` but lack `[DebuggerDisplay]` attribute for debugger integration.,1,,Style,Code Quality,C#,,Code style modernization,Recipes for improving C# code quality,,
nuget,OpenRewrite.Recipes.CSharp.CodeQuality,,0.4.0,OpenRewrite.Recipes.CSharp.CodeQuality.Style.FindUseDefaultParameterValue,Find [DefaultValue] on parameter,"Detect `[DefaultValue]` on method parameters. Use `[DefaultParameterValue]` instead, as `[DefaultValue]` is for component model metadata only.",1,,Style,Code Quality,C#,,Code style modernization,Recipes for improving C# code quality,,
nuget,OpenRewrite.Recipes.CSharp.CodeQuality,,0.4.0,OpenRewrite.Recipes.CSharp.CodeQuality.Style.FindUseElementAccessInsteadOfLinq,Find ElementAt() that could use indexer,Detect LINQ `.ElementAt(index)` calls that could be replaced with direct indexer access `[index]`.,1,,Style,Code Quality,C#,,Code style modernization,Recipes for improving C# code quality,,
nuget,OpenRewrite.Recipes.CSharp.CodeQuality,,0.4.0,OpenRewrite.Recipes.CSharp.CodeQuality.Style.FindUseEqualsMethodInsteadOfOperator,Find == comparison that should use Equals(),Detect `==` comparisons on reference types that override `Equals`. Using `==` may compare references instead of values.,1,,Style,Code Quality,C#,,Code style modernization,Recipes for improving C# code quality,,
nuget,OpenRewrite.Recipes.CSharp.CodeQuality,,0.4.0,OpenRewrite.Recipes.CSharp.CodeQuality.Style.FindUseExplicitEnumValue,Find integer 0 used instead of named enum value,Detect usage of integer literal `0` where a named enum member should be used for clarity.,1,,Style,Code Quality,C#,,Code style modernization,Recipes for improving C# code quality,,
nuget,OpenRewrite.Recipes.CSharp.CodeQuality,,0.4.0,OpenRewrite.Recipes.CSharp.CodeQuality.Style.FindUseFormatProviderInToString,Find Parse/ToString without IFormatProvider,"Detect calls to culture-sensitive methods like `int.Parse`, `double.Parse` without an explicit `IFormatProvider` or `CultureInfo`.",1,,Style,Code Quality,C#,,Code style modernization,Recipes for improving C# code quality,,
nuget,OpenRewrite.Recipes.CSharp.CodeQuality,,0.4.0,OpenRewrite.Recipes.CSharp.CodeQuality.Style.FindUseIFormatProvider,Find Parse/TryParse without IFormatProvider,Detect `int.Parse(str)` and similar calls without an `IFormatProvider` parameter. Use `CultureInfo.InvariantCulture` for culture-independent parsing.,1,,Style,Code Quality,C#,,Code style modernization,Recipes for improving C# code quality,,
nuget,OpenRewrite.Recipes.CSharp.CodeQuality,,0.4.0,OpenRewrite.Recipes.CSharp.CodeQuality.Style.FindUseLangwordInXmlComment,Find missing langword in XML comment,"Detect XML doc comments that reference `null`, `true`, `false` as plain text instead of using `<see langword=""...""/>`.",1,,Style,Code Quality,C#,,Code style modernization,Recipes for improving C# code quality,,
nuget,OpenRewrite.Recipes.CSharp.CodeQuality,,0.4.0,OpenRewrite.Recipes.CSharp.CodeQuality.Style.FindUseLazyInitializerEnsureInitialize,Find Interlocked.CompareExchange lazy init pattern,"Detect `Interlocked.CompareExchange(ref field, new T(), null)` pattern. Use `LazyInitializer.EnsureInitialized` for cleaner lazy initialization.",1,,Style,Code Quality,C#,,Code style modernization,Recipes for improving C# code quality,,
nuget,OpenRewrite.Recipes.CSharp.CodeQuality,,0.4.0,OpenRewrite.Recipes.CSharp.CodeQuality.Style.FindUseListPatternMatching,Find collection emptiness check,Detect `.Length == 0` or `.Count == 0` checks that could use list patterns like `is []` in C# 11+.,1,,Style,Code Quality,C#,,Code style modernization,Recipes for improving C# code quality,,
nuget,OpenRewrite.Recipes.CSharp.CodeQuality,,0.4.0,OpenRewrite.Recipes.CSharp.CodeQuality.Style.FindUseNamedParameter,Find boolean literal argument without name,Detect boolean literal arguments (`true`/`false`) passed without named parameters. Named arguments improve readability.,1,,Style,Code Quality,C#,,Code style modernization,Recipes for improving C# code quality,,
nuget,OpenRewrite.Recipes.CSharp.CodeQuality,,0.4.0,OpenRewrite.Recipes.CSharp.CodeQuality.Style.FindUseOperatingSystemMethods,Use OperatingSystem methods instead of RuntimeInformation,Use `OperatingSystem.IsWindows()` and similar methods instead of `RuntimeInformation.IsOSPlatform()`. The OperatingSystem methods are more concise and can be optimized by the JIT.,1,,Style,Code Quality,C#,,Code style modernization,Recipes for improving C# code quality,,
nuget,OpenRewrite.Recipes.CSharp.CodeQuality,,0.4.0,OpenRewrite.Recipes.CSharp.CodeQuality.Style.FindUseProcessStartWithStartInfo,Find Process.Start with string argument,Detect `Process.Start("filename")` which should use the `ProcessStartInfo` overload for explicit control over `UseShellExecute` and other settings.,1,,Style,Code Quality,C#,,Code style modernization,Recipes for improving C# code quality,,
nuget,OpenRewrite.Recipes.CSharp.CodeQuality,,0.4.0,OpenRewrite.Recipes.CSharp.CodeQuality.Style.FindUseRecordClassExplicitly,Find implicit record class declaration,Detect `record` declarations that should use `record class` explicitly to clarify that they are reference types.,1,,Style,Code Quality,C#,,Code style modernization,Recipes for improving C# code quality,,
nuget,OpenRewrite.Recipes.CSharp.CodeQuality,,0.4.0,OpenRewrite.Recipes.CSharp.CodeQuality.Style.FindUseRegexOptions,Find Regex without ExplicitCapture option,Detect `new Regex()` or `Regex.IsMatch()` without `RegexOptions.ExplicitCapture`. Using this option avoids unnecessary unnamed captures.,1,,Style,Code Quality,C#,,Code style modernization,Recipes for improving C# code quality,,
nuget,OpenRewrite.Recipes.CSharp.CodeQuality,,0.4.0,OpenRewrite.Recipes.CSharp.CodeQuality.Style.FindUseShellExecuteFalseWhenRedirecting,Find redirect without UseShellExecute=false,Detect `ProcessStartInfo` that sets `RedirectStandard*` without explicitly setting `UseShellExecute = false`.,1,,Style,Code Quality,C#,,Code style modernization,Recipes for improving C# code quality,,
nuget,OpenRewrite.Recipes.CSharp.CodeQuality,,0.4.0,OpenRewrite.Recipes.CSharp.CodeQuality.Style.FindUseShellExecuteNotSet,Find ProcessStartInfo without UseShellExecute,Detect `new ProcessStartInfo()` without explicitly setting `UseShellExecute`. The default changed between .NET Framework (true) and .NET Core (false).,1,,Style,Code Quality,C#,,Code style modernization,Recipes for improving C# code quality,,
nuget,OpenRewrite.Recipes.CSharp.CodeQuality,,0.4.0,OpenRewrite.Recipes.CSharp.CodeQuality.Style.FindUseStringComparer,Find Dictionary/HashSet without StringComparer,"Detect `Dictionary<string, T>` or `HashSet<string>` created without an explicit `StringComparer`. Use `StringComparer.Ordinal` or `StringComparer.OrdinalIgnoreCase`.",1,,Style,Code Quality,C#,,Code style modernization,Recipes for improving C# code quality,,
nuget,OpenRewrite.Recipes.CSharp.CodeQuality,,0.4.0,OpenRewrite.Recipes.CSharp.CodeQuality.Style.FindUseStringCreateInsteadOfConcat,Find FormattableString usage,Detect `FormattableString` usage. Consider using `String.Create` on .NET 6+ for better performance.,1,,Style,Code Quality,C#,,Code style modernization,Recipes for improving C# code quality,,
nuget,OpenRewrite.Recipes.CSharp.CodeQuality,,0.4.0,OpenRewrite.Recipes.CSharp.CodeQuality.Style.FindUseStringEqualsInsteadOfIsPattern,Find 'is' pattern with string literal,Detect `x is "literal"` patterns that should use `string.Equals` with explicit `StringComparison` for culture-aware or case-insensitive comparisons.,1,,Style,Code Quality,C#,,Code style modernization,Recipes for improving C# code quality,,
nuget,OpenRewrite.Recipes.CSharp.CodeQuality,,0.4.0,OpenRewrite.Recipes.CSharp.CodeQuality.Style.FindUseSystemThreadingLock,Use System.Threading.Lock instead of object for locking,"In .NET 9+, use `System.Threading.Lock` instead of `object` for lock objects. The dedicated Lock type provides better performance.",1,,Style,Code Quality,C#,,Code style modernization,Recipes for improving C# code quality,,
nuget,OpenRewrite.Recipes.CSharp.CodeQuality,,0.4.0,OpenRewrite.Recipes.CSharp.CodeQuality.Style.FindUseTaskUnwrap,Find double await pattern,Detect `await await` pattern which can be replaced with `.Unwrap()` for clarity.,1,,Style,Code Quality,C#,,Code style modernization,Recipes for improving C# code quality,,
nuget,OpenRewrite.Recipes.CSharp.CodeQuality,,0.4.0,OpenRewrite.Recipes.CSharp.CodeQuality.Style.FindUseTimeProviderInsteadOfCustom,Find custom time abstraction,Detect interfaces or abstract classes that appear to be custom time providers. Use `System.TimeProvider` (available in .NET 8+) instead.,1,,Style,Code Quality,C#,,Code style modernization,Recipes for improving C# code quality,,
nuget,OpenRewrite.Recipes.CSharp.CodeQuality,,0.4.0,OpenRewrite.Recipes.CSharp.CodeQuality.Style.FindValidateArgumentsBeforeYield,Find argument validation in iterator method,Detect iterator methods that validate arguments after `yield return`. Argument validation in iterators is deferred until enumeration begins.,1,,Style,Code Quality,C#,,Code style modernization,Recipes for improving C# code quality,,
nuget,OpenRewrite.Recipes.CSharp.CodeQuality,,0.4.0,OpenRewrite.Recipes.CSharp.CodeQuality.Style.ImplementExceptionConstructors,Implement exception constructors,Ensure custom exception classes implement standard constructors.,1,,Style,Code Quality,C#,,Code style modernization,Recipes for improving C# code quality,,
nuget,OpenRewrite.Recipes.CSharp.CodeQuality,,0.4.0,OpenRewrite.Recipes.CSharp.CodeQuality.Style.ImplementNonGenericCounterpart,Implement non-generic counterpart,Implement non-generic interface when implementing generic counterpart.,1,,Style,Code Quality,C#,,Code style modernization,Recipes for improving C# code quality,,
nuget,OpenRewrite.Recipes.CSharp.CodeQuality,,0.4.0,OpenRewrite.Recipes.CSharp.CodeQuality.Style.InvalidArgumentNullCheck,Fix invalid argument null check,Fix invalid argument null check patterns.,1,,Style,Code Quality,C#,,Code style modernization,Recipes for improving C# code quality,,
nuget,OpenRewrite.Recipes.CSharp.CodeQuality,,0.4.0,OpenRewrite.Recipes.CSharp.CodeQuality.Style.MakeClassSealed,Make class sealed,A class that has only private constructors should be marked as sealed.,1,,Style,Code Quality,C#,,Code style modernization,Recipes for improving C# code quality,,
nuget,OpenRewrite.Recipes.CSharp.CodeQuality,,0.4.0,OpenRewrite.Recipes.CSharp.CodeQuality.Style.MakeClassStatic,Make class static,Make classes that contain only static members static.,1,,Style,Code Quality,C#,,Code style modernization,Recipes for improving C# code quality,,
nuget,OpenRewrite.Recipes.CSharp.CodeQuality,,0.4.0,OpenRewrite.Recipes.CSharp.CodeQuality.Style.MakeFieldReadOnly,Make field read-only,Make field read-only when it is only assigned in the constructor or initializer.,1,,Style,Code Quality,C#,,Code style modernization,Recipes for improving C# code quality,,
nuget,OpenRewrite.Recipes.CSharp.CodeQuality,,0.4.0,OpenRewrite.Recipes.CSharp.CodeQuality.Style.MakeMethodExtensionMethod,Make method an extension method,Convert a static method to an extension method where appropriate.,1,,Style,Code Quality,C#,,Code style modernization,Recipes for improving C# code quality,,
nuget,OpenRewrite.Recipes.CSharp.CodeQuality,,0.4.0,OpenRewrite.Recipes.CSharp.CodeQuality.Style.MarkLocalVariableAsConst,Mark local variable as const,Mark local variable as const when its value never changes.,1,,Style,Code Quality,C#,,Code style modernization,Recipes for improving C# code quality,,
nuget,OpenRewrite.Recipes.CSharp.CodeQuality,,0.4.0,OpenRewrite.Recipes.CSharp.CodeQuality.Style.MarkTypeWithDebuggerDisplay,Mark type with DebuggerDisplay attribute,Add DebuggerDisplay attribute to publicly visible types to improve debugging experience.,1,,Style,Code Quality,C#,,Code style modernization,Recipes for improving C# code quality,,
nuget,OpenRewrite.Recipes.CSharp.CodeQuality,,0.4.0,OpenRewrite.Recipes.CSharp.CodeQuality.Style.MergePreprocessorDirectives,Merge preprocessor directives,Merge consecutive preprocessor directives that can be combined into a single directive.,1,,Style,Code Quality,C#,,Code style modernization,Recipes for improving C# code quality,,
nuget,OpenRewrite.Recipes.CSharp.CodeQuality,,0.4.0,OpenRewrite.Recipes.CSharp.CodeQuality.Style.NormalizeEnumFlagValue,Normalize format of enum flag value,Normalize the format of Flags enum values.,1,,Style,Code Quality,C#,,Code style modernization,Recipes for improving C# code quality,,
nuget,OpenRewrite.Recipes.CSharp.CodeQuality,,0.4.0,OpenRewrite.Recipes.CSharp.CodeQuality.Style.OrderModifiers,Order modifiers,"Reorder modifiers to the canonical C# order: access, new, abstract/virtual/override/sealed, static, readonly, extern, unsafe, volatile, async, partial, const.",1,,Style,Code Quality,C#,,Code style modernization,Recipes for improving C# code quality,,
nuget,OpenRewrite.Recipes.CSharp.CodeQuality,,0.4.0,OpenRewrite.Recipes.CSharp.CodeQuality.Style.OrderNamedArguments,Order named arguments by parameters,Reorder named arguments to match parameter order.,1,,Style,Code Quality,C#,,Code style modernization,Recipes for improving C# code quality,,
nuget,OpenRewrite.Recipes.CSharp.CodeQuality,,0.4.0,OpenRewrite.Recipes.CSharp.CodeQuality.Style.OrderTypeParameterConstraints,Order type parameter constraints,Order type parameter constraints consistently.,1,,Style,Code Quality,C#,,Code style modernization,Recipes for improving C# code quality,,
nuget,OpenRewrite.Recipes.CSharp.CodeQuality,,0.4.0,OpenRewrite.Recipes.CSharp.CodeQuality.Style.OverridingMemberShouldNotChangeParams,Overriding member should not change 'params' modifier,An overriding member should not add or remove the 'params' modifier compared to its base declaration.,1,,Style,Code Quality,C#,,Code style modernization,Recipes for improving C# code quality,,
nuget,OpenRewrite.Recipes.CSharp.CodeQuality,,0.4.0,OpenRewrite.Recipes.CSharp.CodeQuality.Style.ParameterNameDiffersFromBase,Parameter name differs from base,Rename parameter to match base class or interface definition.,1,,Style,Code Quality,C#,,Code style modernization,Recipes for improving C# code quality,,
nuget,OpenRewrite.Recipes.CSharp.CodeQuality,,0.4.0,OpenRewrite.Recipes.CSharp.CodeQuality.Style.ParenthesizeNotPattern,Parenthesize not pattern for clarity,Add parentheses to `not A or B` → `(not A) or B` to clarify that `not` binds tighter than `or`.,1,,Style,Code Quality,C#,,Code style modernization,Recipes for improving C# code quality,,
nuget,OpenRewrite.Recipes.CSharp.CodeQuality,,0.4.0,OpenRewrite.Recipes.CSharp.CodeQuality.Style.PreferNullCheckOverTypeCheck,Prefer null check over type check,Replace `x is object` with `x is not null` for clarity.,1,,Style,Code Quality,C#,,Code style modernization,Recipes for improving C# code quality,,
nuget,OpenRewrite.Recipes.CSharp.CodeQuality,,0.4.0,OpenRewrite.Recipes.CSharp.CodeQuality.Style.SimplifyBooleanLogic,Simplify boolean logic with constants,"Simplify `x || true` to `true`, `x && false` to `false`, `x || false` to `x`, and `x && true` to `x`.",1,,Style,Code Quality,C#,,Code style modernization,Recipes for improving C# code quality,,
nuget,OpenRewrite.Recipes.CSharp.CodeQuality,,0.4.0,OpenRewrite.Recipes.CSharp.CodeQuality.Style.SortEnumMembers,Sort enum members,Sort enum members by their resolved constant value.,1,,Style,Code Quality,C#,,Code style modernization,Recipes for improving C# code quality,,
nuget,OpenRewrite.Recipes.CSharp.CodeQuality,,0.4.0,OpenRewrite.Recipes.CSharp.CodeQuality.Style.SplitVariableDeclaration,Split variable declaration,Split multi-variable declarations into separate declarations.,1,,Style,Code Quality,C#,,Code style modernization,Recipes for improving C# code quality,,
nuget,OpenRewrite.Recipes.CSharp.CodeQuality,,0.4.0,OpenRewrite.Recipes.CSharp.CodeQuality.Style.StaticMemberInGenericType,Static member in generic type should use a type parameter,Find static members in generic types that do not use any of the type's type parameters.,1,,Style,Code Quality,C#,,Code style modernization,Recipes for improving C# code quality,,
nuget,OpenRewrite.Recipes.CSharp.CodeQuality,,0.4.0,OpenRewrite.Recipes.CSharp.CodeQuality.Style.StyleCodeQuality,Style code quality,Code style modernization recipes for C#.,168,,Style,Code Quality,C#,,Code style modernization,Recipes for improving C# code quality,,
nuget,OpenRewrite.Recipes.CSharp.CodeQuality,,0.4.0,OpenRewrite.Recipes.CSharp.CodeQuality.Style.UnusedParameter,Remove unused parameter,Rename unused lambda parameters to discard (_).,1,,Style,Code Quality,C#,,Code style modernization,Recipes for improving C# code quality,,
nuget,OpenRewrite.Recipes.CSharp.CodeQuality,,0.4.0,OpenRewrite.Recipes.CSharp.CodeQuality.Style.UnusedTypeParameter,Remove unused type parameter,Flag type parameters that are not used.,1,,Style,Code Quality,C#,,Code style modernization,Recipes for improving C# code quality,,
nuget,OpenRewrite.Recipes.CSharp.CodeQuality,,0.4.0,OpenRewrite.Recipes.CSharp.CodeQuality.Style.UseAsyncAwait,Use async/await when necessary,Add async/await to methods that return Task but don't use await.,1,,Style,Code Quality,C#,,Code style modernization,Recipes for improving C# code quality,,
nuget,OpenRewrite.Recipes.CSharp.CodeQuality,,0.4.0,OpenRewrite.Recipes.CSharp.CodeQuality.Style.UseAttributeUsageAttribute,Use AttributeUsageAttribute,Add AttributeUsage to custom attribute classes.,1,,Style,Code Quality,C#,,Code style modernization,Recipes for improving C# code quality,,
nuget,OpenRewrite.Recipes.CSharp.CodeQuality,,0.4.0,OpenRewrite.Recipes.CSharp.CodeQuality.Style.UseAutoProperty,Use auto property,Use auto property instead of property with backing field.,1,,Style,Code Quality,C#,,Code style modernization,Recipes for improving C# code quality,,
nuget,OpenRewrite.Recipes.CSharp.CodeQuality,,0.4.0,OpenRewrite.Recipes.CSharp.CodeQuality.Style.UseBlockBodyOrExpressionBody,Use block body or expression body,Convert between block body and expression body for members.,1,,Style,Code Quality,C#,,Code style modernization,Recipes for improving C# code quality,,"[{""name"":""AllowMultiLine"",""type"":""Boolean"",""displayName"":""Allow multi-line expression body"",""description"":""When true, also flags methods with multi-line return expressions (e.g., switch expressions, multi-line conditionals). Default is false, matching Roslyn's default RCS1016 behavior."",""value"":false}]"
nuget,OpenRewrite.Recipes.CSharp.CodeQuality,,0.4.0,OpenRewrite.Recipes.CSharp.CodeQuality.Style.UseCoalesceExpressionFromNullCheck,Use coalesce expression,Convert null-check conditional to null-coalescing expression.,1,,Style,Code Quality,C#,,Code style modernization,Recipes for improving C# code quality,,
nuget,OpenRewrite.Recipes.CSharp.CodeQuality,,0.4.0,OpenRewrite.Recipes.CSharp.CodeQuality.Style.UseCollectionExpression,Use collection expression,Replace array/list creation with collection expressions (C# 12).,1,,Style,Code Quality,C#,,Code style modernization,Recipes for improving C# code quality,,
nuget,OpenRewrite.Recipes.CSharp.CodeQuality,,0.4.0,OpenRewrite.Recipes.CSharp.CodeQuality.Style.UseConstantInsteadOfField,Use constant instead of field,Convert `static readonly` fields with literal initializers to `const`.,1,,Style,Code Quality,C#,,Code style modernization,Recipes for improving C# code quality,,
nuget,OpenRewrite.Recipes.CSharp.CodeQuality,,0.4.0,OpenRewrite.Recipes.CSharp.CodeQuality.Style.UseElementAccess,Use element access,Use indexer instead of First()/Last()/ElementAt() when the collection supports indexer access.,1,,Style,Code Quality,C#,,Code style modernization,Recipes for improving C# code quality,,
nuget,OpenRewrite.Recipes.CSharp.CodeQuality,,0.4.0,OpenRewrite.Recipes.CSharp.CodeQuality.Style.UseEnumFieldExplicitly,Use enum field explicitly,Use named enum field instead of cast integer value.,1,,Style,Code Quality,C#,,Code style modernization,Recipes for improving C# code quality,,
nuget,OpenRewrite.Recipes.CSharp.CodeQuality,,0.4.0,OpenRewrite.Recipes.CSharp.CodeQuality.Style.UseEventArgsEmpty,Use EventArgs.Empty,Replace `new EventArgs()` with `EventArgs.Empty`. The static `EventArgs.Empty` field avoids unnecessary allocations.,1,,Style,Code Quality,C#,,Code style modernization,Recipes for improving C# code quality,,
nuget,OpenRewrite.Recipes.CSharp.CodeQuality,,0.4.0,OpenRewrite.Recipes.CSharp.CodeQuality.Style.UseEventArgsEmptyForNull,Use EventArgs.Empty instead of null,Replace `null` with `EventArgs.Empty` when raising events. Passing `null` for EventArgs can cause NullReferenceException in event handlers.,1,,Style,Code Quality,C#,,Code style modernization,Recipes for improving C# code quality,,
nuget,OpenRewrite.Recipes.CSharp.CodeQuality,,0.4.0,OpenRewrite.Recipes.CSharp.CodeQuality.Style.UseEventHandlerT,Use EventHandler<T>,Use generic EventHandler<T> instead of custom delegate types.,1,,Style,Code Quality,C#,,Code style modernization,Recipes for improving C# code quality,,
nuget,OpenRewrite.Recipes.CSharp.CodeQuality,,0.4.0,OpenRewrite.Recipes.CSharp.CodeQuality.Style.UseExplicitTypeInsteadOfVar,Use explicit type instead of var,Use explicit type instead of `var` when the type is not evident.,1,,Style,Code Quality,C#,,Code style modernization,Recipes for improving C# code quality,,
nuget,OpenRewrite.Recipes.CSharp.CodeQuality,,0.4.0,OpenRewrite.Recipes.CSharp.CodeQuality.Style.UseExplicitlyTypedArray,Use explicitly typed array,Use explicitly or implicitly typed array.,1,,Style,Code Quality,C#,,Code style modernization,Recipes for improving C# code quality,,
nuget,OpenRewrite.Recipes.CSharp.CodeQuality,,0.4.0,OpenRewrite.Recipes.CSharp.CodeQuality.Style.UseFileScopedNamespace,Use file-scoped namespace,Detect block-scoped namespace declarations that could use file-scoped syntax (C# 10).,1,,Style,Code Quality,C#,,Code style modernization,Recipes for improving C# code quality,,
nuget,OpenRewrite.Recipes.CSharp.CodeQuality,,0.4.0,OpenRewrite.Recipes.CSharp.CodeQuality.Style.UseMethodChaining,Use method chaining,Chain consecutive method calls on the same receiver into a fluent chain.,1,,Style,Code Quality,C#,,Code style modernization,Recipes for improving C# code quality,,
nuget,OpenRewrite.Recipes.CSharp.CodeQuality,,0.4.0,OpenRewrite.Recipes.CSharp.CodeQuality.Style.UseMethodGroupConversion,Use method group conversion,Replace `x => Foo(x)` with `Foo` where method group conversion applies.,1,,Style,Code Quality,C#,,Code style modernization,Recipes for improving C# code quality,,
nuget,OpenRewrite.Recipes.CSharp.CodeQuality,,0.4.0,OpenRewrite.Recipes.CSharp.CodeQuality.Style.UsePredefinedType,Use predefined type,"Use predefined type keyword (e.g., int instead of Int32).",1,,Style,Code Quality,C#,,Code style modernization,Recipes for improving C# code quality,,
nuget,OpenRewrite.Recipes.CSharp.CodeQuality,,0.4.0,OpenRewrite.Recipes.CSharp.CodeQuality.Style.UsePrimaryConstructor,Use primary constructor,Convert classes with a single constructor into primary constructor syntax (C# 12).,1,,Style,Code Quality,C#,,Code style modernization,Recipes for improving C# code quality,,
nuget,OpenRewrite.Recipes.CSharp.CodeQuality,,0.4.0,OpenRewrite.Recipes.CSharp.CodeQuality.Style.UseReadOnlyAutoProperty,Use read-only auto property,Use read-only auto property when the setter is never used.,1,,Style,Code Quality,C#,,Code style modernization,Recipes for improving C# code quality,,
nuget,OpenRewrite.Recipes.CSharp.CodeQuality,,0.4.0,OpenRewrite.Recipes.CSharp.CodeQuality.Style.UseStringContains,Use string.Contains instead of IndexOf comparison,Replace `s.IndexOf(x) >= 0` with `s.Contains(x)` and `s.IndexOf(x) == -1` with `!s.Contains(x)`.,1,,Style,Code Quality,C#,,Code style modernization,Recipes for improving C# code quality,,
nuget,OpenRewrite.Recipes.CSharp.CodeQuality,,0.4.0,OpenRewrite.Recipes.CSharp.CodeQuality.Style.UseStringIsNullOrEmpty,Use string.IsNullOrEmpty method,Replace `s == null || s == ""` and `s == null || s.Length == 0` with `string.IsNullOrEmpty(s)`.,1,,Style,Code Quality,C#,,Code style modernization,Recipes for improving C# code quality,,
nuget,OpenRewrite.Recipes.CSharp.CodeQuality,,0.4.0,OpenRewrite.Recipes.CSharp.CodeQuality.Style.UseStringLengthComparison,Use string.Length instead of comparison with empty string,Replace `s == ""` with `s.Length == 0` and `s != ""` with `s.Length != 0`.,1,,Style,Code Quality,C#,,Code style modernization,Recipes for improving C# code quality,,
nuget,OpenRewrite.Recipes.CSharp.CodeQuality,,0.4.0,OpenRewrite.Recipes.CSharp.CodeQuality.Style.UseThisForEventSender,Use 'this' for event sender,Replace `null` with `this` as the sender argument when raising instance events. The sender should be the object raising the event.,1,,Style,Code Quality,C#,,Code style modernization,Recipes for improving C# code quality,,
nuget,OpenRewrite.Recipes.CSharp.CodeQuality,,0.4.0,OpenRewrite.Recipes.CSharp.CodeQuality.Style.UseUsingDeclaration,Use using declaration,Convert using statement to using declaration.,1,,Style,Code Quality,C#,,Code style modernization,Recipes for improving C# code quality,,
nuget,OpenRewrite.Recipes.CSharp.CodeQuality,,0.4.0,OpenRewrite.Recipes.CSharp.CodeQuality.Style.UseVarInForEach,Use var instead of explicit type in foreach,Replace explicit type in foreach with var when type is evident.,1,,Style,Code Quality,C#,,Code style modernization,Recipes for improving C# code quality,,
nuget,OpenRewrite.Recipes.CSharp.CodeQuality,,0.4.0,OpenRewrite.Recipes.CSharp.CodeQuality.Style.UseVarOrExplicitType,Use 'var' or explicit type,Enforce consistent use of 'var' or explicit type in local variable declarations.,1,,Style,Code Quality,C#,,Code style modernization,Recipes for improving C# code quality,,
nuget,OpenRewrite.Recipes.CSharp.CodeQuality,,0.4.0,OpenRewrite.Recipes.CSharp.CodeQuality.Style.ValidateArgumentsCorrectly,Validate arguments correctly,Ensure argument validation in iterator methods runs immediately by flagging iterator methods that contain argument validation.,1,,Style,Code Quality,C#,,Code style modernization,Recipes for improving C# code quality,,
nuget,OpenRewrite.Recipes.CSharp.CodeQuality,,0.4.0,OpenRewrite.Recipes.CSharp.CodeQuality.Style.ValueTypeIsNeverEqualToNull,Value type is never equal to null,Replace null with default in comparisons of value types.,1,,Style,Code Quality,C#,,Code style modernization,Recipes for improving C# code quality,,
nuget,OpenRewrite.Recipes.CSharp.Core,,0.4.0,OpenRewrite.CSharp.Recipes.AddFrameworkReference,Add framework reference,Adds a `<FrameworkReference>` to a .csproj if it isn't already present.,1,,,,.NET,,,,.NET project file transformation recipes,"[{""name"":""FrameworkName"",""type"":""String"",""displayName"":""Framework name"",""description"":""The shared framework name to reference."",""example"":""Microsoft.AspNetCore.App"",""required"":true},{""name"":""TriggerPackageGlob"",""type"":""String"",""displayName"":""Trigger package glob"",""description"":""Optional glob: only add the framework reference when a `<PackageReference>` matching this glob is present in the project. Leave blank to always add."",""example"":""Microsoft.AspNetCore.*""},{""name"":""RegenerateMarker"",""type"":""Boolean"",""displayName"":""Regenerate MSBuild marker"",""description"":""Whether to re-run `dotnet restore` after the edit to refresh the project's MSBuildProject marker. Defaults to `true`. Composite recipes that chain multiple csproj-mutating steps may set this to `false` on intermediate steps and finalize once with `EnsureCsprojAttestation`."",""value"":true}]"
nuget,OpenRewrite.Recipes.CSharp.Core,,0.4.0,OpenRewrite.CSharp.Recipes.AddNuGetPackageReference,Add NuGet package reference,Adds a `<PackageReference>` element to .csproj files if not already present.,1,,,,.NET,,,,.NET project file transformation recipes,"[{""name"":""PackageName"",""type"":""String"",""displayName"":""Package name"",""description"":""The NuGet package name to add."",""example"":""Newtonsoft.Json"",""required"":true},{""name"":""Version"",""type"":""String"",""displayName"":""Version"",""description"":""The package version to add. If omitted, no Version attribute is set."",""example"":""13.0.3""},{""name"":""RegenerateMarker"",""type"":""Boolean"",""displayName"":""Regenerate MSBuild marker"",""description"":""Whether to re-run `dotnet restore` after the edit to refresh the project's MSBuildProject marker. Defaults to `true`. Composite recipes that chain multiple csproj-mutating steps may set this to `false` on intermediate steps and finalize once with `EnsureCsprojAttestation`."",""value"":true}]"
nuget,OpenRewrite.Recipes.CSharp.Core,,0.4.0,OpenRewrite.CSharp.Recipes.ChangeDotNetTargetFramework,Change .NET target framework,"Changes the `<TargetFramework>` or `<TargetFrameworks>` value in .csproj files. For multi-TFM projects, replaces the matching framework within the semicolon-delimited list.",1,,,,.NET,,,,.NET project file transformation recipes,"[{""name"":""OldTargetFramework"",""type"":""String"",""displayName"":""Old target framework"",""description"":""The target framework moniker to replace (e.g., net8.0)."",""example"":""net8.0"",""required"":true},{""name"":""NewTargetFramework"",""type"":""String"",""displayName"":""New target framework"",""description"":""The target framework moniker to use instead (e.g., net9.0)."",""example"":""net9.0"",""required"":true},{""name"":""RegenerateMarker"",""type"":""Boolean"",""displayName"":""Regenerate MSBuild marker"",""description"":""Whether to re-run `dotnet restore` after the edit to refresh the project's MSBuildProject marker. Defaults to `true`. Composite recipes that chain multiple csproj-mutating steps may set this to `false` on intermediate steps and finalize once with `EnsureCsprojAttestation`."",""value"":true}]"
nuget,OpenRewrite.Recipes.CSharp.Core,,0.4.0,OpenRewrite.CSharp.Recipes.ConvertPackagesConfigToPackageReference,Convert `packages.config` to `<PackageReference>`,"Moves NuGet dependencies from `packages.config` into `<PackageReference>` items in the sibling project file, classifying top-level vs. transitive packages and reconstructing `IncludeAssets`/`ExcludeAssets`/`PrivateAssets` from the resolved dependency graph. Removes packaged `<Reference>`/`<Import>`/`<Analyzer>` wiring, the `EnsureNuGetPackageBuildImports` target and `NuGetPackageImportStamp` property, rewrites remaining `packages/` folder paths to `$(PkgXxx)` properties, deletes `packages.config`, and flags package behaviors that PackageReference does not support (`install.ps1`, XDT config transforms, legacy `content/` assets) for manual follow-up.",1,,,,.NET,,,,.NET project file transformation recipes,"[{""name"":""TrimTransitive"",""type"":""Boolean"",""displayName"":""Trim transitive packages"",""description"":""Drop packages.config entries that are transitive dependencies of other entries instead of keeping them as explicit top-level pins. The restored package versions may drift over time as ranges re-resolve. Defaults to `false`."",""value"":false}]"
nuget,OpenRewrite.Recipes.CSharp.Core,,0.4.0,OpenRewrite.CSharp.Recipes.EnsureCsprojAttestation,Ensure csproj attestation,"Re-runs `dotnet restore` against each .csproj whose `MSBuildProject` marker is stale (set by any csproj-mutating recipe in the run) and refreshes the marker from the resulting `project.assets.json`. Use this at the end of a composite recipe whose csproj-mutating sub-recipes have `RegenerateMarker = false`, so reattestation happens once on the final consistent state instead of after every edit. Unmodified .csproj files incur no `dotnet restore` cost.",1,,,,.NET,,,,.NET project file transformation recipes,
nuget,OpenRewrite.Recipes.CSharp.Core,,0.4.0,OpenRewrite.CSharp.Recipes.FindNuGetPackageReference,Find NuGet package reference,Searches for .csproj files that reference a specific NuGet package. Intended for use as a precondition to scope other recipes.,1,,,,.NET,,,,.NET project file transformation recipes,"[{""name"":""PackageName"",""type"":""String"",""displayName"":""Package name"",""description"":""The NuGet package name to search for. Supports glob patterns."",""example"":""Swashbuckle.AspNetCore"",""required"":true}]"
nuget,OpenRewrite.Recipes.CSharp.Core,,0.4.0,OpenRewrite.CSharp.Recipes.ListDependencies,List .NET dependencies (SBOM),"Records every dependency of each .NET project — NuGet packages, assembly references, and project references — into the `Dependencies in use` data table, forming a Software Bill of Materials. Reports the resolved dependency graph when the `MSBuildProject` marker is available and falls back to the raw `.csproj` XML otherwise, so it works for both .NET (Core) and .NET Framework projects.",1,,,,.NET,,,,.NET project file transformation recipes,
nuget,OpenRewrite.Recipes.CSharp.Core,,0.4.0,OpenRewrite.CSharp.Recipes.RemoveDotNetCliToolReference,Remove DotNetCliToolReference,Removes a `<DotNetCliToolReference>` element from .csproj files. Use `*` to remove every CLI tool reference.,1,,,,.NET,,,,.NET project file transformation recipes,"[{""name"":""ToolName"",""type"":""String"",""displayName"":""Tool name"",""description"":""The CLI tool package name to remove. Supports glob patterns. Use `*` to remove all CLI tool references."",""example"":""Microsoft.DotNet.Watcher.Tools"",""required"":true},{""name"":""RegenerateMarker"",""type"":""Boolean"",""displayName"":""Regenerate MSBuild marker"",""description"":""Whether to re-run `dotnet restore` after the edit to refresh the project's MSBuildProject marker. Defaults to `true`. Composite recipes that chain multiple csproj-mutating steps may set this to `false` on intermediate steps and finalize once with `EnsureCsprojAttestation`."",""value"":true}]"
nuget,OpenRewrite.Recipes.CSharp.Core,,0.4.0,OpenRewrite.CSharp.Recipes.RemoveMSBuildProperty,Remove MSBuild property,Removes an MSBuild property element (e.g. `<RuntimeFrameworkVersion>`) from `<PropertyGroup>` in .csproj files.,1,,,,.NET,,,,.NET project file transformation recipes,"[{""name"":""PropertyName"",""type"":""String"",""displayName"":""Property name"",""description"":""The MSBuild property element name to remove (case-sensitive)."",""example"":""RuntimeFrameworkVersion"",""required"":true},{""name"":""RegenerateMarker"",""type"":""Boolean"",""displayName"":""Regenerate MSBuild marker"",""description"":""Whether to re-run `dotnet restore` after the edit to refresh the project's MSBuildProject marker. Defaults to `true`. Composite recipes that chain multiple csproj-mutating steps may set this to `false` on intermediate steps and finalize once with `EnsureCsprojAttestation`."",""value"":true}]"
nuget,OpenRewrite.Recipes.CSharp.Core,,0.4.0,OpenRewrite.CSharp.Recipes.RemoveNuGetPackageReference,Remove NuGet package reference,Removes a `<PackageReference>` element from .csproj files.,1,,,,.NET,,,,.NET project file transformation recipes,"[{""name"":""PackageName"",""type"":""String"",""displayName"":""Package name"",""description"":""The NuGet package name to remove. Supports glob patterns."",""example"":""Newtonsoft.Json"",""required"":true},{""name"":""RegenerateMarker"",""type"":""Boolean"",""displayName"":""Regenerate MSBuild marker"",""description"":""Whether to re-run `dotnet restore` after the edit to refresh the project's MSBuildProject marker. Defaults to `true`. Composite recipes that chain multiple csproj-mutating steps may set this to `false` on intermediate steps and finalize once with `EnsureCsprojAttestation`."",""value"":true}]"
nuget,OpenRewrite.Recipes.CSharp.Core,,0.4.0,OpenRewrite.CSharp.Recipes.UpgradeNuGetPackageVersion,Upgrade NuGet package version,Upgrades the version of a NuGet `<PackageReference>` or `<PackageVersion>` in .csproj and Directory.Packages.props files. Handles property references by updating the property value instead of the version attribute. Uses NuGet.Versioning for correct version semantics.,1,,,,.NET,,,,.NET project file transformation recipes,"[{""name"":""PackageName"",""type"":""String"",""displayName"":""Package name"",""description"":""The NuGet package name to upgrade. Supports glob patterns."",""example"":""Newtonsoft.Json"",""required"":true},{""name"":""NewVersion"",""type"":""String"",""displayName"":""New version"",""description"":""An exact version number, or a NuGet version range (e.g. '[14.0,)' for >= 14.0). Use 'latest' to upgrade to the latest available version from NuGet sources."",""example"":""14.0.0"",""required"":true},{""name"":""IncludePrerelease"",""type"":""Boolean"",""displayName"":""Include prerelease"",""description"":""Whether to include prerelease versions when resolving 'latest' or ranges."",""value"":false},{""name"":""RegenerateMarker"",""type"":""Boolean"",""displayName"":""Regenerate MSBuild marker"",""description"":""Whether to re-run `dotnet restore` after the edit to refresh the project's MSBuildProject marker. Defaults to `true`. Composite recipes that chain multiple csproj-mutating steps may set this to `false` on intermediate steps and finalize once with `EnsureCsprojAttestation`."",""value"":true}]"
nuget,OpenRewrite.Recipes.CSharp.Core,,0.4.0,OpenRewrite.Xml.Recipes.ChangeXmlAttribute,Change XML attribute value,Changes the value of attributes matching AttrName to NewValue.,1,,,,XML,,,,XML transformation recipes,"[{""name"":""AttrName"",""type"":""String"",""displayName"":""Attribute name"",""description"":""The attribute name to match"",""required"":true},{""name"":""NewValue"",""type"":""String"",""displayName"":""New value"",""description"":""The new attribute value"",""required"":true}]"
nuget,OpenRewrite.Recipes.CSharp.Core,,0.4.0,OpenRewrite.Xml.Recipes.ChangeXmlCharData,Change XML CharData text,Replaces occurrences of OldText with NewText in XML CharData nodes.,1,,,,XML,,,,XML transformation recipes,"[{""name"":""OldText"",""type"":""String"",""displayName"":""Old text"",""description"":""The text to search for"",""required"":true},{""name"":""NewText"",""type"":""String"",""displayName"":""New text"",""description"":""The replacement text"",""required"":true}]"
nuget,OpenRewrite.Recipes.CSharp.Migration.Dotnet,,0.4.0,OpenRewrite.Recipes.CSharp.Migration.Dotnet.AddNuGetPackageReferenceIfTypeUsed,Add NuGet package reference when namespace is used,Adds a `<PackageReference>` to a .csproj only when a C# source file in the same project directory has a `using` directive that starts with the trigger namespace prefix. Useful for paired add-package-when-type-is-used migrations.,1,,,,C#,,,,,"[{""name"":""PackageName"",""type"":""String"",""displayName"":""Package name"",""description"":""The NuGet package name to add."",""example"":""Newtonsoft.Json"",""required"":true},{""name"":""Version"",""type"":""String"",""displayName"":""Version"",""description"":""The package version to add. If omitted, no Version attribute is set."",""example"":""13.0.3""},{""name"":""TriggerNamespacePrefix"",""type"":""String"",""displayName"":""Trigger namespace prefix"",""description"":""The package is added if any C# source file in the same project directory has a `using` directive whose namespace starts with this prefix."",""example"":""Newtonsoft.Json""},{""name"":""TriggerTypeFqn"",""type"":""String"",""displayName"":""Trigger type FQN"",""description"":""The package is added if any C# source file in the same project directory has a fully-qualified reference to this type. Useful for types that live in a namespace that's already in scope via existing usings (so the using directive doesn't change)."",""example"":""Microsoft.AspNetCore.Mvc.MvcNewtonsoftJsonOptions""},{""name"":""RegenerateMarker"",""type"":""Boolean"",""displayName"":""Regenerate MSBuild marker"",""description"":""Whether to re-run `dotnet restore` after the edit to refresh the project's MSBuildProject marker. Defaults to `true`. Composite recipes that chain multiple csproj-mutating steps may set this to `false` on intermediate steps and finalize once with `EnsureCsprojAttestation`."",""value"":true}]"
nuget,OpenRewrite.Recipes.CSharp.Migration.Dotnet,,0.4.0,OpenRewrite.Recipes.CSharp.Migration.Dotnet.AspNet.UpgradeAspNetFrameworkToCore,Migrate ASP.NET Framework to ASP.NET Core,"Migrate ASP.NET Framework (System.Web.Mvc, System.Web.Http) types to their ASP.NET Core equivalents. Based on the .NET Upgrade Assistant's UA0002 and UA0010 diagnostics. See https://learn.microsoft.com/en-us/aspnet/core/migration/proper-to-2x.",44,,,Migration,C#,,,Recipes for migrating between versions,,
nuget,OpenRewrite.Recipes.CSharp.Migration.Dotnet,,0.4.0,OpenRewrite.Recipes.CSharp.Migration.Dotnet.AspNetCore2.FindBuildWebHost,Find BuildWebHost method,Flags `BuildWebHost` method declarations that should be renamed to `CreateWebHostBuilder` and refactored for ASP.NET Core 2.1.,1,,,Migration,C#,,,Recipes for migrating between versions,,
nuget,OpenRewrite.Recipes.CSharp.Migration.Dotnet,,0.4.0,OpenRewrite.Recipes.CSharp.Migration.Dotnet.AspNetCore2.FindIAuthenticationManager,Find IAuthenticationManager usage,Flags references to `IAuthenticationManager` which was removed in ASP.NET Core 2.0. Use `HttpContext` extension methods from `Microsoft.AspNetCore.Authentication` instead.,1,,,Migration,C#,,,Recipes for migrating between versions,,
nuget,OpenRewrite.Recipes.CSharp.Migration.Dotnet,,0.4.0,OpenRewrite.Recipes.CSharp.Migration.Dotnet.AspNetCore2.FindSetCompatibilityVersion,Find SetCompatibilityVersion() calls,Flags `SetCompatibilityVersion` calls. This method is a no-op in ASP.NET Core 3.0+ and should be removed during migration.,1,,,Migration,C#,,,Recipes for migrating between versions,,
nuget,OpenRewrite.Recipes.CSharp.Migration.Dotnet,,0.4.0,OpenRewrite.Recipes.CSharp.Migration.Dotnet.AspNetCore2.FindUseKestrelWithConfig,Find UseKestrel() with configuration,Flags `UseKestrel` calls with configuration lambdas that should be replaced with `ConfigureKestrel` to avoid conflicts with the IIS in-process hosting model.,1,,,Migration,C#,,,Recipes for migrating between versions,,
nuget,OpenRewrite.Recipes.CSharp.Migration.Dotnet,,0.4.0,OpenRewrite.Recipes.CSharp.Migration.Dotnet.AspNetCore2.UpgradeToAspNetCore20,Migrate to ASP.NET Core 2.0,"Migrate ASP.NET Core 1.x projects to ASP.NET Core 2.0, applying authentication and Identity changes. See https://learn.microsoft.com/en-us/aspnet/core/migration/1x-to-2x/identity-2x.",8,,,Migration,C#,,,Recipes for migrating between versions,,
nuget,OpenRewrite.Recipes.CSharp.Migration.Dotnet,,0.4.0,OpenRewrite.Recipes.CSharp.Migration.Dotnet.AspNetCore2.UpgradeToAspNetCore21,Migrate to ASP.NET Core 2.1,"Migrate ASP.NET Core 2.0 projects to ASP.NET Core 2.1, including host builder changes and obsolete API replacements. See https://learn.microsoft.com/en-us/aspnet/core/migration/20-to-21.",10,,,Migration,C#,,,Recipes for migrating between versions,,
nuget,OpenRewrite.Recipes.CSharp.Migration.Dotnet,,0.4.0,OpenRewrite.Recipes.CSharp.Migration.Dotnet.AspNetCore2.UpgradeToAspNetCore22,Migrate to ASP.NET Core 2.2,"Migrate ASP.NET Core 2.1 projects to ASP.NET Core 2.2, including Kestrel configuration and logging changes. See https://learn.microsoft.com/en-us/aspnet/core/migration/21-to-22.",13,,,Migration,C#,,,Recipes for migrating between versions,,
nuget,OpenRewrite.Recipes.CSharp.Migration.Dotnet,,0.4.0,OpenRewrite.Recipes.CSharp.Migration.Dotnet.AspNetCore2.UseGetExternalAuthenticationSchemesAsync,Use GetExternalAuthenticationSchemesAsync(),Replace `GetExternalAuthenticationSchemes()` with `GetExternalAuthenticationSchemesAsync()`. The synchronous method was removed in ASP.NET Core 2.0.,1,,,Migration,C#,,,Recipes for migrating between versions,,
nuget,OpenRewrite.Recipes.CSharp.Migration.Dotnet,,0.4.0,OpenRewrite.Recipes.CSharp.Migration.Dotnet.AspNetCore2.UseHttpContextAuthExtensions,Use HttpContext authentication extensions,Replace `HttpContext.Authentication.Method(...)` calls with `HttpContext.Method(...)` extension methods. The `IAuthenticationManager` interface was removed in ASP.NET Core 2.0.,1,,,Migration,C#,,,Recipes for migrating between versions,,
nuget,OpenRewrite.Recipes.CSharp.Migration.Dotnet,,0.4.0,OpenRewrite.Recipes.CSharp.Migration.Dotnet.AspNetCore2.UseUseAuthentication,Replace UseIdentity() with UseAuthentication(),Replace `app.UseIdentity()` with `app.UseAuthentication()`. The `UseIdentity` method was removed in ASP.NET Core 2.0 in favor of `UseAuthentication`.,1,,,Migration,C#,,,Recipes for migrating between versions,,
nuget,OpenRewrite.Recipes.CSharp.Migration.Dotnet,,0.4.0,OpenRewrite.Recipes.CSharp.Migration.Dotnet.AspNetCore3.FindAddMvc,Find AddMvc() calls,"Flags `AddMvc()` calls that should be replaced with more specific service registrations (`AddControllers`, `AddControllersWithViews`, or `AddRazorPages`) in ASP.NET Core 3.0.",1,,,Migration,C#,,,Recipes for migrating between versions,,
nuget,OpenRewrite.Recipes.CSharp.Migration.Dotnet,,0.4.0,OpenRewrite.Recipes.CSharp.Migration.Dotnet.AspNetCore3.FindIApplicationLifetime,Find IApplicationLifetime usage,Flags usages of `IApplicationLifetime` which should be replaced with `IHostApplicationLifetime` in ASP.NET Core 3.0.,1,,,Migration,C#,,,Recipes for migrating between versions,,
nuget,OpenRewrite.Recipes.CSharp.Migration.Dotnet,,0.4.0,OpenRewrite.Recipes.CSharp.Migration.Dotnet.AspNetCore3.FindIHostingEnvironment,Find IHostingEnvironment usage,Flags usages of `IHostingEnvironment` which should be replaced with `IWebHostEnvironment` in ASP.NET Core 3.0.,1,,,Migration,C#,,,Recipes for migrating between versions,,
nuget,OpenRewrite.Recipes.CSharp.Migration.Dotnet,,0.4.0,OpenRewrite.Recipes.CSharp.Migration.Dotnet.AspNetCore3.FindNewtonsoftJsonUsage,Find Newtonsoft.Json usage in ASP.NET Core,Flags `JsonConvert` and other `Newtonsoft.Json` usage. ASP.NET Core 3.0 uses `System.Text.Json` by default.,1,,,Migration,C#,,,Recipes for migrating between versions,,
nuget,OpenRewrite.Recipes.CSharp.Migration.Dotnet,,0.4.0,OpenRewrite.Recipes.CSharp.Migration.Dotnet.AspNetCore3.FindUseMvcOrUseSignalR,Find UseMvc()/UseSignalR() calls,Flags `UseMvc()` and `UseSignalR()` calls that should be replaced with endpoint routing (`UseRouting()` + `UseEndpoints()`) in ASP.NET Core 3.0.,1,,,Migration,C#,,,Recipes for migrating between versions,,
nuget,OpenRewrite.Recipes.CSharp.Migration.Dotnet,,0.4.0,OpenRewrite.Recipes.CSharp.Migration.Dotnet.AspNetCore3.FindWebHostBuilder,Find WebHostBuilder usage,Flags `WebHostBuilder` and `WebHost.CreateDefaultBuilder` usage that should migrate to the Generic Host pattern in ASP.NET Core 3.0+.,1,,,Migration,C#,,,Recipes for migrating between versions,,
nuget,OpenRewrite.Recipes.CSharp.Migration.Dotnet,,0.4.0,OpenRewrite.Recipes.CSharp.Migration.Dotnet.AspNetCore3.UpgradeToAspNetCore30,Migrate to ASP.NET Core 3.0,"Migrate ASP.NET Core 2.2 projects to ASP.NET Core 3.0, including endpoint routing, Generic Host, and System.Text.Json changes. See https://learn.microsoft.com/en-us/aspnet/core/migration/22-to-30.",21,,,Migration,C#,,,Recipes for migrating between versions,,
nuget,OpenRewrite.Recipes.CSharp.Migration.Dotnet,,0.4.0,OpenRewrite.Recipes.CSharp.Migration.Dotnet.AspNetCore3.UseLoggerFactoryCreate,Use `LoggerFactory.Create(...)` instead of `new LoggerFactory()`,"Rewrites the obsolete `new LoggerFactory()` plus `ILoggerFactory.Add*()` provider configuration to `LoggerFactory.Create(builder => ...)`, moving each provider registration onto the `ILoggingBuilder`. Handles both the chained form and the form where registration calls follow the declaration as separate statements. Argument shapes with no `ILoggingBuilder` equivalent are left in place and flagged for manual migration.",1,,,Migration,C#,,,Recipes for migrating between versions,,
nuget,OpenRewrite.Recipes.CSharp.Migration.Dotnet,,0.4.0,OpenRewrite.Recipes.CSharp.Migration.Dotnet.ChangeMethodName,Change method name,Rename a method.,1,,,,C#,,,,,"[{""name"":""MethodPattern"",""type"":""String"",""displayName"":""Method pattern"",""description"":""A method pattern used to find matching method invocations."",""example"":""System.Uri EscapeUriString(System.String)"",""required"":true},{""name"":""NewMethodName"",""type"":""String"",""displayName"":""New method name"",""description"":""The method name that will replace the existing name."",""example"":""EscapeDataString"",""required"":true}]"
nuget,OpenRewrite.Recipes.CSharp.Migration.Dotnet,,0.4.0,OpenRewrite.Recipes.CSharp.Migration.Dotnet.ChangeType,Change type,Change a type reference to another type.,1,,,,C#,,,,,"[{""name"":""OldFullyQualifiedTypeName"",""type"":""String"",""displayName"":""Old fully-qualified type name"",""description"":""Fully-qualified class name of the original type."",""example"":""System.Security.Cryptography.AesCryptoServiceProvider"",""required"":true},{""name"":""NewFullyQualifiedTypeName"",""type"":""String"",""displayName"":""New fully-qualified type name"",""description"":""Fully-qualified class name of the replacement type."",""example"":""System.Security.Cryptography.Aes"",""required"":true}]"
nuget,OpenRewrite.Recipes.CSharp.Migration.Dotnet,,0.4.0,OpenRewrite.Recipes.CSharp.Migration.Dotnet.DeleteMethodArgument,Delete method argument,Delete an argument from method invocations.,1,,,,C#,,,,,"[{""name"":""MethodPattern"",""type"":""String"",""displayName"":""Method pattern"",""description"":""A method pattern used to find matching method invocations."",""example"":""System.Security.Cryptography.Aes Create(System.String)"",""required"":true},{""name"":""ArgumentIndex"",""type"":""Int32"",""displayName"":""Argument index"",""description"":""The zero-based index of the argument to remove."",""example"":""0"",""required"":true,""value"":0}]"
nuget,OpenRewrite.Recipes.CSharp.Migration.Dotnet,,0.4.0,OpenRewrite.Recipes.CSharp.Migration.Dotnet.FindCsprojMarker,Find csproj MSBuildProject marker presence,Diagnostic recipe: tags csproj files based on MSBuildProject marker presence.,1,,,,C#,,,,,
nuget,OpenRewrite.Recipes.CSharp.Migration.Dotnet,,0.4.0,OpenRewrite.Recipes.CSharp.Migration.Dotnet.Net10.FindActionContextAccessorObsolete,Find obsolete `IActionContextAccessor`/`ActionContextAccessor` (ASPDEPR006),Finds usages of `IActionContextAccessor` and `ActionContextAccessor` which are obsolete in .NET 10. Use `IHttpContextAccessor` and `HttpContext.GetEndpoint()` instead.,1,,,.NET 10,C#,,,Recipes for migrating to .NET 10,,
nuget,OpenRewrite.Recipes.CSharp.Migration.Dotnet,,0.4.0,OpenRewrite.Recipes.CSharp.Migration.Dotnet.Net10.FindActivitySampling,Find `ActivitySamplingResult.PropagationData` behavior change,Finds usages of `ActivitySamplingResult.PropagationData` which has changed behavior in .NET 10. Activities with a recorded parent and PropagationData sampling no longer set `Activity.Recorded = true`.,1,,,.NET 10,C#,,,Recipes for migrating to .NET 10,,
nuget,OpenRewrite.Recipes.CSharp.Migration.Dotnet,,0.4.0,OpenRewrite.Recipes.CSharp.Migration.Dotnet.Net10.FindBackgroundServiceExecuteAsync,Find `BackgroundService.ExecuteAsync` behavior change,"Finds methods that override `ExecuteAsync` from `BackgroundService`. In .NET 10, the entire method runs on a background thread; synchronous code before the first `await` no longer blocks host startup.",1,,,.NET 10,C#,,,Recipes for migrating to .NET 10,,
nuget,OpenRewrite.Recipes.CSharp.Migration.Dotnet,,0.4.0,OpenRewrite.Recipes.CSharp.Migration.Dotnet.Net10.FindBufferedStreamWriteByte,Find `BufferedStream.WriteByte` implicit flush behavior change,Finds calls to `BufferedStream.WriteByte()` which no longer performs an implicit flush when the internal buffer is full in .NET 10. Call `Flush()` explicitly if needed.,1,,,.NET 10,C#,,,Recipes for migrating to .NET 10,,
nuget,OpenRewrite.Recipes.CSharp.Migration.Dotnet,,0.4.0,OpenRewrite.Recipes.CSharp.Migration.Dotnet.Net10.FindClipboardGetData,Find obsolete `Clipboard.GetData` calls (WFDEV005),"Finds calls to `Clipboard.GetData(string)`. In .NET 10, this method is obsolete (WFDEV005). Use `Clipboard.TryGetData` methods instead.",1,,,.NET 10,C#,,,Recipes for migrating to .NET 10,,
nuget,OpenRewrite.Recipes.CSharp.Migration.Dotnet,,0.4.0,OpenRewrite.Recipes.CSharp.Migration.Dotnet.Net10.FindDistributedContextPropagator,Find `DistributedContextPropagator` default propagator change,Finds usages of `DistributedContextPropagator.Current` and `DistributedContextPropagator.CreateDefaultPropagator()` which now default to W3C format in .NET 10. The 'baggage' header is used instead of 'Correlation-Context'.,1,,,.NET 10,C#,,,Recipes for migrating to .NET 10,,
nuget,OpenRewrite.Recipes.CSharp.Migration.Dotnet,,0.4.0,OpenRewrite.Recipes.CSharp.Migration.Dotnet.Net10.FindDllImportSearchPath,Find `DllImportSearchPath.AssemblyDirectory` behavior change,Finds usages of `DllImportSearchPath.AssemblyDirectory` which has changed behavior in .NET 10. Specifying only `AssemblyDirectory` no longer falls back to OS default search paths.,1,,,.NET 10,C#,,,Recipes for migrating to .NET 10,,
nuget,OpenRewrite.Recipes.CSharp.Migration.Dotnet,,0.4.0,OpenRewrite.Recipes.CSharp.Migration.Dotnet.Net10.FindDriveInfoDriveFormat,Find `DriveInfo.DriveFormat` behavior change,Finds usages of `DriveInfo.DriveFormat` which returns Linux kernel filesystem type strings instead of mapped names in .NET 10. Verify that comparisons match the new format.,1,,,.NET 10,C#,,,Recipes for migrating to .NET 10,,
nuget,OpenRewrite.Recipes.CSharp.Migration.Dotnet,,0.4.0,OpenRewrite.Recipes.CSharp.Migration.Dotnet.Net10.FindFormOnClosingObsolete,Find obsolete `Form.OnClosing`/`OnClosed` usage (WFDEV004),"Finds usage of `Form.OnClosing`, `Form.OnClosed`, and the `Closing`/`Closed` events. In .NET 10, these are obsolete (WFDEV004). Use `OnFormClosing`/`OnFormClosed` and `FormClosing`/`FormClosed` instead.",1,,,.NET 10,C#,,,Recipes for migrating to .NET 10,,
nuget,OpenRewrite.Recipes.CSharp.Migration.Dotnet,,0.4.0,OpenRewrite.Recipes.CSharp.Migration.Dotnet.Net10.FindGnuTarPaxTarEntry,Find `GnuTarEntry`/`PaxTarEntry` default timestamp change,"Finds `new GnuTarEntry(...)` and `new PaxTarEntry(...)` constructor calls. In .NET 10, these no longer set atime and ctime by default. Set `AccessTime`/`ChangeTime` explicitly if needed.",1,,,.NET 10,C#,,,Recipes for migrating to .NET 10,,
nuget,OpenRewrite.Recipes.CSharp.Migration.Dotnet,,0.4.0,OpenRewrite.Recipes.CSharp.Migration.Dotnet.Net10.FindIpNetworkObsolete,Find obsolete `IPNetwork`/`KnownNetworks` (ASPDEPR005),Finds usages of `Microsoft.AspNetCore.HttpOverrides.IPNetwork` and `ForwardedHeadersOptions.KnownNetworks` which are obsolete in .NET 10. Use `System.Net.IPNetwork` and `KnownIPNetworks` instead.,1,,,.NET 10,C#,,,Recipes for migrating to .NET 10,,
nuget,OpenRewrite.Recipes.CSharp.Migration.Dotnet,,0.4.0,OpenRewrite.Recipes.CSharp.Migration.Dotnet.Net10.FindKeyedServiceAnyKey,Find `KeyedService.AnyKey` behavior change,Finds usages of `KeyedService.AnyKey` which has changed behavior in .NET 10. `GetKeyedService(AnyKey)` now throws `InvalidOperationException` and `GetKeyedServices(AnyKey)` no longer returns AnyKey registrations.,1,,,.NET 10,C#,,,Recipes for migrating to .NET 10,,
nuget,OpenRewrite.Recipes.CSharp.Migration.Dotnet,,0.4.0,OpenRewrite.Recipes.CSharp.Migration.Dotnet.Net10.FindMakeGenericSignatureType,Find `Type.MakeGenericSignatureType` validation change,Finds calls to `Type.MakeGenericSignatureType()` which now validates that the first argument is a generic type definition in .NET 10.,1,,,.NET 10,C#,,,Recipes for migrating to .NET 10,,
nuget,OpenRewrite.Recipes.CSharp.Migration.Dotnet,,0.4.0,OpenRewrite.Recipes.CSharp.Migration.Dotnet.Net10.FindQueryableMaxByMinByObsolete,Find obsolete `Queryable.MaxBy`/`MinBy` with `IComparer<TSource>` (SYSLIB0061),Finds `Queryable.MaxBy` and `Queryable.MinBy` overloads taking `IComparer<TSource>` which are obsolete in .NET 10. Use the overloads taking `IComparer<TKey>` instead.,1,,,.NET 10,C#,,,Recipes for migrating to .NET 10,,
nuget,OpenRewrite.Recipes.CSharp.Migration.Dotnet,,0.4.0,OpenRewrite.Recipes.CSharp.Migration.Dotnet.Net10.FindRazorRuntimeCompilationObsolete,Find obsolete `AddRazorRuntimeCompilation` calls (ASPDEPR003),Finds calls to `AddRazorRuntimeCompilation` which is obsolete in .NET 10. Use Hot Reload instead for development scenarios.,1,,,.NET 10,C#,,,Recipes for migrating to .NET 10,,
nuget,OpenRewrite.Recipes.CSharp.Migration.Dotnet,,0.4.0,OpenRewrite.Recipes.CSharp.Migration.Dotnet.Net10.FindRfc2898DeriveBytesObsolete,Find obsolete `Rfc2898DeriveBytes` constructors (SYSLIB0060),Finds `new Rfc2898DeriveBytes(...)` constructor calls which are obsolete in .NET 10. Use the static `Rfc2898DeriveBytes.Pbkdf2()` method instead.,1,,,.NET 10,C#,,,Recipes for migrating to .NET 10,,
nuget,OpenRewrite.Recipes.CSharp.Migration.Dotnet,,0.4.0,OpenRewrite.Recipes.CSharp.Migration.Dotnet.Net10.FindSslAuthEnumTypes,Find obsolete SSL authentication enum types,"Finds usage of `ExchangeAlgorithmType`, `CipherAlgorithmType`, and `HashAlgorithmType` from `System.Security.Authentication`. These enum types are obsolete in .NET 10 (SYSLIB0058). Use `SslStream.NegotiatedCipherSuite` instead.",1,,,.NET 10,C#,,,Recipes for migrating to .NET 10,,
nuget,OpenRewrite.Recipes.CSharp.Migration.Dotnet,,0.4.0,OpenRewrite.Recipes.CSharp.Migration.Dotnet.Net10.FindSslStreamObsoleteProperties,Find obsolete `SslStream` cipher properties (SYSLIB0058),"Finds usages of `SslStream.KeyExchangeAlgorithm`, `KeyExchangeStrength`, `CipherAlgorithm`, `CipherStrength`, `HashAlgorithm`, and `HashStrength` which are obsolete in .NET 10. Use `SslStream.NegotiatedCipherSuite` instead.",1,,,.NET 10,C#,,,Recipes for migrating to .NET 10,,
nuget,OpenRewrite.Recipes.CSharp.Migration.Dotnet,,0.4.0,OpenRewrite.Recipes.CSharp.Migration.Dotnet.Net10.FindSystemDrawingExceptionChange,Find `catch (OutOfMemoryException)` that may need `ExternalException`,"In .NET 10, System.Drawing GDI+ errors now throw `ExternalException` instead of `OutOfMemoryException`. This recipe finds catch blocks that catch `OutOfMemoryException` which may need to also catch `ExternalException`.",1,,,.NET 10,C#,,,Recipes for migrating to .NET 10,,
nuget,OpenRewrite.Recipes.CSharp.Migration.Dotnet,,0.4.0,OpenRewrite.Recipes.CSharp.Migration.Dotnet.Net10.FindSystemEventsThreadShutdownObsolete,Find obsolete `SystemEvents.EventsThreadShutdown` (SYSLIB0059),Finds usages of `SystemEvents.EventsThreadShutdown` which is obsolete in .NET 10. Use `AppDomain.ProcessExit` instead.,1,,,.NET 10,C#,,,Recipes for migrating to .NET 10,,
nuget,OpenRewrite.Recipes.CSharp.Migration.Dotnet,,0.4.0,OpenRewrite.Recipes.CSharp.Migration.Dotnet.Net10.FindWebHostBuilderObsolete,Find obsolete `WebHostBuilder`/`IWebHost`/`WebHost` usage (ASPDEPR004/ASPDEPR008),"Finds usages of `WebHostBuilder`, `IWebHost`, and `WebHost` which are obsolete in .NET 10. Migrate to `HostBuilder` or `WebApplicationBuilder` instead.",1,,,.NET 10,C#,,,Recipes for migrating to .NET 10,,
nuget,OpenRewrite.Recipes.CSharp.Migration.Dotnet,,0.4.0,OpenRewrite.Recipes.CSharp.Migration.Dotnet.Net10.FindWinFormsObsoleteApis,Find obsolete Windows Forms APIs (WFDEV004/005/006),"Finds usages of Windows Forms APIs that are obsolete in .NET 10, including `Form.OnClosing/OnClosed` (WFDEV004), `Clipboard.GetData` (WFDEV005), and legacy controls like `ContextMenu`, `DataGrid`, `MainMenu` (WFDEV006).",1,,,.NET 10,C#,,,Recipes for migrating to .NET 10,,
nuget,OpenRewrite.Recipes.CSharp.Migration.Dotnet,,0.4.0,OpenRewrite.Recipes.CSharp.Migration.Dotnet.Net10.FindWithOpenApiDeprecated,Find deprecated `WithOpenApi` calls (ASPDEPR002),Finds calls to `.WithOpenApi()` which is deprecated in .NET 10. Remove the call or use `AddOpenApiOperationTransformer` instead.,1,,,.NET 10,C#,,,Recipes for migrating to .NET 10,,
nuget,OpenRewrite.Recipes.CSharp.Migration.Dotnet,,0.4.0,OpenRewrite.Recipes.CSharp.Migration.Dotnet.Net10.FindX500DistinguishedNameValidation,Find `X500DistinguishedName` string constructor stricter validation,"Finds `new X500DistinguishedName(string, ...)` constructor calls which have stricter validation in .NET 10. Non-Windows environments may reject previously accepted values.",1,,,.NET 10,C#,,,Recipes for migrating to .NET 10,,
nuget,OpenRewrite.Recipes.CSharp.Migration.Dotnet,,0.4.0,OpenRewrite.Recipes.CSharp.Migration.Dotnet.Net10.FindXsltSettingsEnableScriptObsolete,Find obsolete `XsltSettings.EnableScript` (SYSLIB0062),Finds usages of `XsltSettings.EnableScript` which is obsolete in .NET 10.,1,,,.NET 10,C#,,,Recipes for migrating to .NET 10,,
nuget,OpenRewrite.Recipes.CSharp.Migration.Dotnet,,0.4.0,OpenRewrite.Recipes.CSharp.Migration.Dotnet.Net10.FormOnClosingRename,Rename `Form.OnClosing/OnClosed` to `OnFormClosing/OnFormClosed` (WFDEV004),"Renames `Form.OnClosing` to `OnFormClosing` and `Form.OnClosed` to `OnFormClosed` for .NET 10 compatibility. Parameter type changes (`CancelEventArgs` → `FormClosingEventArgs`, `EventArgs` → `FormClosedEventArgs`) must be updated manually.",1,,,.NET 10,C#,,,Recipes for migrating to .NET 10,,
nuget,OpenRewrite.Recipes.CSharp.Migration.Dotnet,,0.4.0,OpenRewrite.Recipes.CSharp.Migration.Dotnet.Net10.InsertAdjacentElementOrientParameterRename,Rename `orient` parameter to `orientation` in `HtmlElement.InsertAdjacentElement`,The `orient` parameter of `HtmlElement.InsertAdjacentElement` was renamed to `orientation` in .NET 10. This recipe updates named arguments in method calls to use the new parameter name.,1,,,.NET 10,C#,,,Recipes for migrating to .NET 10,,
nuget,OpenRewrite.Recipes.CSharp.Migration.Dotnet,,0.4.0,OpenRewrite.Recipes.CSharp.Migration.Dotnet.Net10.KnownNetworksRename,Rename `KnownNetworks` to `KnownIPNetworks` (ASPDEPR005),Renames `ForwardedHeadersOptions.KnownNetworks` to `KnownIPNetworks` for .NET 10 compatibility.,1,,,.NET 10,C#,,,Recipes for migrating to .NET 10,,
nuget,OpenRewrite.Recipes.CSharp.Migration.Dotnet,,0.4.0,OpenRewrite.Recipes.CSharp.Migration.Dotnet.Net10.MlDsaSlhDsaSecretKeyToPrivateKey,Rename MLDsa/SlhDsa `SecretKey` members to `PrivateKey`,Renames `SecretKey` to `PrivateKey` in MLDsa and SlhDsa post-quantum cryptography APIs to align with .NET 10 naming conventions.,1,,,.NET 10,C#,,,Recipes for migrating to .NET 10,,
nuget,OpenRewrite.Recipes.CSharp.Migration.Dotnet,,0.4.0,OpenRewrite.Recipes.CSharp.Migration.Dotnet.Net10.RazorRuntimeCompilationObsolete,Remove obsolete `AddRazorRuntimeCompilation` calls (ASPDEPR003),Removes `AddRazorRuntimeCompilation()` calls which are obsolete in .NET 10. Use Hot Reload instead for development scenarios.,1,,,.NET 10,C#,,,Recipes for migrating to .NET 10,,
nuget,OpenRewrite.Recipes.CSharp.Migration.Dotnet,,0.4.0,OpenRewrite.Recipes.CSharp.Migration.Dotnet.Net10.UpgradeToDotNet10,Migrate to .NET 10,"Migrate C# projects to .NET 10, applying necessary API changes. Includes all .NET 9 (and earlier) migration steps. See https://learn.microsoft.com/en-us/dotnet/core/compatibility/10.0.",263,,,Migration,C#,,,Recipes for migrating between versions,,
nuget,OpenRewrite.Recipes.CSharp.Migration.Dotnet,,0.4.0,OpenRewrite.Recipes.CSharp.Migration.Dotnet.Net10.WithOpenApiDeprecated,Remove deprecated `WithOpenApi` calls (ASPDEPR002),Removes `.WithOpenApi()` calls which are deprecated in .NET 10. The call is removed from fluent method chains.,1,,,.NET 10,C#,,,Recipes for migrating to .NET 10,,
nuget,OpenRewrite.Recipes.CSharp.Migration.Dotnet,,0.4.0,OpenRewrite.Recipes.CSharp.Migration.Dotnet.Net3_0.FindCompactOnMemoryPressure,Find `CompactOnMemoryPressure` usage (removed in ASP.NET Core 3.0),Finds usages of `CompactOnMemoryPressure` which was removed from `MemoryCacheOptions` in ASP.NET Core 3.0.,1,,,.NET Core 3.0,C#,,,Recipes for migrating to .NET Core 3.0,,
nuget,OpenRewrite.Recipes.CSharp.Migration.Dotnet,,0.4.0,OpenRewrite.Recipes.CSharp.Migration.Dotnet.Net3_0.FindCompactOnMemoryPressure,Find `CompactOnMemoryPressure` usage (removed in ASP.NET Core 3.0),Finds usages of `CompactOnMemoryPressure` which was removed from `MemoryCacheOptions` in ASP.NET Core 3.0.,1,,,Migration,C#,,,Recipes for migrating between versions,,
nuget,OpenRewrite.Recipes.CSharp.Migration.Dotnet,,0.4.0,OpenRewrite.Recipes.CSharp.Migration.Dotnet.Net3_0.FindConnectionAdapter,Find `IConnectionAdapter` usage (removed in ASP.NET Core 3.0),Finds usages of `IConnectionAdapter` which was removed from Kestrel in ASP.NET Core 3.0. Use Connection Middleware instead.,1,,,.NET Core 3.0,C#,,,Recipes for migrating to .NET Core 3.0,,
nuget,OpenRewrite.Recipes.CSharp.Migration.Dotnet,,0.4.0,OpenRewrite.Recipes.CSharp.Migration.Dotnet.Net3_0.FindConnectionAdapter,Find `IConnectionAdapter` usage (removed in ASP.NET Core 3.0),Finds usages of `IConnectionAdapter` which was removed from Kestrel in ASP.NET Core 3.0. Use Connection Middleware instead.,1,,,Migration,C#,,,Recipes for migrating between versions,,
nuget,OpenRewrite.Recipes.CSharp.Migration.Dotnet,,0.4.0,OpenRewrite.Recipes.CSharp.Migration.Dotnet.Net3_0.FindHttpContextAuthentication,Find `HttpContext.Authentication` usage (removed in ASP.NET Core 3.0),Finds usages of `HttpContext.Authentication` which was removed in ASP.NET Core 3.0. Use dependency injection to get `IAuthenticationService` instead.,1,,,.NET Core 3.0,C#,,,Recipes for migrating to .NET Core 3.0,,
nuget,OpenRewrite.Recipes.CSharp.Migration.Dotnet,,0.4.0,OpenRewrite.Recipes.CSharp.Migration.Dotnet.Net3_0.FindHttpContextAuthentication,Find `HttpContext.Authentication` usage (removed in ASP.NET Core 3.0),Finds usages of `HttpContext.Authentication` which was removed in ASP.NET Core 3.0. Use dependency injection to get `IAuthenticationService` instead.,1,,,Migration,C#,,,Recipes for migrating between versions,,
nuget,OpenRewrite.Recipes.CSharp.Migration.Dotnet,,0.4.0,OpenRewrite.Recipes.CSharp.Migration.Dotnet.Net3_0.FindNewtonsoftJson,Find Newtonsoft.Json usage,"Finds usages of Newtonsoft.Json types (`JObject`, `JArray`, `JToken`, `JsonConvert`) that should be migrated to `System.Text.Json` or explicitly preserved via `Microsoft.AspNetCore.Mvc.NewtonsoftJson` in ASP.NET Core 3.0+.",1,,,.NET Core 3.0,C#,,,Recipes for migrating to .NET Core 3.0,,
nuget,OpenRewrite.Recipes.CSharp.Migration.Dotnet,,0.4.0,OpenRewrite.Recipes.CSharp.Migration.Dotnet.Net3_0.FindNewtonsoftJson,Find Newtonsoft.Json usage,"Finds usages of Newtonsoft.Json types (`JObject`, `JArray`, `JToken`, `JsonConvert`) that should be migrated to `System.Text.Json` or explicitly preserved via `Microsoft.AspNetCore.Mvc.NewtonsoftJson` in ASP.NET Core 3.0+.",1,,,Migration,C#,,,Recipes for migrating between versions,,
nuget,OpenRewrite.Recipes.CSharp.Migration.Dotnet,,0.4.0,OpenRewrite.Recipes.CSharp.Migration.Dotnet.Net3_0.FindObsoleteLocalizationApis,Find obsolete localization APIs (ASP.NET Core 3.0),Finds usages of `ResourceManagerWithCultureStringLocalizer` and `WithCulture()` which are obsolete in ASP.NET Core 3.0.,1,,,.NET Core 3.0,C#,,,Recipes for migrating to .NET Core 3.0,,
nuget,OpenRewrite.Recipes.CSharp.Migration.Dotnet,,0.4.0,OpenRewrite.Recipes.CSharp.Migration.Dotnet.Net3_0.FindObsoleteLocalizationApis,Find obsolete localization APIs (ASP.NET Core 3.0),Finds usages of `ResourceManagerWithCultureStringLocalizer` and `WithCulture()` which are obsolete in ASP.NET Core 3.0.,1,,,Migration,C#,,,Recipes for migrating between versions,,
nuget,OpenRewrite.Recipes.CSharp.Migration.Dotnet,,0.4.0,OpenRewrite.Recipes.CSharp.Migration.Dotnet.Net3_0.FindSpaServices,Find SpaServices/NodeServices usage (obsolete in ASP.NET Core 3.0),Finds usages of `SpaServices` and `NodeServices` which are obsolete in ASP.NET Core 3.0.,1,,,.NET Core 3.0,C#,,,Recipes for migrating to .NET Core 3.0,,
nuget,OpenRewrite.Recipes.CSharp.Migration.Dotnet,,0.4.0,OpenRewrite.Recipes.CSharp.Migration.Dotnet.Net3_0.FindSpaServices,Find SpaServices/NodeServices usage (obsolete in ASP.NET Core 3.0),Finds usages of `SpaServices` and `NodeServices` which are obsolete in ASP.NET Core 3.0.,1,,,Migration,C#,,,Recipes for migrating between versions,,
nuget,OpenRewrite.Recipes.CSharp.Migration.Dotnet,,0.4.0,OpenRewrite.Recipes.CSharp.Migration.Dotnet.Net3_0.FindSynchronousIO,Find synchronous IO usage (disabled in ASP.NET Core 3.0),Finds references to `AllowSynchronousIO` which indicates synchronous IO usage that is disabled by default in ASP.NET Core 3.0.,1,,,.NET Core 3.0,C#,,,Recipes for migrating to .NET Core 3.0,,
nuget,OpenRewrite.Recipes.CSharp.Migration.Dotnet,,0.4.0,OpenRewrite.Recipes.CSharp.Migration.Dotnet.Net3_0.FindSynchronousIO,Find synchronous IO usage (disabled in ASP.NET Core 3.0),Finds references to `AllowSynchronousIO` which indicates synchronous IO usage that is disabled by default in ASP.NET Core 3.0.,1,,,Migration,C#,,,Recipes for migrating between versions,,
nuget,OpenRewrite.Recipes.CSharp.Migration.Dotnet,,0.4.0,OpenRewrite.Recipes.CSharp.Migration.Dotnet.Net3_0.FindUseMvc,Find `UseMvc`/`AddMvc` usage (replaced in ASP.NET Core 3.0),"Finds usages of `app.UseMvc()`, `app.UseMvcWithDefaultRoute()`, and `services.AddMvc()` which should be migrated to endpoint routing and more specific service registration in ASP.NET Core 3.0.",1,,,.NET Core 3.0,C#,,,Recipes for migrating to .NET Core 3.0,,
nuget,OpenRewrite.Recipes.CSharp.Migration.Dotnet,,0.4.0,OpenRewrite.Recipes.CSharp.Migration.Dotnet.Net3_0.FindUseMvc,Find `UseMvc`/`AddMvc` usage (replaced in ASP.NET Core 3.0),"Finds usages of `app.UseMvc()`, `app.UseMvcWithDefaultRoute()`, and `services.AddMvc()` which should be migrated to endpoint routing and more specific service registration in ASP.NET Core 3.0.",1,,,Migration,C#,,,Recipes for migrating between versions,,
nuget,OpenRewrite.Recipes.CSharp.Migration.Dotnet,,0.4.0,OpenRewrite.Recipes.CSharp.Migration.Dotnet.Net3_0.FindWebHostBuilder,Find `WebHostBuilder`/`WebHost.CreateDefaultBuilder` usage (replaced in ASP.NET Core 3.0),Finds usages of `WebHost.CreateDefaultBuilder()` and `new WebHostBuilder()` which should be migrated to `Host.CreateDefaultBuilder()` with `ConfigureWebHostDefaults()` in ASP.NET Core 3.0.,1,,,.NET Core 3.0,C#,,,Recipes for migrating to .NET Core 3.0,,
nuget,OpenRewrite.Recipes.CSharp.Migration.Dotnet,,0.4.0,OpenRewrite.Recipes.CSharp.Migration.Dotnet.Net3_0.FindWebHostBuilder,Find `WebHostBuilder`/`WebHost.CreateDefaultBuilder` usage (replaced in ASP.NET Core 3.0),Finds usages of `WebHost.CreateDefaultBuilder()` and `new WebHostBuilder()` which should be migrated to `Host.CreateDefaultBuilder()` with `ConfigureWebHostDefaults()` in ASP.NET Core 3.0.,1,,,Migration,C#,,,Recipes for migrating between versions,,
nuget,OpenRewrite.Recipes.CSharp.Migration.Dotnet,,0.4.0,OpenRewrite.Recipes.CSharp.Migration.Dotnet.Net3_0.UpgradeToDotNet3_0,Migrate to .NET Core 3.0,"Migrate C# projects from .NET Core 2.x to .NET Core 3.0, applying necessary API changes for removed and replaced types. See https://learn.microsoft.com/en-us/dotnet/core/compatibility/3.0.",48,,,Migration,C#,,,Recipes for migrating between versions,,
nuget,OpenRewrite.Recipes.CSharp.Migration.Dotnet,,0.4.0,OpenRewrite.Recipes.CSharp.Migration.Dotnet.Net3_0.UseApiControllerBase,Migrate ApiController to ControllerBase,Replace `ApiController` base class (from the removed WebApiCompatShim) with `ControllerBase` and add the `[ApiController]` attribute. The shim was removed in ASP.NET Core 3.0.,1,,,.NET Core 3.0,C#,,,Recipes for migrating to .NET Core 3.0,,
nuget,OpenRewrite.Recipes.CSharp.Migration.Dotnet,,0.4.0,OpenRewrite.Recipes.CSharp.Migration.Dotnet.Net3_0.UseApiControllerBase,Migrate ApiController to ControllerBase,Replace `ApiController` base class (from the removed WebApiCompatShim) with `ControllerBase` and add the `[ApiController]` attribute. The shim was removed in ASP.NET Core 3.0.,1,,,Migration,C#,,,Recipes for migrating between versions,,
nuget,OpenRewrite.Recipes.CSharp.Migration.Dotnet,,0.4.0,OpenRewrite.Recipes.CSharp.Migration.Dotnet.Net3_0.UsePlatformAbstractionsReplacement,Replace `PlatformServices` with `AppContext`,Replaces `Microsoft.Extensions.PlatformAbstractions.PlatformServices.Default.Application.ApplicationBasePath` with `System.AppContext.BaseDirectory`. The PlatformAbstractions package was removed in .NET Core 3.0. Also removes the obsolete using directive.,1,,,.NET Core 3.0,C#,,,Recipes for migrating to .NET Core 3.0,,
nuget,OpenRewrite.Recipes.CSharp.Migration.Dotnet,,0.4.0,OpenRewrite.Recipes.CSharp.Migration.Dotnet.Net3_0.UsePlatformAbstractionsReplacement,Replace `PlatformServices` with `AppContext`,Replaces `Microsoft.Extensions.PlatformAbstractions.PlatformServices.Default.Application.ApplicationBasePath` with `System.AppContext.BaseDirectory`. The PlatformAbstractions package was removed in .NET Core 3.0. Also removes the obsolete using directive.,1,,,Migration,C#,,,Recipes for migrating between versions,,
nuget,OpenRewrite.Recipes.CSharp.Migration.Dotnet,,0.4.0,OpenRewrite.Recipes.CSharp.Migration.Dotnet.Net3_1.FindSameSiteNone,Find `SameSiteMode.None` usage (behavior changed in .NET Core 3.1),Finds usages of `SameSiteMode.None` which changed behavior in .NET Core 3.1 due to Chrome 80 SameSite cookie changes. Apps using remote authentication may need browser sniffing.,1,,,.NET Core 3.1,C#,,,Recipes for migrating to .NET Core 3.1,,
nuget,OpenRewrite.Recipes.CSharp.Migration.Dotnet,,0.4.0,OpenRewrite.Recipes.CSharp.Migration.Dotnet.Net3_1.FindSameSiteNone,Find `SameSiteMode.None` usage (behavior changed in .NET Core 3.1),Finds usages of `SameSiteMode.None` which changed behavior in .NET Core 3.1 due to Chrome 80 SameSite cookie changes. Apps using remote authentication may need browser sniffing.,1,,,Migration,C#,,,Recipes for migrating between versions,,
nuget,OpenRewrite.Recipes.CSharp.Migration.Dotnet,,0.4.0,OpenRewrite.Recipes.CSharp.Migration.Dotnet.Net3_1.UpgradeToDotNet3_1,Migrate to .NET Core 3.1,Migrate C# projects from .NET Core 3.0 to .NET Core 3.1. Includes all .NET Core 3.0 migration steps. See https://learn.microsoft.com/en-us/dotnet/core/compatibility/3.1.,63,,,Migration,C#,,,Recipes for migrating between versions,,
nuget,OpenRewrite.Recipes.CSharp.Migration.Dotnet,,0.4.0,OpenRewrite.Recipes.CSharp.Migration.Dotnet.Net5.ConvertMainToTopLevelStatements,Convert `static Main` entry point to top-level statements,Converts a `class Program { static Main(...) { ... } }` entry point to C# 9 top-level statements: the body of `Main` is lifted to the file level and the `Program` class and any enclosing namespace are removed. Scoped to the unambiguous single-type/single-`Main` case.,1,,,Migration,C#,,,Recipes for migrating between versions,,
nuget,OpenRewrite.Recipes.CSharp.Migration.Dotnet,,0.4.0,OpenRewrite.Recipes.CSharp.Migration.Dotnet.Net5.FindCodeAccessSecurity,Find Code Access Security usage (obsolete in .NET 5),"Finds usages of Code Access Security types (`SecurityPermission`, `PermissionSet`, etc.) which are obsolete in .NET 5+.",1,,,.NET 5,C#,,,Recipes for migrating to .NET 5,,
nuget,OpenRewrite.Recipes.CSharp.Migration.Dotnet,,0.4.0,OpenRewrite.Recipes.CSharp.Migration.Dotnet.Net5.FindCodeAccessSecurity,Find Code Access Security usage (obsolete in .NET 5),"Finds usages of Code Access Security types (`SecurityPermission`, `PermissionSet`, etc.) which are obsolete in .NET 5+.",1,,,Migration,C#,,,Recipes for migrating between versions,,
nuget,OpenRewrite.Recipes.CSharp.Migration.Dotnet,,0.4.0,OpenRewrite.Recipes.CSharp.Migration.Dotnet.Net5.FindPrincipalPermissionAttribute,Find `PrincipalPermissionAttribute` usage (SYSLIB0003),Finds usages of `PrincipalPermissionAttribute` which is obsolete in .NET 5+ (SYSLIB0003) and throws `NotSupportedException` at runtime.,1,,,.NET 5,C#,,,Recipes for migrating to .NET 5,,
nuget,OpenRewrite.Recipes.CSharp.Migration.Dotnet,,0.4.0,OpenRewrite.Recipes.CSharp.Migration.Dotnet.Net5.FindPrincipalPermissionAttribute,Find `PrincipalPermissionAttribute` usage (SYSLIB0003),Finds usages of `PrincipalPermissionAttribute` which is obsolete in .NET 5+ (SYSLIB0003) and throws `NotSupportedException` at runtime.,1,,,Migration,C#,,,Recipes for migrating between versions,,
nuget,OpenRewrite.Recipes.CSharp.Migration.Dotnet,,0.4.0,OpenRewrite.Recipes.CSharp.Migration.Dotnet.Net5.FindUtf7Encoding,Find `Encoding.UTF7` usage (SYSLIB0001),Finds usages of `Encoding.UTF7` and `UTF7Encoding` which are obsolete in .NET 5+ (SYSLIB0001). UTF-7 is insecure.,1,,,.NET 5,C#,,,Recipes for migrating to .NET 5,,
nuget,OpenRewrite.Recipes.CSharp.Migration.Dotnet,,0.4.0,OpenRewrite.Recipes.CSharp.Migration.Dotnet.Net5.FindUtf7Encoding,Find `Encoding.UTF7` usage (SYSLIB0001),Finds usages of `Encoding.UTF7` and `UTF7Encoding` which are obsolete in .NET 5+ (SYSLIB0001). UTF-7 is insecure.,1,,,Migration,C#,,,Recipes for migrating between versions,,
nuget,OpenRewrite.Recipes.CSharp.Migration.Dotnet,,0.4.0,OpenRewrite.Recipes.CSharp.Migration.Dotnet.Net5.FindWinHttpHandler,Find `WinHttpHandler` usage (removed in .NET 5),Finds usages of `WinHttpHandler` which was removed from the .NET 5 runtime. Install the `System.Net.Http.WinHttpHandler` NuGet package explicitly.,1,,,.NET 5,C#,,,Recipes for migrating to .NET 5,,
nuget,OpenRewrite.Recipes.CSharp.Migration.Dotnet,,0.4.0,OpenRewrite.Recipes.CSharp.Migration.Dotnet.Net5.FindWinHttpHandler,Find `WinHttpHandler` usage (removed in .NET 5),Finds usages of `WinHttpHandler` which was removed from the .NET 5 runtime. Install the `System.Net.Http.WinHttpHandler` NuGet package explicitly.,1,,,Migration,C#,,,Recipes for migrating between versions,,
nuget,OpenRewrite.Recipes.CSharp.Migration.Dotnet,,0.4.0,OpenRewrite.Recipes.CSharp.Migration.Dotnet.Net5.FindWinRTInterop,Find WinRT interop usage (removed in .NET 5),"Finds usages of WinRT interop types (`WindowsRuntimeType`, `WindowsRuntimeMarshal`, etc.) which were removed in .NET 5.",1,,,.NET 5,C#,,,Recipes for migrating to .NET 5,,
nuget,OpenRewrite.Recipes.CSharp.Migration.Dotnet,,0.4.0,OpenRewrite.Recipes.CSharp.Migration.Dotnet.Net5.FindWinRTInterop,Find WinRT interop usage (removed in .NET 5),"Finds usages of WinRT interop types (`WindowsRuntimeType`, `WindowsRuntimeMarshal`, etc.) which were removed in .NET 5.",1,,,Migration,C#,,,Recipes for migrating between versions,,
nuget,OpenRewrite.Recipes.CSharp.Migration.Dotnet,,0.4.0,OpenRewrite.Recipes.CSharp.Migration.Dotnet.Net5.UpgradeToDotNet5,Migrate to .NET 5,Migrate C# projects from .NET Core 3.1 to .NET 5.0. Includes all .NET Core 3.0 and 3.1 migration steps. See https://learn.microsoft.com/en-us/dotnet/core/compatibility/5.0.,78,,,Migration,C#,,,Recipes for migrating between versions,,
nuget,OpenRewrite.Recipes.CSharp.Migration.Dotnet,,0.4.0,OpenRewrite.Recipes.CSharp.Migration.Dotnet.Net6.CastRedisValueForJsonDeserialize,Cast `RedisValue` to `string` for `JsonSerializer.Deserialize`,`JsonSerializer.Deserialize<T>(RedisValue)` is an ambiguous call (CS0121) because StackExchange.Redis `RedisValue` implicitly converts to both `string` and `ReadOnlySpan<byte>`. Add an explicit `(string)` cast to disambiguate.,1,,,.NET 6,C#,,,Recipes for migrating to .NET 6,,
nuget,OpenRewrite.Recipes.CSharp.Migration.Dotnet,,0.4.0,OpenRewrite.Recipes.CSharp.Migration.Dotnet.Net6.FindAssemblyCodeBase,Find `Assembly.CodeBase`/`EscapedCodeBase` usage (SYSLIB0012),Finds usages of `Assembly.CodeBase` and `Assembly.EscapedCodeBase` which are obsolete (SYSLIB0012). Use `Assembly.Location` instead.,1,,,.NET 6,C#,,,Recipes for migrating to .NET 6,,
nuget,OpenRewrite.Recipes.CSharp.Migration.Dotnet,,0.4.0,OpenRewrite.Recipes.CSharp.Migration.Dotnet.Net6.FindIgnoreNullValues,Find `JsonSerializerOptions.IgnoreNullValues` usage (SYSLIB0020),Finds usages of `JsonSerializerOptions.IgnoreNullValues` which is obsolete in .NET 6 (SYSLIB0020). Use `DefaultIgnoreCondition = JsonIgnoreCondition.WhenWritingNull` instead.,1,,,.NET 6,C#,,,Recipes for migrating to .NET 6,,
nuget,OpenRewrite.Recipes.CSharp.Migration.Dotnet,,0.4.0,OpenRewrite.Recipes.CSharp.Migration.Dotnet.Net6.FindThreadAbort,Find `Thread.Abort` usage (SYSLIB0006),Finds calls to `Thread.Abort()` which throws `PlatformNotSupportedException` in .NET 6+ (SYSLIB0006). Use `CancellationToken` for cooperative cancellation instead.,1,,,.NET 6,C#,,,Recipes for migrating to .NET 6,,
nuget,OpenRewrite.Recipes.CSharp.Migration.Dotnet,,0.4.0,OpenRewrite.Recipes.CSharp.Migration.Dotnet.Net6.FindWebRequest,Find `WebRequest`/`HttpWebRequest`/`WebClient` usage (SYSLIB0014),"Finds usages of `WebRequest`, `HttpWebRequest`, and `WebClient` which are obsolete in .NET 6 (SYSLIB0014). Use `HttpClient` instead.",1,,,.NET 6,C#,,,Recipes for migrating to .NET 6,,
nuget,OpenRewrite.Recipes.CSharp.Migration.Dotnet,,0.4.0,OpenRewrite.Recipes.CSharp.Migration.Dotnet.Net6.FindX509PrivateKey,Find `X509Certificate2.PrivateKey` usage (SYSLIB0028),"Finds usages of `X509Certificate2.PrivateKey` which is obsolete (SYSLIB0028). Use `GetRSAPrivateKey()`, `GetECDsaPrivateKey()`, or the appropriate algorithm-specific method instead.",1,,,.NET 6,C#,,,Recipes for migrating to .NET 6,,
nuget,OpenRewrite.Recipes.CSharp.Migration.Dotnet,,0.4.0,OpenRewrite.Recipes.CSharp.Migration.Dotnet.Net6.ReplaceFormattedLogValues,Replace internal `FormattedLogValues` with a type alias,"`Microsoft.Extensions.Logging.Internal.FormattedLogValues` was made internal in .NET 6+. Replace the now-dead `using Microsoft.Extensions.Logging.Internal;` with a `FormattedLogValues` type alias for `IReadOnlyList<KeyValuePair<string, object>>` (the public interface it implements) so existing references keep compiling.",1,,,.NET 6,C#,,,Recipes for migrating to .NET 6,,
nuget,OpenRewrite.Recipes.CSharp.Migration.Dotnet,,0.4.0,OpenRewrite.Recipes.CSharp.Migration.Dotnet.Net6.UpgradeToDotNet6,Migrate to .NET 6,"Migrate C# projects to .NET 6, applying necessary API changes for obsoleted cryptographic types and other breaking changes. Includes all .NET Core 3.0, 3.1, and .NET 5 migration steps. See https://learn.microsoft.com/en-us/dotnet/core/compatibility/6.0.",122,,,Migration,C#,,,Recipes for migrating between versions,,
nuget,OpenRewrite.Recipes.CSharp.Migration.Dotnet,,0.4.0,OpenRewrite.Recipes.CSharp.Migration.Dotnet.Net6.UseCryptoFactoryMethods,Use factory method for abstract cryptographic types,"Replace `new AbstractCryptoType()` with `AbstractCryptoType.Create()` for abstract cryptographic types like `SHA256`, `Aes`, `RandomNumberGenerator`, etc. These types are abstract and cannot be instantiated directly; callers must use the static `Create()` factory method.",1,,,.NET 6,C#,,,Recipes for migrating to .NET 6,,
nuget,OpenRewrite.Recipes.CSharp.Migration.Dotnet,,0.4.0,OpenRewrite.Recipes.CSharp.Migration.Dotnet.Net6.UseEnvironmentCurrentManagedThreadId,Use Environment.CurrentManagedThreadId,Replace `Thread.CurrentThread.ManagedThreadId` with `Environment.CurrentManagedThreadId` (CA1840). Available since .NET 6.,1,,,.NET 6,C#,,,Recipes for migrating to .NET 6,,
nuget,OpenRewrite.Recipes.CSharp.Migration.Dotnet,,0.4.0,OpenRewrite.Recipes.CSharp.Migration.Dotnet.Net6.UseEnvironmentProcessId,Use Environment.ProcessId,Replace `Process.GetCurrentProcess().Id` with `Environment.ProcessId` (CA1837). Available since .NET 6.,1,,,.NET 6,C#,,,Recipes for migrating to .NET 6,,
nuget,OpenRewrite.Recipes.CSharp.Migration.Dotnet,,0.4.0,OpenRewrite.Recipes.CSharp.Migration.Dotnet.Net6.UseEnvironmentProcessPath,Use Environment.ProcessPath,Replace `Process.GetCurrentProcess().MainModule.FileName` with `Environment.ProcessPath` (CA1839). Available since .NET 6.,1,,,.NET 6,C#,,,Recipes for migrating to .NET 6,,
nuget,OpenRewrite.Recipes.CSharp.Migration.Dotnet,,0.4.0,OpenRewrite.Recipes.CSharp.Migration.Dotnet.Net6.UseLinqDistinctBy,Use LINQ DistinctBy(),Replace `collection.GroupBy(selector).Select(g => g.First())` with `collection.DistinctBy(selector)`. Available since .NET 6.,1,,,.NET 6,C#,,,Recipes for migrating to .NET 6,,
nuget,OpenRewrite.Recipes.CSharp.Migration.Dotnet,,0.4.0,OpenRewrite.Recipes.CSharp.Migration.Dotnet.Net6.UseLinqMaxMinBy,Use LINQ MaxBy() and MinBy(),"Replace `collection.OrderByDescending(selector).First()` with `collection.MaxBy(selector)` and `collection.OrderBy(selector).First()` with `collection.MinBy(selector)`. Also handles `.Last()` variants (OrderBy().Last() → MaxBy, OrderByDescending().Last() → MinBy). Note: MinBy/MaxBy return default for empty reference-type sequences instead of throwing. Available since .NET 6.",1,,,.NET 6,C#,,,Recipes for migrating to .NET 6,,
nuget,OpenRewrite.Recipes.CSharp.Migration.Dotnet,,0.4.0,OpenRewrite.Recipes.CSharp.Migration.Dotnet.Net6.UseRandomShared,Use Random.Shared,Replace `new Random().Method(...)` with `Random.Shared.Method(...)`. Available since .NET 6.,1,,,.NET 6,C#,,,Recipes for migrating to .NET 6,,
nuget,OpenRewrite.Recipes.CSharp.Migration.Dotnet,,0.4.0,OpenRewrite.Recipes.CSharp.Migration.Dotnet.Net6.UseStringContainsChar,Use string.Contains(char) overload,Finds calls to `string.Contains("x")` with a single-character string literal that could use the `string.Contains('x')` overload for better performance.,1,,,.NET 6,C#,,,Recipes for migrating to .NET 6,,
nuget,OpenRewrite.Recipes.CSharp.Migration.Dotnet,,0.4.0,OpenRewrite.Recipes.CSharp.Migration.Dotnet.Net6.UseStringStartsEndsWithChar,Use string.StartsWith(char)/EndsWith(char) overload,Finds calls to `string.StartsWith("x")` and `string.EndsWith("x")` with a single-character string literal that could use the char overload for better performance.,1,,,.NET 6,C#,,,Recipes for migrating to .NET 6,,
nuget,OpenRewrite.Recipes.CSharp.Migration.Dotnet,,0.4.0,OpenRewrite.Recipes.CSharp.Migration.Dotnet.Net6.UseThrowIfNull,Use ArgumentNullException.ThrowIfNull(),"Replace `if (x == null) throw new ArgumentNullException(nameof(x))` guard clauses with `ArgumentNullException.ThrowIfNull(x)` (CA1510). Handles `== null`, `is null`, reversed `null ==`, string literal param names, and braced then-blocks. Available since .NET 6.",1,,,.NET 6,C#,,,Recipes for migrating to .NET 6,,
nuget,OpenRewrite.Recipes.CSharp.Migration.Dotnet,,0.4.0,OpenRewrite.Recipes.CSharp.Migration.Dotnet.Net7.FindObsoleteSslProtocols,Find obsolete `SslProtocols.Tls`/`Tls11` usage (SYSLIB0039),"Finds usages of `SslProtocols.Tls` and `SslProtocols.Tls11` which are obsolete in .NET 7 (SYSLIB0039). Use `SslProtocols.Tls12`, `SslProtocols.Tls13`, or `SslProtocols.None` instead.",1,,,.NET 7,C#,,,Recipes for migrating to .NET 7,,
nuget,OpenRewrite.Recipes.CSharp.Migration.Dotnet,,0.4.0,OpenRewrite.Recipes.CSharp.Migration.Dotnet.Net7.FindRfc2898InsecureCtors,Find insecure `Rfc2898DeriveBytes` constructors (SYSLIB0041),"Finds `Rfc2898DeriveBytes` constructor calls that use default SHA1 or low iteration counts, which are obsolete in .NET 7 (SYSLIB0041). Specify `HashAlgorithmName` and at least 600,000 iterations.",1,,,.NET 7,C#,,,Recipes for migrating to .NET 7,,
nuget,OpenRewrite.Recipes.CSharp.Migration.Dotnet,,0.4.0,OpenRewrite.Recipes.CSharp.Migration.Dotnet.Net7.UpgradeToDotNet7,Migrate to .NET 7,"Migrate C# projects to .NET 7, applying necessary API changes. See https://learn.microsoft.com/en-us/dotnet/core/compatibility/7.0.",156,,,Migration,C#,,,Recipes for migrating between versions,,
nuget,OpenRewrite.Recipes.CSharp.Migration.Dotnet,,0.4.0,OpenRewrite.Recipes.CSharp.Migration.Dotnet.Net7.UseLinqOrder,Use LINQ Order() and OrderDescending(),Replace `collection.OrderBy(x => x)` with `collection.Order()` and `collection.OrderByDescending(x => x)` with `collection.OrderDescending()`. Available since .NET 7.,1,,,.NET 7,C#,,,Recipes for migrating to .NET 7,,
nuget,OpenRewrite.Recipes.CSharp.Migration.Dotnet,,0.4.0,OpenRewrite.Recipes.CSharp.Migration.Dotnet.Net7.UseThrowIfNegative,Use ArgumentOutOfRangeException.ThrowIfNegative(),Replace `if (value < 0) throw new ArgumentOutOfRangeException(nameof(value))` guard clauses with `ArgumentOutOfRangeException.ThrowIfNegative(value)`. Also handles reversed `0 > value`. Available since .NET 7.,1,,,.NET 7,C#,,,Recipes for migrating to .NET 7,,
nuget,OpenRewrite.Recipes.CSharp.Migration.Dotnet,,0.4.0,OpenRewrite.Recipes.CSharp.Migration.Dotnet.Net7.UseThrowIfNegativeOrZero,Use ArgumentOutOfRangeException.ThrowIfNegativeOrZero(),Replace `if (value <= 0) throw new ArgumentOutOfRangeException(nameof(value))` guard clauses with `ArgumentOutOfRangeException.ThrowIfNegativeOrZero(value)`. Also handles reversed `0 >= value`. Available since .NET 7.,1,,,.NET 7,C#,,,Recipes for migrating to .NET 7,,
nuget,OpenRewrite.Recipes.CSharp.Migration.Dotnet,,0.4.0,OpenRewrite.Recipes.CSharp.Migration.Dotnet.Net7.UseThrowIfNullOrEmpty,Use ArgumentException.ThrowIfNullOrEmpty(),"Replace `if (string.IsNullOrEmpty(s)) throw new ArgumentException(""..."", nameof(s))` guard clauses with `ArgumentException.ThrowIfNullOrEmpty(s)`. Available since .NET 7.",1,,,.NET 7,C#,,,Recipes for migrating to .NET 7,,
nuget,OpenRewrite.Recipes.CSharp.Migration.Dotnet,,0.4.0,OpenRewrite.Recipes.CSharp.Migration.Dotnet.Net8.FindAddContext,Find `JsonSerializerOptions.AddContext` usage (SYSLIB0049),Finds calls to `JsonSerializerOptions.AddContext<T>()` which is obsolete in .NET 8 (SYSLIB0049). Use `TypeInfoResolverChain` or `TypeInfoResolver` instead.,1,,,.NET 8,C#,,,Recipes for migrating to .NET 8,,
nuget,OpenRewrite.Recipes.CSharp.Migration.Dotnet,,0.4.0,OpenRewrite.Recipes.CSharp.Migration.Dotnet.Net8.FindAesGcmOldConstructor,Find `AesGcm` constructor without tag size (SYSLIB0053),"Finds `new AesGcm(key)` constructor calls without an explicit tag size parameter. In .NET 8, the single-argument constructor is obsolete (SYSLIB0053). Use `new AesGcm(key, tagSizeInBytes)` instead.",1,,,.NET 8,C#,,,Recipes for migrating to .NET 8,,
nuget,OpenRewrite.Recipes.CSharp.Migration.Dotnet,,0.4.0,OpenRewrite.Recipes.CSharp.Migration.Dotnet.Net8.FindFormatterBasedSerialization,Find formatter-based serialization types (SYSLIB0050/0051),"Finds usage of formatter-based serialization types (`FormatterConverter`, `IFormatter`, `ObjectIDGenerator`, `ObjectManager`, `SurrogateSelector`, `SerializationInfo`, `StreamingContext`). These are obsolete in .NET 8 (SYSLIB0050/0051).",1,,,.NET 8,C#,,,Recipes for migrating to .NET 8,,
nuget,OpenRewrite.Recipes.CSharp.Migration.Dotnet,,0.4.0,OpenRewrite.Recipes.CSharp.Migration.Dotnet.Net8.FindFrozenCollection,Find ToImmutable*() that could use Frozen collections,"Finds usages of `ToImmutableDictionary()` and `ToImmutableHashSet()`. In .NET 8+, `ToFrozenDictionary()` and `ToFrozenSet()` provide better read performance.",1,,,.NET 8,C#,,,Recipes for migrating to .NET 8,,
nuget,OpenRewrite.Recipes.CSharp.Migration.Dotnet,,0.4.0,OpenRewrite.Recipes.CSharp.Migration.Dotnet.Net8.FindRegexCompileToAssembly,Find `Regex.CompileToAssembly` usage (SYSLIB0052),Finds usage of `Regex.CompileToAssembly()` and `RegexCompilationInfo`. These are obsolete in .NET 8 (SYSLIB0052). Use the Regex source generator instead.,1,,,.NET 8,C#,,,Recipes for migrating to .NET 8,,
nuget,OpenRewrite.Recipes.CSharp.Migration.Dotnet,,0.4.0,OpenRewrite.Recipes.CSharp.Migration.Dotnet.Net8.FindSerializationConstructors,Find legacy serialization constructors (SYSLIB0051),"Finds legacy serialization constructors `.ctor(SerializationInfo, StreamingContext)` which are obsolete in .NET 8 (SYSLIB0051). The `ISerializable` pattern is no longer recommended.",1,,,.NET 8,C#,,,Recipes for migrating to .NET 8,,
nuget,OpenRewrite.Recipes.CSharp.Migration.Dotnet,,0.4.0,OpenRewrite.Recipes.CSharp.Migration.Dotnet.Net8.FindTimeAbstraction,Find DateTime.Now/UtcNow usage (TimeProvider in .NET 8),"Finds usages of `DateTime.Now`, `DateTime.UtcNow`, `DateTimeOffset.Now`, and `DateTimeOffset.UtcNow`. In .NET 8+, `TimeProvider` is the recommended abstraction for time.",1,,,.NET 8,C#,,,Recipes for migrating to .NET 8,,
nuget,OpenRewrite.Recipes.CSharp.Migration.Dotnet,,0.4.0,OpenRewrite.Recipes.CSharp.Migration.Dotnet.Net8.UpgradeToDotNet8,Migrate to .NET 8,"Migrate C# projects to .NET 8, applying necessary API changes. Includes all .NET 7 migration steps. See https://learn.microsoft.com/en-us/dotnet/core/compatibility/8.0.",180,,,Migration,C#,,,Recipes for migrating between versions,,
nuget,OpenRewrite.Recipes.CSharp.Migration.Dotnet,,0.4.0,OpenRewrite.Recipes.CSharp.Migration.Dotnet.Net8.UseThrowIfGreaterThan,Use ArgumentOutOfRangeException.ThrowIfGreaterThan(),"Replace `if (value > other) throw new ArgumentOutOfRangeException(nameof(value))` guard clauses with `ArgumentOutOfRangeException.ThrowIfGreaterThan(value, other)`. Also handles reversed `other < value` and `>=`/`ThrowIfGreaterThanOrEqual`. Available since .NET 8.",1,,,.NET 8,C#,,,Recipes for migrating to .NET 8,,
nuget,OpenRewrite.Recipes.CSharp.Migration.Dotnet,,0.4.0,OpenRewrite.Recipes.CSharp.Migration.Dotnet.Net8.UseThrowIfLessThan,Use ArgumentOutOfRangeException.ThrowIfLessThan(),"Replace `if (value < other) throw new ArgumentOutOfRangeException(nameof(value))` guard clauses with `ArgumentOutOfRangeException.ThrowIfLessThan(value, other)`. Also handles reversed `other > value` and `<=`/`ThrowIfLessThanOrEqual`. Available since .NET 8.",1,,,.NET 8,C#,,,Recipes for migrating to .NET 8,,
nuget,OpenRewrite.Recipes.CSharp.Migration.Dotnet,,0.4.0,OpenRewrite.Recipes.CSharp.Migration.Dotnet.Net8.UseThrowIfNullOrWhiteSpace,Use ArgumentException.ThrowIfNullOrWhiteSpace(),"Replace `if (string.IsNullOrWhiteSpace(s)) throw new ArgumentException(""..."", nameof(s))` guard clauses with `ArgumentException.ThrowIfNullOrWhiteSpace(s)`. Available since .NET 8.",1,,,.NET 8,C#,,,Recipes for migrating to .NET 8,,
nuget,OpenRewrite.Recipes.CSharp.Migration.Dotnet,,0.4.0,OpenRewrite.Recipes.CSharp.Migration.Dotnet.Net8.UseThrowIfZero,Use ArgumentOutOfRangeException.ThrowIfZero(),Replace `if (value == 0) throw new ArgumentOutOfRangeException(nameof(value))` guard clauses with `ArgumentOutOfRangeException.ThrowIfZero(value)`. Also handles reversed `0 == value`. Available since .NET 8.,1,,,.NET 8,C#,,,Recipes for migrating to .NET 8,,
nuget,OpenRewrite.Recipes.CSharp.Migration.Dotnet,,0.4.0,OpenRewrite.Recipes.CSharp.Migration.Dotnet.Net8.UseTimeProvider,Use TimeProvider instead of DateTime/DateTimeOffset static properties,"Replace `DateTime.UtcNow`, `DateTime.Now`, `DateTimeOffset.UtcNow`, and `DateTimeOffset.Now` with `TimeProvider.System.GetUtcNow()`/`GetLocalNow()` equivalents. TimeProvider enables testability and consistent time sources. Available since .NET 8.",1,,,.NET 8,C#,,,Recipes for migrating to .NET 8,,
nuget,OpenRewrite.Recipes.CSharp.Migration.Dotnet,,0.4.0,OpenRewrite.Recipes.CSharp.Migration.Dotnet.Net9.FindAsyncEnumerableLinqAmbiguity,Find LINQ ambiguities introduced by .NET 9 `IAsyncEnumerable` extensions,.NET 9 added LINQ extension methods on `IAsyncEnumerable<T>`. Types implementing both `IQueryable<T>` and `IAsyncEnumerable<T>` (notably EF Core `DbSet<T>`) now produce ambiguous `Where`/`Select`/`FirstOrDefault`/etc. calls. Flags such calls for manual disambiguation (typically by inserting `.AsQueryable()`).,1,,,.NET 9,C#,,,Recipes for migrating to .NET 9,,
nuget,OpenRewrite.Recipes.CSharp.Migration.Dotnet,,0.4.0,OpenRewrite.Recipes.CSharp.Migration.Dotnet.Net9.FindAuthenticationManager,Find `AuthenticationManager` usage (SYSLIB0009),Finds usages of `AuthenticationManager` which is not supported in .NET 9 (SYSLIB0009). Methods will no-op or throw `PlatformNotSupportedException`.,1,,,.NET 9,C#,,,Recipes for migrating to .NET 9,,
nuget,OpenRewrite.Recipes.CSharp.Migration.Dotnet,,0.4.0,OpenRewrite.Recipes.CSharp.Migration.Dotnet.Net9.FindBinaryFormatter,Find `BinaryFormatter` usage (removed in .NET 9),"Finds usages of `BinaryFormatter` which always throws `NotSupportedException` in .NET 9. Migrate to a different serializer such as `System.Text.Json`, `XmlSerializer`, or `DataContractSerializer`.",1,,,.NET 9,C#,,,Recipes for migrating to .NET 9,,
nuget,OpenRewrite.Recipes.CSharp.Migration.Dotnet,,0.4.0,OpenRewrite.Recipes.CSharp.Migration.Dotnet.Net9.FindBinaryReaderReadString,Find `BinaryReader.ReadString` behavior change,"Finds calls to `BinaryReader.ReadString()` which now returns the Unicode replacement character (\uFFFD) for malformed UTF-8 byte sequences in .NET 9, instead of the previous behavior. Verify your code handles the replacement character correctly.",1,,,.NET 9,C#,,,Recipes for migrating to .NET 9,,
nuget,OpenRewrite.Recipes.CSharp.Migration.Dotnet,,0.4.0,OpenRewrite.Recipes.CSharp.Migration.Dotnet.Net9.FindDistributedCache,Find IDistributedCache usage (HybridCache in .NET 9),"Finds usages of `IDistributedCache`. In .NET 9, `HybridCache` is the recommended replacement with L1/L2 caching, stampede protection, and tag-based invalidation.",1,,,.NET 9,C#,,,Recipes for migrating to .NET 9,,
nuget,OpenRewrite.Recipes.CSharp.Migration.Dotnet,,0.4.0,OpenRewrite.Recipes.CSharp.Migration.Dotnet.Net9.FindEnumConverter,Find `EnumConverter` constructor validation change,"Finds `new EnumConverter()` constructor calls. In .NET 9, `EnumConverter` validates that the registered type is actually an enum and throws `ArgumentException` if not.",1,,,.NET 9,C#,,,Recipes for migrating to .NET 9,,
nuget,OpenRewrite.Recipes.CSharp.Migration.Dotnet,,0.4.0,OpenRewrite.Recipes.CSharp.Migration.Dotnet.Net9.FindExecuteUpdateSync,Find synchronous ExecuteUpdate/ExecuteDelete (EF Core 9),Finds usages of synchronous `ExecuteUpdate()` and `ExecuteDelete()` which were removed in EF Core 9. Use `ExecuteUpdateAsync`/`ExecuteDeleteAsync` instead.,1,,,.NET 9,C#,,,Recipes for migrating to .NET 9,,
nuget,OpenRewrite.Recipes.CSharp.Migration.Dotnet,,0.4.0,OpenRewrite.Recipes.CSharp.Migration.Dotnet.Net9.FindHttpClientHandlerCast,Find `HttpClientHandler` usage (HttpClientFactory default change),Finds usages of `HttpClientHandler` which may break when `HttpClientFactory` switches its default handler to `SocketsHttpHandler` in .NET 9.,1,,,.NET 9,C#,,,Recipes for migrating to .NET 9,,
nuget,OpenRewrite.Recipes.CSharp.Migration.Dotnet,,0.4.0,OpenRewrite.Recipes.CSharp.Migration.Dotnet.Net9.FindHttpListenerRequestUserAgent,Find `HttpListenerRequest.UserAgent` nullable change,Finds accesses to `HttpListenerRequest.UserAgent` which changed from `string` to `string?` in .NET 9. Code that assumes `UserAgent` is non-null may throw `NullReferenceException`.,1,,,.NET 9,C#,,,Recipes for migrating to .NET 9,,
nuget,OpenRewrite.Recipes.CSharp.Migration.Dotnet,,0.4.0,OpenRewrite.Recipes.CSharp.Migration.Dotnet.Net9.FindImplicitAuthenticationDefault,Find implicit authentication default scheme (ASP.NET Core 9),"Finds calls to `AddAuthentication()` with no arguments. In .NET 9, a single registered authentication scheme is no longer automatically used as the default.",1,,,.NET 9,C#,,,Recipes for migrating to .NET 9,,
nuget,OpenRewrite.Recipes.CSharp.Migration.Dotnet,,0.4.0,OpenRewrite.Recipes.CSharp.Migration.Dotnet.Net9.FindInMemoryDirectoryInfo,Find `InMemoryDirectoryInfo` rootDir prepend change,"Finds `new InMemoryDirectoryInfo()` constructor calls. In .NET 9, `rootDir` is prepended to file paths that don't start with the `rootDir`, which may change file matching behavior.",1,,,.NET 9,C#,,,Recipes for migrating to .NET 9,,
nuget,OpenRewrite.Recipes.CSharp.Migration.Dotnet,,0.4.0,OpenRewrite.Recipes.CSharp.Migration.Dotnet.Net9.FindIncrementingPollingCounter,Find `IncrementingPollingCounter` async callback change,"Finds `new IncrementingPollingCounter()` constructor calls. In .NET 9, the initial callback invocation is asynchronous instead of synchronous, which may change timing behavior.",1,,,.NET 9,C#,,,Recipes for migrating to .NET 9,,
nuget,OpenRewrite.Recipes.CSharp.Migration.Dotnet,,0.4.0,OpenRewrite.Recipes.CSharp.Migration.Dotnet.Net9.FindJsonDocumentNullable,Find `JsonSerializer.Deserialize` nullable `JsonDocument` change,"Finds `JsonSerializer.Deserialize()` calls. In .NET 9, nullable `JsonDocument` properties now deserialize to a `JsonDocument` with `RootElement.ValueKind == JsonValueKind.Null` instead of being `null`.",1,,,.NET 9,C#,,,Recipes for migrating to .NET 9,,
nuget,OpenRewrite.Recipes.CSharp.Migration.Dotnet,,0.4.0,OpenRewrite.Recipes.CSharp.Migration.Dotnet.Net9.FindJsonStringEnumConverter,Find non-generic JsonStringEnumConverter,"Finds usages of the non-generic `JsonStringEnumConverter`. In .NET 9, the generic `JsonStringEnumConverter<TEnum>` is preferred for AOT compatibility.",1,,,.NET 9,C#,,,Recipes for migrating to .NET 9,,
nuget,OpenRewrite.Recipes.CSharp.Migration.Dotnet,,0.4.0,OpenRewrite.Recipes.CSharp.Migration.Dotnet.Net9.FindRuntimeHelpersGetSubArray,Find `RuntimeHelpers.GetSubArray` return type change,Finds calls to `RuntimeHelpers.GetSubArray()` which may return a different array type in .NET 9. Code that depends on the runtime type of the returned array may break.,1,,,.NET 9,C#,,,Recipes for migrating to .NET 9,,
nuget,OpenRewrite.Recipes.CSharp.Migration.Dotnet,,0.4.0,OpenRewrite.Recipes.CSharp.Migration.Dotnet.Net9.FindSafeEvpPKeyHandleDuplicate,Find `SafeEvpPKeyHandle.DuplicateHandle` up-ref change,"Finds calls to `SafeEvpPKeyHandle.DuplicateHandle()`. In .NET 9, this method now increments the reference count instead of creating a deep copy, which may affect handle lifetime.",1,,,.NET 9,C#,,,Recipes for migrating to .NET 9,,
nuget,OpenRewrite.Recipes.CSharp.Migration.Dotnet,,0.4.0,OpenRewrite.Recipes.CSharp.Migration.Dotnet.Net9.FindServicePointManager,Find `ServicePointManager` usage (SYSLIB0014),Finds usages of `ServicePointManager` which is fully obsolete in .NET 9 (SYSLIB0014). Settings on `ServicePointManager` don't affect `SslStream` or `HttpClient`.,1,,,.NET 9,C#,,,Recipes for migrating to .NET 9,,
nuget,OpenRewrite.Recipes.CSharp.Migration.Dotnet,,0.4.0,OpenRewrite.Recipes.CSharp.Migration.Dotnet.Net9.FindSwashbuckle,Find Swashbuckle usage (ASP.NET Core 9 built-in OpenAPI),"Finds usages of Swashbuckle APIs (`AddSwaggerGen`, `UseSwagger`, `UseSwaggerUI`). .NET 9 includes built-in OpenAPI support. Consider migrating to `AddOpenApi()`/`MapOpenApi()`.",1,,,.NET 9,C#,,,Recipes for migrating to .NET 9,,
nuget,OpenRewrite.Recipes.CSharp.Migration.Dotnet,,0.4.0,OpenRewrite.Recipes.CSharp.Migration.Dotnet.Net9.FindX509CertificateConstructors,Find obsolete `X509Certificate2`/`X509Certificate` constructors (SYSLIB0057),"Finds usages of `X509Certificate2` and `X509Certificate` constructors that accept binary content or file paths, which are obsolete in .NET 9 (SYSLIB0057). Use `X509CertificateLoader` methods instead.",1,,,.NET 9,C#,,,Recipes for migrating to .NET 9,,
nuget,OpenRewrite.Recipes.CSharp.Migration.Dotnet,,0.4.0,OpenRewrite.Recipes.CSharp.Migration.Dotnet.Net9.FindZipArchiveCompressionLevel,Find `ZipArchive.CreateEntry` with `CompressionLevel` (bit flag change),"Finds `ZipArchive.CreateEntry()` and `ZipFileExtensions.CreateEntryFromFile()` calls with a `CompressionLevel` parameter. In .NET 9, the `CompressionLevel` value now sets general-purpose bit flags in the ZIP central directory header, which may affect interoperability.",1,,,.NET 9,C#,,,Recipes for migrating to .NET 9,,
nuget,OpenRewrite.Recipes.CSharp.Migration.Dotnet,,0.4.0,OpenRewrite.Recipes.CSharp.Migration.Dotnet.Net9.FindZipArchiveEntryEncoding,Find `ZipArchiveEntry` name/comment UTF-8 encoding change,"Finds access to `ZipArchiveEntry.Name`, `FullName`, or `Comment` properties. In .NET 9, these now respect the UTF-8 flag in ZIP entries, which may change decoded values.",1,,,.NET 9,C#,,,Recipes for migrating to .NET 9,,
nuget,OpenRewrite.Recipes.CSharp.Migration.Dotnet,,0.4.0,OpenRewrite.Recipes.CSharp.Migration.Dotnet.Net9.MigrateSwashbuckleToOpenApi,Migrate Swashbuckle to built-in OpenAPI,"Migrate from Swashbuckle to the built-in OpenAPI support in ASP.NET Core 10+. Replaces `AddSwaggerGen()` with `AddOpenApi()`, `UseSwaggerUI()` with `MapOpenApi()`, removes `UseSwagger()`, removes Swashbuckle packages, and adds `Microsoft.AspNetCore.OpenApi`. Only fires when every project targets net10.0+ (the version that ships Microsoft.OpenApi 2.x with its flattened type namespaces).",1,,,.NET 9,C#,,,Recipes for migrating to .NET 9,,
nuget,OpenRewrite.Recipes.CSharp.Migration.Dotnet,,0.4.0,OpenRewrite.Recipes.CSharp.Migration.Dotnet.Net9.RemoveConfigureAwaitFalse,Remove ConfigureAwait(false),Remove `.ConfigureAwait(false)` calls that are unnecessary in ASP.NET Core and modern .NET applications (no SynchronizationContext). Do not apply to library code targeting .NET Framework.,1,,,.NET 9,C#,,,Recipes for migrating to .NET 9,,
nuget,OpenRewrite.Recipes.CSharp.Migration.Dotnet,,0.4.0,OpenRewrite.Recipes.CSharp.Migration.Dotnet.Net9.UpgradeToDotNet9,Migrate to .NET 9,"Migrate C# projects to .NET 9, applying necessary API changes. Includes all .NET 7 and .NET 8 migration steps. See https://learn.microsoft.com/en-us/dotnet/core/compatibility/9.0.",222,,,Migration,C#,,,Recipes for migrating between versions,,
nuget,OpenRewrite.Recipes.CSharp.Migration.Dotnet,,0.4.0,OpenRewrite.Recipes.CSharp.Migration.Dotnet.Net9.UseEscapeSequenceE,Use \e escape sequence,Replace `\u001b` and `\x1b` escape sequences with `\e`. C# 13 introduced `\e` as a dedicated escape sequence for the escape character (U+001B).,1,,,.NET 9,C#,,,Recipes for migrating to .NET 9,,
nuget,OpenRewrite.Recipes.CSharp.Migration.Dotnet,,0.4.0,OpenRewrite.Recipes.CSharp.Migration.Dotnet.Net9.UseFrozenCollections,Use Frozen collections instead of Immutable,Replace `ToImmutableDictionary()` with `ToFrozenDictionary()` and `ToImmutableHashSet()` with `ToFrozenSet()`. Frozen collections (.NET 8+) provide better read performance for collections populated once and read many times.,1,,,.NET 9,C#,,,Recipes for migrating to .NET 9,,
nuget,OpenRewrite.Recipes.CSharp.Migration.Dotnet,,0.4.0,OpenRewrite.Recipes.CSharp.Migration.Dotnet.Net9.UseGuidCreateVersion7,Use Guid.CreateVersion7(),"Replace `Guid.NewGuid()` with `Guid.CreateVersion7()`. Version 7 GUIDs are time-ordered and better for database primary keys, indexing, and sorting. Available since .NET 9.",1,,,.NET 9,C#,,,Recipes for migrating to .NET 9,,
nuget,OpenRewrite.Recipes.CSharp.Migration.Dotnet,,0.4.0,OpenRewrite.Recipes.CSharp.Migration.Dotnet.Net9.UseLinqAggregateBy,Use LINQ AggregateBy(),"Replace `collection.GroupBy(keySelector).ToDictionary(g => g.Key, g => g.Aggregate(seed, func))` with `collection.AggregateBy(keySelector, seed, func).ToDictionary()`. Available since .NET 9.",1,,,.NET 9,C#,,,Recipes for migrating to .NET 9,,
nuget,OpenRewrite.Recipes.CSharp.Migration.Dotnet,,0.4.0,OpenRewrite.Recipes.CSharp.Migration.Dotnet.Net9.UseLinqCountBy,Use LINQ CountBy(),Replace `collection.GroupBy(selector).Select(g => g.Count())` with `collection.CountBy(selector)`. Available since .NET 9.,1,,,.NET 9,C#,,,Recipes for migrating to .NET 9,,
nuget,OpenRewrite.Recipes.CSharp.Migration.Dotnet,,0.4.0,OpenRewrite.Recipes.CSharp.Migration.Dotnet.Net9.UseLinqIndex,Use LINQ Index(),"Replace `collection.Select((item, index) => (index, item))` with `collection.Index()`. Available since .NET 9.",1,,,.NET 9,C#,,,Recipes for migrating to .NET 9,,
nuget,OpenRewrite.Recipes.CSharp.Migration.Dotnet,,0.4.0,OpenRewrite.Recipes.CSharp.Migration.Dotnet.Net9.UseLockObject,Use System.Threading.Lock for lock fields,Replace `object` fields initialized with `new object()` with `System.Threading.Lock` initialized with `new()`. The Lock type provides better performance with the lock statement. Available since .NET 9.,1,,,.NET 9,C#,,,Recipes for migrating to .NET 9,,
nuget,OpenRewrite.Recipes.CSharp.Migration.Dotnet,,0.4.0,OpenRewrite.Recipes.CSharp.Migration.Dotnet.Net9.UseMapStaticAssets,Use MapStaticAssets(),Replace `UseStaticFiles()` with `MapStaticAssets()` for ASP.NET Core 9. Only applies when the receiver supports `IEndpointRouteBuilder` (WebApplication / minimal hosting). Skips Startup.cs patterns using `IApplicationBuilder` where `MapStaticAssets` is not available.,1,,,.NET 9,C#,,,Recipes for migrating to .NET 9,,
nuget,OpenRewrite.Recipes.CSharp.Migration.Dotnet,,0.4.0,OpenRewrite.Recipes.CSharp.Migration.Dotnet.Net9.UseTaskCompletedTask,Use Task.CompletedTask,"Replace `Task.FromResult(0)`, `Task.FromResult(true)`, and `Task.FromResult(false)` with `Task.CompletedTask` when the return type is `Task` (not `Task<T>`).",1,,,.NET 9,C#,,,Recipes for migrating to .NET 9,,
nuget,OpenRewrite.Recipes.CSharp.Migration.Dotnet,,0.4.0,OpenRewrite.Recipes.CSharp.Migration.Dotnet.Net9.UseVolatileReadWrite,Use Volatile.Read/Write (SYSLIB0054),Replace `Thread.VolatileRead` and `Thread.VolatileWrite` with `Volatile.Read` and `Volatile.Write`. The Thread methods are obsolete in .NET 9 (SYSLIB0054).,1,,,.NET 9,C#,,,Recipes for migrating to .NET 9,,
nuget,OpenRewrite.Recipes.CSharp.Migration.Dotnet,,0.4.0,OpenRewrite.Recipes.CSharp.Migration.Dotnet.Net9.UseX509CertificateLoader,Use X509CertificateLoader (SYSLIB0057),"Replace `new X509Certificate2(path, password)` with `X509CertificateLoader.LoadPkcs12FromFile(path, password)`. The two-argument X509Certificate2 constructor is obsolete in .NET 9 (SYSLIB0057).",1,,,.NET 9,C#,,,Recipes for migrating to .NET 9,,
nuget,OpenRewrite.Recipes.CSharp.Migration.Dotnet,,0.4.0,OpenRewrite.Recipes.CSharp.Migration.Dotnet.NetFramework.AddOverrideToDbParameterPrecisionScale,Add `override` to `DbParameter.Precision`/`Scale`,"As of .NET Framework 4.5.1, `DbParameter.Precision` and `DbParameter.Scale` are public virtual properties. Adds the `override` modifier to `Precision`/`Scale` properties declared on a `DbParameter` subclass so the provider compiles against the new target.",1,,,.NET Framework,C#,,,Recipes for retargeting .NET Framework projects between 4.x minor versions,,
nuget,OpenRewrite.Recipes.CSharp.Migration.Dotnet,,0.4.0,OpenRewrite.Recipes.CSharp.Migration.Dotnet.NetFramework.FindAsyncCurrentCultureFlow,Find `CurrentCulture`/`CurrentUICulture` async flow change,"Finds uses of `CurrentCulture`/`CurrentUICulture`, which flow across async tasks (via `ExecutionContext`) when retargeting to .NET Framework 4.6 (`Switch.System.Globalization.NoAsyncCurrentCulture` to revert). Review code that sets the culture and relies on it NOT propagating to async continuations.",1,,,.NET Framework,C#,,,Recipes for retargeting .NET Framework projects between 4.x minor versions,,
nuget,OpenRewrite.Recipes.CSharp.Migration.Dotnet,,0.4.0,OpenRewrite.Recipes.CSharp.Migration.Dotnet.NetFramework.FindClaimsIdentityActorClone,Find `ClaimsIdentity` Actor clone-on-copy change,"Finds `ClaimsIdentity(IIdentity, ...)` constructions, which clone the `Actor` instead of attaching it by reference when retargeting to .NET Framework 4.6.2 (`Switch.System.Security.ClaimsIdentity.SetActorAsReferenceWhenCopyingClaimsIdentity` to revert).",1,,,.NET Framework,C#,,,Recipes for retargeting .NET Framework projects between 4.x minor versions,,
nuget,OpenRewrite.Recipes.CSharp.Migration.Dotnet,,0.4.0,OpenRewrite.Recipes.CSharp.Migration.Dotnet.NetFramework.FindDataContractJsonSerializerEscaping,Find `DataContractJsonSerializer` usage (control-char escaping change),DataContractJsonSerializer control-character escaping becomes ECMAScript V6/V8-compatible when retargeting to .NET Framework 4.7 (Switch.System.Runtime.Serialization.DoNotUseECMAScriptV6EscapeControlCharacter to revert). Review consumers that depend on the old escaping.,1,,,.NET Framework,C#,,,Recipes for retargeting .NET Framework projects between 4.x minor versions,,
nuget,OpenRewrite.Recipes.CSharp.Migration.Dotnet,,0.4.0,OpenRewrite.Recipes.CSharp.Migration.Dotnet.NetFramework.FindDataObjectGetDataHtml,Find `DataObject` usage (HTML clipboard now UTF-8),DataObject.GetData retrieves HTML-format clipboard data as UTF-8 instead of ASCII when retargeting to .NET Framework 4.5.2. Remove any manual UTF-8 conversion workaround.,1,,,.NET Framework,C#,,,Recipes for retargeting .NET Framework projects between 4.x minor versions,,
nuget,OpenRewrite.Recipes.CSharp.Migration.Dotnet,,0.4.0,OpenRewrite.Recipes.CSharp.Migration.Dotnet.NetFramework.FindDeflateStreamNativeDecompression,Find `DeflateStream`/`GZipStream` usage (native decompression),"Flag usages of `DeflateStream` and `GZipStream`, whose decompression switches to native Windows APIs when retargeting to .NET Framework 4.7.2.",1,,,.NET Framework,C#,,,Recipes for retargeting .NET Framework projects between 4.x minor versions,,
nuget,OpenRewrite.Recipes.CSharp.Migration.Dotnet,,0.4.0,OpenRewrite.Recipes.CSharp.Migration.Dotnet.NetFramework.FindFipsManagedCryptoThrow,Find managed crypto classes (FIPS mode behavior change),Flag usages of managed cryptography classes whose FIPS-enforced-mode throwing behavior changes when retargeting to .NET Framework 4.8.,1,,,.NET Framework,C#,,,Recipes for retargeting .NET Framework projects between 4.x minor versions,,
nuget,OpenRewrite.Recipes.CSharp.Migration.Dotnet,,0.4.0,OpenRewrite.Recipes.CSharp.Migration.Dotnet.NetFramework.FindHttpRuntimeAppDomainAppPath,Find `HttpRuntime.AppDomainAppPath` (exception type change),HttpRuntime.AppDomainAppPath throws NullReferenceException (instead of ArgumentNullException) for paths with null characters when retargeting to .NET Framework 4.6.2; this reverts to ArgumentNullException at 4.7. Review exception handling.,1,,,.NET Framework,C#,,,Recipes for retargeting .NET Framework projects between 4.x minor versions,,
nuget,OpenRewrite.Recipes.CSharp.Migration.Dotnet,,0.4.0,OpenRewrite.Recipes.CSharp.Migration.Dotnet.NetFramework.FindIconToBitmapPngFrames,Find `Icon.ToBitmap` usage (PNG-frame behavior change),Icon.ToBitmap succeeds on icons containing PNG frames when retargeting to .NET Framework 4.6 (previously threw ArgumentOutOfRangeException; Switch.System.Drawing.DontSupportPngFramesInIcons to restore throwing). Review Icon.ToBitmap usage.,1,,,.NET Framework,C#,,,Recipes for retargeting .NET Framework projects between 4.x minor versions,,
nuget,OpenRewrite.Recipes.CSharp.Migration.Dotnet,,0.4.0,OpenRewrite.Recipes.CSharp.Migration.Dotnet.NetFramework.FindListForEachDuringMutation,Find `List<T>.ForEach` modification-during-enumeration change,"Finds calls to `List<T>.ForEach`, which throws `InvalidOperationException` if the collection is modified during enumeration when retargeting to .NET Framework 4.5 (previously the modification was silently ignored).",1,,,.NET Framework,C#,,,Recipes for retargeting .NET Framework projects between 4.x minor versions,,
nuget,OpenRewrite.Recipes.CSharp.Migration.Dotnet,,0.4.0,OpenRewrite.Recipes.CSharp.Migration.Dotnet.NetFramework.FindObsoleteEncoderParameterCtor,Find obsolete 5-argument `EncoderParameter` constructor,"Finds uses of the obsolete `EncoderParameter(Encoder, int, int, int, int)` constructor (obsolete as of .NET Framework 4.5). Use the `EncoderParameter(Encoder, int, EncoderParameterValueType, IntPtr)` overload instead.",1,,,.NET Framework,C#,,,Recipes for retargeting .NET Framework projects between 4.x minor versions,,
nuget,OpenRewrite.Recipes.CSharp.Migration.Dotnet,,0.4.0,OpenRewrite.Recipes.CSharp.Migration.Dotnet.NetFramework.FindObsoleteMachineKeyEncryption,Find obsolete `MachineKey.Encode`/`Decode`,"Finds references to `System.Web.Security.MachineKey`, whose `Encode`/`Decode` methods are obsolete as of .NET Framework 4.5. Use `MachineKey.Protect`/`MachineKey.Unprotect` instead.",1,,,.NET Framework,C#,,,Recipes for retargeting .NET Framework projects between 4.x minor versions,,
nuget,OpenRewrite.Recipes.CSharp.Migration.Dotnet,,0.4.0,OpenRewrite.Recipes.CSharp.Migration.Dotnet.NetFramework.FindObsoleteWorkflowTypes,Find obsolete `System.Workflow.*` (WF 3.x) usage,Finds `using System.Workflow.*` directives. Windows Workflow Foundation 3.x is obsolete as of .NET Framework 4.5; migrate to the WF 4 model under `System.Activities.*`.,1,,,.NET Framework,C#,,,Recipes for retargeting .NET Framework projects between 4.x minor versions,,
nuget,OpenRewrite.Recipes.CSharp.Migration.Dotnet,,0.4.0,OpenRewrite.Recipes.CSharp.Migration.Dotnet.NetFramework.FindPathNormalizationChange,Find `System.IO.Path` normalization change,"Finds uses of `System.IO.Path`, whose normalization defers to the OS and supports long (>260 char) paths when retargeting to .NET Framework 4.6.2 (`Switch.System.IO.UseLegacyPathHandling` / `Switch.System.IO.BlockLongPaths` to revert). Review path handling and `PathTooLongException` assumptions.",1,,,.NET Framework,C#,,,Recipes for retargeting .NET Framework projects between 4.x minor versions,,
nuget,OpenRewrite.Recipes.CSharp.Migration.Dotnet,,0.4.0,OpenRewrite.Recipes.CSharp.Migration.Dotnet.NetFramework.FindRSACngImportParameters,Find `RSACng` usage (non-standard key size behavior),"Flag usages of `RSACng`, whose handling of non-standard RSA key sizes changes when retargeting to .NET Framework 4.6.2.",1,,,.NET Framework,C#,,,Recipes for retargeting .NET Framework projects between 4.x minor versions,,
nuget,OpenRewrite.Recipes.CSharp.Migration.Dotnet,,0.4.0,OpenRewrite.Recipes.CSharp.Migration.Dotnet.NetFramework.FindSerialPortThreadException,Find `SerialPort` usage (background-thread exception behavior),SerialPort no longer terminates the process when its background thread hits an OS exception when retargeting to .NET Framework 4.7.1 (Switch.System.IO.Ports.DoNotCatchSerialStreamThreadExceptions to revert). Review SerialPort error handling.,1,,,.NET Framework,C#,,,Recipes for retargeting .NET Framework projects between 4.x minor versions,,
nuget,OpenRewrite.Recipes.CSharp.Migration.Dotnet,,0.4.0,OpenRewrite.Recipes.CSharp.Migration.Dotnet.NetFramework.FindServiceBaseRunOnStart,Find `ServiceBase.Run` usage (OnStart exception propagation),ServiceBase.Run now propagates exceptions thrown from OnStart when retargeting to .NET Framework 4.7.1 (Switch.System.ServiceProcess.DontThrowExceptionsOnStart to revert). Review service startup error handling.,1,,,.NET Framework,C#,,,Recipes for retargeting .NET Framework projects between 4.x minor versions,,
nuget,OpenRewrite.Recipes.CSharp.Migration.Dotnet,,0.4.0,OpenRewrite.Recipes.CSharp.Migration.Dotnet.NetFramework.FindServicePointManagerSecurityProtocol,Find `ServicePointManager` TLS configuration,Finds usages of `System.Net.ServicePointManager` whose TLS behavior changes when retargeting to .NET Framework 4.6+ (SchUseStrongCrypto) and 4.7+ (SystemDefault protocol). The opt-out switches are `Switch.System.Net.DontEnableSchUseStrongCrypto` and `Switch.System.Net.DontEnableSystemDefaultTlsVersions`.,1,,,.NET Framework,C#,,,Recipes for retargeting .NET Framework projects between 4.x minor versions,,
nuget,OpenRewrite.Recipes.CSharp.Migration.Dotnet,,0.4.0,OpenRewrite.Recipes.CSharp.Migration.Dotnet.NetFramework.FindSignedXmlDefaultHash,Find `SignedXml`/`CmsSigner` usage (default hash SHA-1 → SHA-256),"Flag usages of `SignedXml` and `CmsSigner`, whose default hash algorithm changes from SHA-1 to SHA-256 when retargeting to .NET Framework 4.7.1.",1,,,.NET Framework,C#,,,Recipes for retargeting .NET Framework projects between 4.x minor versions,,
nuget,OpenRewrite.Recipes.CSharp.Migration.Dotnet,,0.4.0,OpenRewrite.Recipes.CSharp.Migration.Dotnet.NetFramework.FindSslStreamTlsAlerts,Find `SslStream` usage (TLS alert behavior change),"Flag usages of `SslStream`, whose TLS alert handling behavior changes when retargeting to .NET Framework 4.7.",1,,,.NET Framework,C#,,,Recipes for retargeting .NET Framework projects between 4.x minor versions,,
nuget,OpenRewrite.Recipes.CSharp.Migration.Dotnet,,0.4.0,OpenRewrite.Recipes.CSharp.Migration.Dotnet.NetFramework.FindUriParsingChange,Find `System.Uri` construction (RFC 3986/3987 parsing change),Finds `System.Uri` construction whose parsing changed when retargeting to .NET Framework 4.5 (RFC 3987) and 4.7.2 (RFC 3986 reserved-character handling and Unicode bidi characters). Review URI construction and normalization for behavior differences.,1,,,.NET Framework,C#,,,Recipes for retargeting .NET Framework projects between 4.x minor versions,,
nuget,OpenRewrite.Recipes.CSharp.Migration.Dotnet,,0.4.0,OpenRewrite.Recipes.CSharp.Migration.Dotnet.NetFramework.FindWpfGridStarAllocation,Find WPF `Grid` usage (star-column allocation change),The WPF Grid star-column space allocation algorithm was replaced when retargeting to .NET Framework 4.7 (Switch.System.Windows.Controls.Grid.StarDefinitionsCanExceedAvailableSpace=true restores the old algorithm). Review layouts that depend on the previous star-sizing behavior.,1,,,.NET Framework,C#,,,Recipes for retargeting .NET Framework projects between 4.x minor versions,,
nuget,OpenRewrite.Recipes.CSharp.Migration.Dotnet,,0.4.0,OpenRewrite.Recipes.CSharp.Migration.Dotnet.NetFramework.FindXmlWriterInvalidSurrogate,Find `XmlWriter` invalid-surrogate-pair change,Finds `XmlWriter` usage. The `Write*` methods throw `ArgumentException` on invalid surrogate pairs when retargeting to .NET Framework 4.6 (previously they were written through). Review XmlWriter usage that may emit lone surrogates.,1,,,.NET Framework,C#,,,Recipes for retargeting .NET Framework projects between 4.x minor versions,,
nuget,OpenRewrite.Recipes.CSharp.Migration.Dotnet,,0.4.0,OpenRewrite.Recipes.CSharp.Migration.Dotnet.NetFramework.FindZipFileEntrySeparator,Find `ZipFile`/`ZipArchiveEntry` usage (path separator change),"Flag usages of `ZipFile` and `ZipArchiveEntry`, whose entry path separator changes when retargeting to .NET Framework 4.6.1.",1,,,.NET Framework,C#,,,Recipes for retargeting .NET Framework projects between 4.x minor versions,,
nuget,OpenRewrite.Recipes.CSharp.Migration.Dotnet,,0.4.0,OpenRewrite.Recipes.CSharp.Migration.Dotnet.NetFramework.UpgradeToNetFramework45,Retarget .NET Framework 4.0 to 4.5,"Retargets a .NET Framework 4.0 project to 4.5. Updates `<TargetFrameworkVersion>` to `v4.5` (legacy csproj), `<TargetFramework>` to `net45` (SDK-style csproj), the `<supportedRuntime sku>` in app.config, and the `targetFramework` attribute in web.config. Retargeting to 4.5 enables RFC 3987 `System.Uri` parsing (stricter normalization/validation), C# 5 per-iteration `foreach` variable scoping, and obsoletes `MachineKey.Encode`/`Decode` (use `MachineKey.Protect`/`Unprotect`) and the `System.Workflow.*` (WF 3.x) types (use `System.Activities.*`). See https://learn.microsoft.com/en-us/dotnet/framework/migration-guide/retargeting/4.5.x.",10,,.NET Framework,Migration,C#,,Recipes for retargeting .NET Framework projects between 4.x minor versions,Recipes for migrating between versions,,
nuget,OpenRewrite.Recipes.CSharp.Migration.Dotnet,,0.4.0,OpenRewrite.Recipes.CSharp.Migration.Dotnet.NetFramework.UpgradeToNetFramework451,Retarget .NET Framework 4.5 to 4.5.1,"Retargets a .NET Framework 4.5 project to 4.5.1. Updates `<TargetFrameworkVersion>` to `v4.5.1`, `<TargetFramework>` to `net451`, the app.config `<supportedRuntime sku>`, and the web.config `targetFramework`. Includes all earlier steps (4.0 -> 4.5). Notable retargeting changes at 4.5.1: rebuilt ADO.NET providers must add `override` to `DbParameter.Precision`/`Scale`; WPF two-way binding to a non-public setter now throws `InvalidOperationException`. See https://learn.microsoft.com/en-us/dotnet/framework/migration-guide/retargeting/4.5.x.",16,,.NET Framework,Migration,C#,,Recipes for retargeting .NET Framework projects between 4.x minor versions,Recipes for migrating between versions,,
nuget,OpenRewrite.Recipes.CSharp.Migration.Dotnet,,0.4.0,OpenRewrite.Recipes.CSharp.Migration.Dotnet.NetFramework.UpgradeToNetFramework452,Retarget .NET Framework 4.5.1 to 4.5.2,"Retargets a .NET Framework 4.5.1 project to 4.5.2. Updates `<TargetFrameworkVersion>` to `v4.5.2`, `<TargetFramework>` to `net452`, the app.config `<supportedRuntime sku>`, and the web.config `targetFramework`. Includes all earlier steps (4.0 -> 4.5.1). Notable retargeting changes at 4.5.2: `DataObject.GetData` retrieves HTML-format data as UTF-8 (remove any manual UTF-8 workaround); VB.NET partially-qualified `System.Windows.*` names are no longer resolved (fully qualify them). No AppContext compatibility switches exist before 4.6. See https://learn.microsoft.com/en-us/dotnet/framework/migration-guide/retargeting/4.5.x.",22,,.NET Framework,Migration,C#,,Recipes for retargeting .NET Framework projects between 4.x minor versions,Recipes for migrating between versions,,
nuget,OpenRewrite.Recipes.CSharp.Migration.Dotnet,,0.4.0,OpenRewrite.Recipes.CSharp.Migration.Dotnet.NetFramework.UpgradeToNetFramework46,Retarget .NET Framework 4.5.2 to 4.6,"Retargets a .NET Framework 4.5.2 project to 4.6. Updates `<TargetFrameworkVersion>` to `v4.6`, `<TargetFramework>` to `net46`, the app.config `<supportedRuntime sku>`, and the web.config `targetFramework`. Includes all earlier steps (4.0 -> 4.5.2). 4.6 is where `<AppContextSwitchOverrides>` is introduced. Notable retargeting changes: TLS now restricts to 1.0/1.1/1.2 and drops SSL3/RC4 (opt out via `Switch.System.Net.DontEnableSchUseStrongCrypto=true`); certificate EKU validation is added; `CurrentCulture`/`CurrentUICulture` flow across async tasks (`Switch.System.Globalization.NoAsyncCurrentCulture=true`); the 64-bit RyuJIT replaces the legacy JIT (`<useLegacyJit enabled=""1""/>` to revert); `XmlWriter` throws on invalid surrogate pairs. The accompanying `Find` recipe flags `ServicePointManager`/TLS code for review. See https://learn.microsoft.com/en-us/dotnet/framework/migration-guide/retargeting/4.6.x.",31,,.NET Framework,Migration,C#,,Recipes for retargeting .NET Framework projects between 4.x minor versions,Recipes for migrating between versions,,
nuget,OpenRewrite.Recipes.CSharp.Migration.Dotnet,,0.4.0,OpenRewrite.Recipes.CSharp.Migration.Dotnet.NetFramework.UpgradeToNetFramework461,Retarget .NET Framework 4.6 to 4.6.1,"Retargets a .NET Framework 4.6 project to 4.6.1. Updates `<TargetFrameworkVersion>` to `v4.6.1`, `<TargetFramework>` to `net461`, the app.config `<supportedRuntime sku>`, and the web.config `targetFramework`. Includes all earlier steps (4.0 -> 4.6). Notable retargeting changes at 4.6.1: `ZipArchiveEntry.FullName` uses `/` separators (`Switch.System.IO.Compression.ZipFile.UseBackslash=true` to revert); WCF transport security supports CNG-stored certificates; `X509CertificateClaimSet.FindClaims` matches all SAN DNS entries (`Switch.System.IdentityModel.DisableMultipleDNSEntriesInSANCertificate=true`). See https://learn.microsoft.com/en-us/dotnet/framework/migration-guide/retargeting/4.6.x.",37,,.NET Framework,Migration,C#,,Recipes for retargeting .NET Framework projects between 4.x minor versions,Recipes for migrating between versions,,
nuget,OpenRewrite.Recipes.CSharp.Migration.Dotnet,,0.4.0,OpenRewrite.Recipes.CSharp.Migration.Dotnet.NetFramework.UpgradeToNetFramework462,Retarget .NET Framework 4.6.1 to 4.6.2,"Retargets a .NET Framework 4.6.1 project to 4.6.2. Updates `<TargetFrameworkVersion>` to `v4.6.2`, `<TargetFramework>` to `net462`, the app.config `<supportedRuntime sku>`, and the web.config `targetFramework`. Includes all earlier steps (4.0 -> 4.6.1). Notable retargeting changes at 4.6.2: path normalization defers to the OS and supports long (>260 char) paths (`Switch.System.IO.UseLegacyPathHandling=true` / `Switch.System.IO.BlockLongPaths=true` to revert); `ClaimsIdentity` ctors clone the `Actor` (`Switch.System.Security.ClaimsIdentity.SetActorAsReferenceWhenCopyingClaimsIdentity=true`); `RSACng` accepts non-standard key sizes and `SignedXml.GetPublicKey` returns `RSACng`. Two changes need manual review (no switch): `HttpRuntime.AppDomainAppPath` may throw `NullReferenceException`, and `RSACng.ImportParameters` no longer throws on odd key sizes. See https://learn.microsoft.com/en-us/dotnet/framework/migration-guide/retargeting/4.6.x.",46,,.NET Framework,Migration,C#,,Recipes for retargeting .NET Framework projects between 4.x minor versions,Recipes for migrating between versions,,
nuget,OpenRewrite.Recipes.CSharp.Migration.Dotnet,,0.4.0,OpenRewrite.Recipes.CSharp.Migration.Dotnet.NetFramework.UpgradeToNetFramework47,Retarget .NET Framework 4.6.2 to 4.7,"Retargets a .NET Framework 4.6.2 project to 4.7. Updates `<TargetFrameworkVersion>` to `v4.7`, `<TargetFramework>` to `net47`, the app.config `<supportedRuntime sku>`, and the web.config `targetFramework`. Includes all earlier steps (4.0 -> 4.6.2). Notable retargeting changes at 4.7: `ServicePointManager.SecurityProtocol` defaults to `SystemDefault`, inheriting the OS TLS configuration (`Switch.System.Net.DontEnableSystemDefaultTlsVersions=true` to revert); `SslStream` surfaces TLS alerts as `IOException`/`Win32Exception` instead of timing out (`Switch.System.Net.DontEnableTlsAlerts=true`); the WPF `Grid` star-column allocation algorithm is replaced (`Switch.System.Windows.Controls.Grid.StarDefinitionsCanExceedAvailableSpace=true`); `DataContractJsonSerializer` control-character escaping becomes ECMAScript-compatible. See https://learn.microsoft.com/en-us/dotnet/framework/migration-guide/retargeting/4.7.x.",54,,.NET Framework,Migration,C#,,Recipes for retargeting .NET Framework projects between 4.x minor versions,Recipes for migrating between versions,,
nuget,OpenRewrite.Recipes.CSharp.Migration.Dotnet,,0.4.0,OpenRewrite.Recipes.CSharp.Migration.Dotnet.NetFramework.UpgradeToNetFramework471,Retarget .NET Framework 4.7 to 4.7.1,"Retargets a .NET Framework 4.7 project to 4.7.1. Updates `<TargetFrameworkVersion>` to `v4.7.1`, `<TargetFramework>` to `net471`, the app.config `<supportedRuntime sku>`, and the web.config `targetFramework`. Includes all earlier steps (4.0 -> 4.7). Notable retargeting changes at 4.7.1: accessibility/UIA improvements across WinForms, WPF, and ASP.NET controls turn on by default (`Switch.UseLegacyAccessibilityFeatures=true` to keep legacy behavior); SignedXml/SignedCms and `PackageDigitalSignatureManager` default hash algorithms move from SHA-1 to SHA-256 (`Switch.System.Security.Cryptography.Xml.UseInsecureHashAlgorithms=true` etc. to revert); `ServiceBase.Run` now propagates exceptions thrown from `OnStart`. See https://learn.microsoft.com/en-us/dotnet/framework/migration-guide/retargeting/4.7.x.",62,,.NET Framework,Migration,C#,,Recipes for retargeting .NET Framework projects between 4.x minor versions,Recipes for migrating between versions,,
nuget,OpenRewrite.Recipes.CSharp.Migration.Dotnet,,0.4.0,OpenRewrite.Recipes.CSharp.Migration.Dotnet.NetFramework.UpgradeToNetFramework472,Retarget .NET Framework 4.7.1 to 4.7.2,"Retargets a .NET Framework 4.7.1 project to 4.7.2. Updates `<TargetFrameworkVersion>` to `v4.7.2`, `<TargetFramework>` to `net472`, the app.config `<supportedRuntime sku>`, and the web.config `targetFramework`. Includes all earlier steps (4.0 -> 4.7.1). Notable retargeting changes at 4.7.2: second wave of accessibility/UIA improvements (requires both `Switch.UseLegacyAccessibilityFeatures=true` and `Switch.UseLegacyAccessibilityFeatures.2=true` to keep legacy behavior); `System.Uri` keeps Unicode bidi control characters and applies a consistent RFC 3986 reserved-character set (`Switch.System.Uri.DontKeepUnicodeBidiFormattingCharacters=true` / `Switch.System.Uri.DontEnableStrictRFC3986ReservedCharacterSets=true` to revert); `DeflateStream`/`GZipStream` use native Windows decompression. See https://learn.microsoft.com/en-us/dotnet/framework/migration-guide/retargeting/4.7.x.",68,,.NET Framework,Migration,C#,,Recipes for retargeting .NET Framework projects between 4.x minor versions,Recipes for migrating between versions,,
nuget,OpenRewrite.Recipes.CSharp.Migration.Dotnet,,0.4.0,OpenRewrite.Recipes.CSharp.Migration.Dotnet.NetFramework.UpgradeToNetFramework48,Retarget to .NET Framework 4.8,"Retargets a .NET Framework project to 4.8, the recommended modern target. Applies every intermediate minor-version step in order (4.0 -> 4.5 -> 4.5.1 -> 4.5.2 -> 4.6 -> 4.6.1 -> 4.6.2 -> 4.7 -> 4.7.1 -> 4.7.2 -> 4.8), updating `<TargetFrameworkVersion>` and `<TargetFramework>` in legacy and SDK-style csproj files, the `<supportedRuntime sku>` in app.config, and the `targetFramework` attribute in web.config at each step, and flagging affected source for review. Notable retargeting changes when reaching 4.8: managed crypto classes no longer throw in FIPS mode (`Switch.System.Security.Cryptography.UseLegacyFipsThrow=true` to revert); a third wave of accessibility improvements applies (keep legacy with all of `Switch.UseLegacyAccessibilityFeatures`, `.2`, and `.3`); `HwndHost` resizes correctly under per-monitor DPI; several WF/WPF checksum/hash defaults move to SHA-256. See https://learn.microsoft.com/en-us/dotnet/framework/migration-guide/retargeting/4.8.x.",74,,.NET Framework,Migration,C#,,Recipes for retargeting .NET Framework projects between 4.x minor versions,Recipes for migrating between versions,,
nuget,OpenRewrite.Recipes.CSharp.Migration.Dotnet,,0.4.0,OpenRewrite.Recipes.CSharp.Migration.Dotnet.NetFramework.UpgradeToNetFramework481,Retarget to .NET Framework 4.8.1,"Retargets a .NET Framework project to 4.8.1, applying the full 4.0 -> 4.8 chain and then bumping to 4.8.1. Updates `<TargetFrameworkVersion>` to `v4.8.1`, `<TargetFramework>` to `net481`, the app.config `<supportedRuntime sku>`, and the web.config `targetFramework`. .NET Framework 4.8.1 introduced no application-compatibility (retargeting) changes, so this step is purely the version bump. **Compatibility caveat:** 4.8.1 requires Windows 11 (21H2+) or Windows Server 2022+ at runtime and Visual Studio 2022 17.3+ to build, and is the only 4.x release with native Arm64 support. If any target machine runs Windows 10 or older Windows Server, stop at `UpgradeToNetFramework48` instead. See https://learn.microsoft.com/en-us/dotnet/framework/migration-guide/retargeting/4.8.x.",79,,.NET Framework,Migration,C#,,Recipes for retargeting .NET Framework projects between 4.x minor versions,Recipes for migrating between versions,,
nuget,OpenRewrite.Recipes.CSharp.Migration.Dotnet,,0.4.0,OpenRewrite.Recipes.CSharp.Migration.Dotnet.NetFramework48.ConvertClassicCsprojToSdk,Convert classic csproj to SDK-style (net48),"Rewrites a non-SDK .NET Framework 4.8 .csproj into SDK-style form: sets `Sdk=""Microsoft.NET.Sdk""`, removes the legacy MSBuild boilerplate (`<Import>`s, default `<Compile>` items, configuration-conditional `<PropertyGroup>` blocks, SDK-managed properties), and replaces `<TargetFrameworkVersion>v4.8</TargetFrameworkVersion>` with `<TargetFramework>net48</TargetFramework>`.",1,,,.NET Framework 4.8,C#,,,Recipes for working with .NET Framework 4.8 projects,,"[{""name"":""SystemWebSdkVersion"",""type"":""String"",""displayName"":""MSBuild.SDK.SystemWeb version"",""description"":""Version of the `MSBuild.SDK.SystemWeb` SDK to pin in the `Sdk` attribute of ASP.NET web projects. Defaults to a recent stable release."",""example"":""4.0.110""}]"
nuget,OpenRewrite.Recipes.CSharp.Migration.Dotnet,,0.4.0,OpenRewrite.Recipes.CSharp.Migration.Dotnet.NetFramework48.FindEntityFramework,Find Entity Framework usage,"Finds projects that use Entity Framework (EF6 or EF Core). Detects attested `System.Data.Entity.*`/`Microsoft.EntityFrameworkCore.*` usage in C# source, `EntityFramework`/`Microsoft.EntityFrameworkCore.*` NuGet packages, and GAC `<Reference Include=""EntityFramework…"">` assembly references used by `packages.config` projects.",1,,,.NET Framework 4.8,C#,,,Recipes for working with .NET Framework 4.8 projects,,
nuget,OpenRewrite.Recipes.CSharp.Migration.Dotnet,,0.4.0,OpenRewrite.Recipes.CSharp.Migration.Dotnet.NetFramework48.FindWcf,Find WCF (`System.ServiceModel`) usage,"Finds projects that use Windows Communication Foundation (WCF). Detects attested `System.ServiceModel.*` usage in C# source, `System.ServiceModel.*`/`CoreWCF.*` NuGet packages, GAC `<Reference Include=""System.ServiceModel…"">` assembly references, and `.svc` service files referenced from the `.csproj`.",1,,,.NET Framework 4.8,C#,,,Recipes for working with .NET Framework 4.8 projects,,
nuget,OpenRewrite.Recipes.CSharp.Migration.Dotnet,,0.4.0,OpenRewrite.Recipes.CSharp.Migration.Dotnet.NetFramework48.FindWebForms,Find ASP.NET Web Forms usage,"Finds projects that use ASP.NET Web Forms. Detects attested `System.Web.UI.*` usage in C# code-behind, `.aspx`/`.ascx`/`.asax`/`.master` files referenced from the `.csproj`, and ASP.NET web-application signals (`System.Web` reference, `Microsoft.WebApplication.targets` import, web `ProjectTypeGuids`, `UseIISExpress`/`MvcBuildViews`).",1,,,.NET Framework 4.8,C#,,,Recipes for working with .NET Framework 4.8 projects,,
nuget,OpenRewrite.Recipes.CSharp.Migration.Dotnet,,0.4.0,OpenRewrite.Recipes.CSharp.Migration.Dotnet.NetFramework48.MigratePackagesConfigToPackageReference,Migrate `packages.config` to `<PackageReference>` (net48),"Moves NuGet package entries from `packages.config` into `<PackageReference>` items in the sibling `.csproj`, drops facade packages provided transitively by `Microsoft.NETFramework.ReferenceAssemblies.Net48`, adds that reference-assemblies package, and removes the now-empty `packages.config`. Scoped to .NET Framework 4.8 projects.",1,,,.NET Framework 4.8,C#,,,Recipes for working with .NET Framework 4.8 projects,,"[{""name"":""ReferenceAssembliesVersion"",""type"":""String"",""displayName"":""Reference assemblies package version"",""description"":""Version of the `Microsoft.NETFramework.ReferenceAssemblies.Net48` package to add. Defaults to 1.0.3."",""example"":""1.0.3""}]"
nuget,OpenRewrite.Recipes.CSharp.Migration.Dotnet,,0.4.0,OpenRewrite.Recipes.CSharp.Migration.Dotnet.NetFramework48.UpgradeToNetFramework48Sdk,Modernize .NET Framework 4.8 project (SDK + PackageReference),Migrates a classic .NET Framework 4.8 csproj that uses `packages.config` to SDK-style with `<PackageReference>` entries. Combines `MigratePackagesConfigToPackageReference` and `ConvertClassicCsprojToSdk` so the resulting project builds with `dotnet build` on non-Windows machines via the `Microsoft.NETFramework.ReferenceAssemblies.Net48` targeting pack.,3,,.NET Framework 4.8,Migration,C#,,Recipes for working with .NET Framework 4.8 projects,Recipes for migrating between versions,,
nuget,OpenRewrite.Recipes.CSharp.Migration.Dotnet,,0.4.0,OpenRewrite.Recipes.CSharp.Migration.Dotnet.RemoveMethodInvocations,Remove method invocations,Remove method invocations if syntactically safe.,1,,,,C#,,,,,"[{""name"":""MethodPattern"",""type"":""String"",""displayName"":""Method pattern"",""description"":""A method pattern used to find matching method invocations to remove."",""example"":""Microsoft.AspNetCore.Builder.SwaggerBuilderExtensions UseSwagger(..)"",""required"":true}]"
nuget,OpenRewrite.Recipes.CSharp.Migration.Dotnet,,0.4.0,OpenRewrite.Recipes.CSharp.Migration.Dotnet.RemoveNjsprojFromSolution,Remove `.njsproj` projects from solution,Removes Project entries with the `.njsproj` extension (Node.js Tools projects) from Visual Studio Solution (.sln/.slnx) files. Node.js Tools projects can't be built by `dotnet build` and break dotnet-CLI-driven build pipelines.,1,,,,C#,,,,,
nuget,OpenRewrite.Recipes.CSharp.Migration.TUnit,,0.4.0,OpenRewrite.Recipes.CSharp.Migration.TUnit.FromXUnit.AddAsyncToTestMethods,Add `async Task` to methods containing `await`,"Find methods that contain `await` expressions but return `void`, and change their signature to `async Task`.",1,From xUnit,Migration,TUnit,C#,Migrate from xUnit to TUnit,Recipes for migrating between versions,Recipes for TUnit migration and best practices,,
nuget,OpenRewrite.Recipes.CSharp.Migration.TUnit,,0.4.0,OpenRewrite.Recipes.CSharp.Migration.TUnit.FromXUnit.AsyncLifetimeToBeforeAfterTest,Find `IAsyncLifetime` needing TUnit migration,Find classes implementing `IAsyncLifetime` that should use `[Before(Test)]` and `[After(Test)]` for TUnit.,1,From xUnit,Migration,TUnit,C#,Migrate from xUnit to TUnit,Recipes for migrating between versions,Recipes for TUnit migration and best practices,,
nuget,OpenRewrite.Recipes.CSharp.Migration.TUnit,,0.4.0,OpenRewrite.Recipes.CSharp.Migration.TUnit.FromXUnit.ChangeXUnitUsings,Change xUnit using directives to TUnit,Replace `using Xunit;` with `using TUnit.Core;` and `using TUnit.Assertions;`.,1,From xUnit,Migration,TUnit,C#,Migrate from xUnit to TUnit,Recipes for migrating between versions,Recipes for TUnit migration and best practices,,
nuget,OpenRewrite.Recipes.CSharp.Migration.TUnit,,0.4.0,OpenRewrite.Recipes.CSharp.Migration.TUnit.FromXUnit.ClassFixtureToClassDataSource,Find `IClassFixture<T>` needing TUnit migration,Find classes implementing `IClassFixture<T>` that should use `[ClassDataSource<T>]` for TUnit.,1,From xUnit,Migration,TUnit,C#,Migrate from xUnit to TUnit,Recipes for migrating between versions,Recipes for TUnit migration and best practices,,
nuget,OpenRewrite.Recipes.CSharp.Migration.TUnit,,0.4.0,OpenRewrite.Recipes.CSharp.Migration.TUnit.FromXUnit.CollectionFixtureToClassDataSource,Replace `ICollectionFixture<T>` with `[ClassDataSource<T>]`,"Migrate xUnit collection fixtures to TUnit: remove `[CollectionDefinition]` and `ICollectionFixture<T>` from definition classes, add `[ClassDataSource<T>(Shared = SharedType.Keyed)]` to test classes, and convert constructor fixture injection to primary constructors.",1,From xUnit,Migration,TUnit,C#,Migrate from xUnit to TUnit,Recipes for migrating between versions,Recipes for TUnit migration and best practices,,
nuget,OpenRewrite.Recipes.CSharp.Migration.TUnit,,0.4.0,OpenRewrite.Recipes.CSharp.Migration.TUnit.FromXUnit.CollectionToNotInParallel,Replace `[Collection]` with `[NotInParallel]`,Replace the xUnit `[Collection("name")]` attribute with the TUnit `[NotInParallel("name")]` attribute.,1,From xUnit,Migration,TUnit,C#,Migrate from xUnit to TUnit,Recipes for migrating between versions,Recipes for TUnit migration and best practices,,
nuget,OpenRewrite.Recipes.CSharp.Migration.TUnit,,0.4.0,OpenRewrite.Recipes.CSharp.Migration.TUnit.FromXUnit.ConstructorToBeforeTest,Find test constructors needing `[Before(Test)]`,Find constructors in test classes that should be converted to `[Before(Test)]` methods for TUnit.,1,From xUnit,Migration,TUnit,C#,Migrate from xUnit to TUnit,Recipes for migrating between versions,Recipes for TUnit migration and best practices,,
nuget,OpenRewrite.Recipes.CSharp.Migration.TUnit,,0.4.0,OpenRewrite.Recipes.CSharp.Migration.TUnit.FromXUnit.DisposableToAfterTest,Replace `IDisposable` with `[After(Test)]`,Remove `IDisposable` from the base type list and add `[After(Test)]` to the `Dispose()` method.,1,From xUnit,Migration,TUnit,C#,Migrate from xUnit to TUnit,Recipes for migrating between versions,Recipes for TUnit migration and best practices,,
nuget,OpenRewrite.Recipes.CSharp.Migration.TUnit,,0.4.0,OpenRewrite.Recipes.CSharp.Migration.TUnit.FromXUnit.FactSkipToSkipAttribute,Extract `Skip` into `[Skip]` attribute,Extract the `Skip` argument from `[Fact(Skip = "...")]` or `[Theory(Skip = "...")]` into a separate TUnit `[Skip("...")]` attribute.,1,From xUnit,Migration,TUnit,C#,Migrate from xUnit to TUnit,Recipes for migrating between versions,Recipes for TUnit migration and best practices,,
nuget,OpenRewrite.Recipes.CSharp.Migration.TUnit,,0.4.0,OpenRewrite.Recipes.CSharp.Migration.TUnit.FromXUnit.FactTimeoutToTimeoutAttribute,Extract `Timeout` into `[Timeout]` attribute,Extract the `Timeout` argument from `[Fact(Timeout = ...)]` or `[Theory(Timeout = ...)]` into a separate TUnit `[Timeout(...)]` attribute.,1,From xUnit,Migration,TUnit,C#,Migrate from xUnit to TUnit,Recipes for migrating between versions,Recipes for TUnit migration and best practices,,
nuget,OpenRewrite.Recipes.CSharp.Migration.TUnit,,0.4.0,OpenRewrite.Recipes.CSharp.Migration.TUnit.FromXUnit.FactToTest,Replace `[Fact]` with `[Test]`,Replace the xUnit `[Fact]` attribute with the TUnit `[Test]` attribute.,1,From xUnit,Migration,TUnit,C#,Migrate from xUnit to TUnit,Recipes for migrating between versions,Recipes for TUnit migration and best practices,,
nuget,OpenRewrite.Recipes.CSharp.Migration.TUnit,,0.4.0,OpenRewrite.Recipes.CSharp.Migration.TUnit.FromXUnit.InlineDataToArguments,Replace `[InlineData]` with `[Arguments]`,Replace the xUnit `[InlineData]` attribute with the TUnit `[Arguments]` attribute.,1,From xUnit,Migration,TUnit,C#,Migrate from xUnit to TUnit,Recipes for migrating between versions,Recipes for TUnit migration and best practices,,
nuget,OpenRewrite.Recipes.CSharp.Migration.TUnit,,0.4.0,OpenRewrite.Recipes.CSharp.Migration.TUnit.FromXUnit.MemberDataToMethodDataSource,Replace `[MemberData]` with `[MethodDataSource]`,Replace the xUnit `[MemberData]` attribute with the TUnit `[MethodDataSource]` attribute. Fields and properties referenced by MemberData are converted to methods.,1,From xUnit,Migration,TUnit,C#,Migrate from xUnit to TUnit,Recipes for migrating between versions,Recipes for TUnit migration and best practices,,
nuget,OpenRewrite.Recipes.CSharp.Migration.TUnit,,0.4.0,OpenRewrite.Recipes.CSharp.Migration.TUnit.FromXUnit.MigrateFromXUnit,Migrate from xUnit to TUnit,"Migrate xUnit test attributes, assertions, and lifecycle patterns to their TUnit equivalents.",29,,Migration,TUnit,C#,,Recipes for migrating between versions,Recipes for TUnit migration and best practices,,
nuget,OpenRewrite.Recipes.CSharp.Migration.TUnit,,0.4.0,OpenRewrite.Recipes.CSharp.Migration.TUnit.FromXUnit.MigrateFromXUnitAttributes,Migrate xUnit attributes to TUnit,"Replace xUnit test attributes ([Fact], [Theory], [InlineData], etc.) with their TUnit equivalents.",11,From xUnit,Migration,TUnit,C#,Migrate from xUnit to TUnit,Recipes for migrating between versions,Recipes for TUnit migration and best practices,,
nuget,OpenRewrite.Recipes.CSharp.Migration.TUnit,,0.4.0,OpenRewrite.Recipes.CSharp.Migration.TUnit.FromXUnit.MigrateXUnitAssertions,Migrate xUnit assertions to TUnit,Replace xUnit `Assert.*` calls with TUnit's fluent `await Assert.That(...).Is*()` assertions. Note: test methods may need to be changed to `async Task` separately.,1,From xUnit,Migration,TUnit,C#,Migrate from xUnit to TUnit,Recipes for migrating between versions,Recipes for TUnit migration and best practices,,
nuget,OpenRewrite.Recipes.CSharp.Migration.TUnit,,0.4.0,OpenRewrite.Recipes.CSharp.Migration.TUnit.FromXUnit.MigrateXUnitDependencies,Migrate xUnit NuGet dependencies to TUnit,"Remove xUnit NuGet package references, add TUnit, and upgrade the target framework to at least .NET 9.",9,From xUnit,Migration,TUnit,C#,Migrate from xUnit to TUnit,Recipes for migrating between versions,Recipes for TUnit migration and best practices,,
nuget,OpenRewrite.Recipes.CSharp.Migration.TUnit,,0.4.0,OpenRewrite.Recipes.CSharp.Migration.TUnit.FromXUnit.TestOutputHelperToTestContext,Find `ITestOutputHelper` needing TUnit migration,Find usages of xUnit's `ITestOutputHelper` that should be replaced with TUnit's `TestContext`.,1,From xUnit,Migration,TUnit,C#,Migrate from xUnit to TUnit,Recipes for migrating between versions,Recipes for TUnit migration and best practices,,
nuget,OpenRewrite.Recipes.CSharp.Migration.TUnit,,0.4.0,OpenRewrite.Recipes.CSharp.Migration.TUnit.FromXUnit.TheoryToTest,Replace `[Theory]` with `[Test]`,Replace the xUnit `[Theory]` attribute with the TUnit `[Test]` attribute.,1,From xUnit,Migration,TUnit,C#,Migrate from xUnit to TUnit,Recipes for migrating between versions,Recipes for TUnit migration and best practices,,
nuget,OpenRewrite.Recipes.CSharp.Migration.TUnit,,0.4.0,OpenRewrite.Recipes.CSharp.Migration.TUnit.FromXUnit.TraitCategoryToCategory,"Replace `[Trait(""Category"", ...)]` with `[Category]`","Replace xUnit `[Trait(""Category"", ""X"")]` with TUnit's dedicated `[Category(""X"")]` attribute.",1,From xUnit,Migration,TUnit,C#,Migrate from xUnit to TUnit,Recipes for migrating between versions,Recipes for TUnit migration and best practices,,
nuget,OpenRewrite.Recipes.CSharp.Migration.TUnit,,0.4.0,OpenRewrite.Recipes.CSharp.Migration.TUnit.FromXUnit.TraitToProperty,Replace `[Trait]` with `[Property]`,Replace the xUnit `[Trait]` attribute with the TUnit `[Property]` attribute.,1,From xUnit,Migration,TUnit,C#,Migrate from xUnit to TUnit,Recipes for migrating between versions,Recipes for TUnit migration and best practices,,
pip,openrewrite,,,org.openrewrite.python.AddLiteralMethodArgument,Add literal method argument,Add a literal argument to method invocations matching a pattern.,2,,,,Python,,,,,
pip,openrewrite,,,org.openrewrite.python.ChangeImport,Change import,"Change a Python import from one module/name to another, updating all type attributions.",1,,,Imports,Python,,,,,"[{""name"":""old_module"",""displayName"":""Old module"",""description"":""The module to change imports from"",""example"":""collections"",""required"":true},{""name"":""old_name"",""displayName"":""Old name"",""description"":""The name to change (for 'from X import name' style). Leave empty for direct imports."",""example"":""Mapping""},{""name"":""new_module"",""displayName"":""New module"",""description"":""The module to change imports to"",""example"":""collections.abc"",""required"":true},{""name"":""new_name"",""displayName"":""New name"",""description"":""The new name. If not specified, uses the old name."",""example"":""Mapping""},{""name"":""new_alias"",""displayName"":""New alias"",""description"":""Optional alias for the new import""}]"
pip,openrewrite,,,org.openrewrite.python.ChangeMethodName,Change method name,Rename method invocations matching a pattern.,2,,,,Python,,,,,
pip,openrewrite,,,org.openrewrite.python.ChangePackage,Change package,Change package/module references from one name to another.,2,,,,Python,,,,,
pip,openrewrite,,,org.openrewrite.python.ChangeType,Change type,Change a type reference from one fully qualified name to another.,2,,,,Python,,,,,
pip,openrewrite,,,org.openrewrite.python.DeleteMethodArgument,Delete method argument,Remove an argument from method invocations matching a pattern.,2,,,,Python,,,,,
pip,openrewrite,,,org.openrewrite.python.RemovePass,Remove redundant pass statements,Remove redundant `pass` statements from Python code when there are other executable statements in the block.,1,,,Cleanup,Python,,,,,
pip,openrewrite,,,org.openrewrite.python.ReorderMethodArguments,Reorder method arguments,Reorder arguments in method invocations matching a pattern.,2,,,,Python,,,,,
pip,openrewrite-migrate-python,,0.11.0,org.openrewrite.python.codequality.AllBranchesIdentical,Remove conditional with identical branches,"Replace `if`/`elif`/`else` chains where every branch has the same body with just the body, since the condition has no effect on what code executes.",1,,,Code quality,Python,,,,,
pip,openrewrite-migrate-python,,0.11.0,org.openrewrite.python.codequality.BooleanChecksNotInverted,Boolean checks should not be inverted,"Replace inverted boolean comparisons like `not (a == b)` with the equivalent direct operator (`a != b`), and remove double negations like `not (not x)`.",1,,,Code quality,Python,,,,,
pip,openrewrite-migrate-python,,0.11.0,org.openrewrite.python.codequality.CollapsibleIfStatements,Merge collapsible if statements,Combine nested `if` statements that have no `else` branch into a single `if` joined with `and`.,1,,,Code quality,Python,,,,,
pip,openrewrite-migrate-python,,0.11.0,org.openrewrite.python.codequality.MergeIdenticalBranches,Merge consecutive branches with identical bodies,Combine consecutive `if`/`elif` branches that have the same body into a single branch with conditions joined by `or`.,1,,,Code quality,Python,,,,,
pip,openrewrite-migrate-python,,0.11.0,org.openrewrite.python.codequality.RemoveDuplicateConditions,Remove duplicate conditions in if/elif chains,"Remove `elif` branches whose condition is identical to an earlier branch in the same `if`/`elif` chain, since the duplicate branch is dead code that can never execute.",1,,,Code quality,Python,,,,,
pip,openrewrite-migrate-python,,0.11.0,org.openrewrite.python.codequality.RemoveSelfAssignment,Remove self-assignments,"Remove statements that assign a variable to itself (`x = x`, `self.x = self.x`), since they have no effect.",1,,,Code quality,Python,,,,,
pip,openrewrite-migrate-python,,0.11.0,org.openrewrite.python.codequality.RemoveUnconditionalValueOverwrite,Remove unconditional value overwrites,"Remove consecutive assignments that write to the same dict key or object attribute, since the first value is immediately overwritten and never used.",1,,,Code quality,Python,,,,,
pip,openrewrite-migrate-python,,0.11.0,org.openrewrite.python.codequality.SimplifyBooleanLiteral,Simplify boolean literal comparisons,"Replace comparisons against boolean literals (`== True`, `!= False`, `is True`, etc.) with the simpler equivalent boolean expression.",1,,,Code quality,Python,,,,,
pip,openrewrite-migrate-python,,0.11.0,org.openrewrite.python.codequality.SimplifyRedundantLogicalExpression,Simplify redundant logical expressions,Replace `x and x` with `x` and `x or x` with `x`. Identical operands in a logical expression are redundant and often indicate a copy-paste mistake.,1,,,Code quality,Python,,,,,
pip,openrewrite-migrate-python,,0.11.0,org.openrewrite.python.migrate.FindAifcModule,Find deprecated `aifc` module usage,The `aifc` module was deprecated in Python 3.11 and removed in Python 3.13. Use third-party audio libraries instead.,1,,Python 3.13,Migrate,Python,,,,,
pip,openrewrite-migrate-python,,0.11.0,org.openrewrite.python.migrate.FindAsyncioCoroutineDecorator,Find deprecated `@asyncio.coroutine` decorator,Find usage of the deprecated `@asyncio.coroutine` decorator which was removed in Python 3.11. Convert to `async def` syntax with `await` instead of `yield from`.,1,,Python 3.11,Migrate,Python,,,,,
pip,openrewrite-migrate-python,,0.11.0,org.openrewrite.python.migrate.FindAudioopModule,Find deprecated `audioop` module usage,"The `audioop` module was deprecated in Python 3.11 and removed in Python 3.13. Use pydub, numpy, or scipy for audio operations.",1,,Python 3.13,Migrate,Python,,,,,
pip,openrewrite-migrate-python,,0.11.0,org.openrewrite.python.migrate.FindCgiModule,Find deprecated `cgi` module usage,"The `cgi` module was deprecated in Python 3.11 and removed in Python 3.13. Use `urllib.parse` for query string parsing, `html.escape()` for escaping, and web frameworks or `email.message` for form handling.",1,,Python 3.13,Migrate,Python,,,,,
pip,openrewrite-migrate-python,,0.11.0,org.openrewrite.python.migrate.FindCgitbModule,Find deprecated `cgitb` module usage,The `cgitb` module was deprecated in Python 3.11 and removed in Python 3.13. Use the standard `logging` and `traceback` modules for error handling.,1,,Python 3.13,Migrate,Python,,,,,
pip,openrewrite-migrate-python,,0.11.0,org.openrewrite.python.migrate.FindChunkModule,Find deprecated `chunk` module usage,The `chunk` module was deprecated in Python 3.11 and removed in Python 3.13. Implement IFF chunk reading manually or use specialized libraries.,1,,Python 3.13,Migrate,Python,,,,,
pip,openrewrite-migrate-python,,0.11.0,org.openrewrite.python.migrate.FindCryptModule,Find deprecated `crypt` module usage,"The `crypt` module was deprecated in Python 3.11 and removed in Python 3.13. Use `bcrypt`, `argon2-cffi`, or `passlib` instead.",1,,Python 3.13,Migrate,Python,,,,,
pip,openrewrite-migrate-python,,0.11.0,org.openrewrite.python.migrate.FindDistutilsUsage,Find deprecated distutils module usage,Find imports of the deprecated `distutils` module which was removed in Python 3.12. Migrate to `setuptools` or other modern build tools.,1,,Python 3.12,Migrate,Python,,,,,
pip,openrewrite-migrate-python,,0.11.0,org.openrewrite.python.migrate.FindFunctoolsCmpToKey,Find `functools.cmp_to_key()` usage,Find usage of `functools.cmp_to_key()` which is a Python 2 compatibility function. Consider using a key function directly.,1,,Python 3.8,Migrate,Python,,,,,
pip,openrewrite-migrate-python,,0.11.0,org.openrewrite.python.migrate.FindImghdrModule,Find deprecated `imghdr` module usage,"The `imghdr` module was deprecated in Python 3.11 and removed in Python 3.13. Use `filetype`, `python-magic`, or `Pillow` instead.",1,,Python 3.13,Migrate,Python,,,,,
pip,openrewrite-migrate-python,,0.11.0,org.openrewrite.python.migrate.FindImpUsage,Find deprecated imp module usage,Find imports of the deprecated `imp` module which was removed in Python 3.12. Migrate to `importlib`.,1,,Python 3.12,Migrate,Python,,,,,
pip,openrewrite-migrate-python,,0.11.0,org.openrewrite.python.migrate.FindLocaleGetdefaultlocale,Find deprecated `locale.getdefaultlocale()` usage,"`locale.getdefaultlocale()` was deprecated in Python 3.11. Use `locale.setlocale()`, `locale.getlocale()`, or `locale.getpreferredencoding(False)` instead.",1,,Python 3.11,Migrate,Python,,,,,
pip,openrewrite-migrate-python,,0.11.0,org.openrewrite.python.migrate.FindMacpathModule,Find removed `macpath` module usage,The `macpath` module was removed in Python 3.8. Use `os.path` instead.,1,,Python 3.8,Migrate,Python,,,,,
pip,openrewrite-migrate-python,,0.11.0,org.openrewrite.python.migrate.FindMailcapModule,Find deprecated `mailcap` module usage,The `mailcap` module was deprecated in Python 3.11 and removed in Python 3.13. Use `mimetypes` module for MIME type handling.,1,,Python 3.13,Migrate,Python,,,,,
pip,openrewrite-migrate-python,,0.11.0,org.openrewrite.python.migrate.FindMsilibModule,Find deprecated `msilib` module usage,The `msilib` module was deprecated in Python 3.11 and removed in Python 3.13. Use platform-specific tools for MSI creation.,1,,Python 3.13,Migrate,Python,,,,,
pip,openrewrite-migrate-python,,0.11.0,org.openrewrite.python.migrate.FindNisModule,Find deprecated `nis` module usage,The `nis` module was deprecated in Python 3.11 and removed in Python 3.13. There is no direct replacement.,1,,Python 3.13,Migrate,Python,,,,,
pip,openrewrite-migrate-python,,0.11.0,org.openrewrite.python.migrate.FindNntplibModule,Find deprecated `nntplib` module usage,The `nntplib` module was deprecated in Python 3.11 and removed in Python 3.13. NNTP is largely obsolete; consider alternatives if needed.,1,,Python 3.13,Migrate,Python,,,,,
pip,openrewrite-migrate-python,,0.11.0,org.openrewrite.python.migrate.FindOsPopen,Find deprecated `os.popen()` usage,`os.popen()` has been deprecated since Python 3.6. Use `subprocess.run()` or `subprocess.Popen()` instead for better control over process creation and output handling.,1,,,Migrate,Python,,,,,
pip,openrewrite-migrate-python,,0.11.0,org.openrewrite.python.migrate.FindOsSpawn,Find deprecated `os.spawn*()` usage,The `os.spawn*()` family of functions are deprecated. Use `subprocess.run()` or `subprocess.Popen()` instead.,1,,,Migrate,Python,,,,,
pip,openrewrite-migrate-python,,0.11.0,org.openrewrite.python.migrate.FindOssaudiodevModule,Find deprecated `ossaudiodev` module usage,The `ossaudiodev` module was deprecated in Python 3.11 and removed in Python 3.13. There is no direct replacement.,1,,Python 3.13,Migrate,Python,,,,,
pip,openrewrite-migrate-python,,0.11.0,org.openrewrite.python.migrate.FindPathlibLinkTo,Find deprecated `Path.link_to()` usage,Find usage of `Path.link_to()` which was deprecated in Python 3.10 and removed in 3.12. Use `hardlink_to()` instead (note: argument order is reversed).,1,,Python 3.12,Migrate,Python,,,,,
pip,openrewrite-migrate-python,,0.11.0,org.openrewrite.python.migrate.FindPipesModule,Find deprecated `pipes` module usage,The `pipes` module was deprecated in Python 3.11 and removed in Python 3.13. Use subprocess with shlex.quote() for shell escaping.,1,,Python 3.13,Migrate,Python,,,,,
pip,openrewrite-migrate-python,,0.11.0,org.openrewrite.python.migrate.FindRemovedModules312,Find modules removed in Python 3.12,"Find imports of modules that were removed in Python 3.12, including asynchat, asyncore, and smtpd.",1,,Python 3.12,Migrate,Python,,,,,
pip,openrewrite-migrate-python,,0.11.0,org.openrewrite.python.migrate.FindShutilRmtreeOnerror,Find deprecated `shutil.rmtree(onerror=...)` parameter,The `onerror` parameter of `shutil.rmtree()` was deprecated in Python 3.12 in favor of `onexc`. The `onexc` callback receives the exception object directly rather than an exc_info tuple.,1,,Python 3.12,Migrate,Python,,,,,
pip,openrewrite-migrate-python,,0.11.0,org.openrewrite.python.migrate.FindSndhdrModule,Find deprecated `sndhdr` module usage,The `sndhdr` module was deprecated in Python 3.11 and removed in Python 3.13. Use `filetype` or audio libraries like `pydub` instead.,1,,Python 3.13,Migrate,Python,,,,,
pip,openrewrite-migrate-python,,0.11.0,org.openrewrite.python.migrate.FindSocketGetFQDN,Find `socket.getfqdn()` usage,Find usage of `socket.getfqdn()` which can be slow and unreliable. Consider using `socket.gethostname()` instead.,1,,Python 3.11,Migrate,Python,,,,,
pip,openrewrite-migrate-python,,0.11.0,org.openrewrite.python.migrate.FindSpwdModule,Find deprecated `spwd` module usage,The `spwd` module was deprecated in Python 3.11 and removed in Python 3.13. There is no direct replacement.,1,,Python 3.13,Migrate,Python,,,,,
pip,openrewrite-migrate-python,,0.11.0,org.openrewrite.python.migrate.FindSslMatchHostname,Find deprecated `ssl.match_hostname()`,Find usage of the deprecated `ssl.match_hostname()` function which was removed in Python 3.12. Use `ssl.SSLContext.check_hostname` instead.,1,,Python 3.12,Migrate,Python,,,,,
pip,openrewrite-migrate-python,,0.11.0,org.openrewrite.python.migrate.FindSunauModule,Find deprecated `sunau` module usage,The `sunau` module was deprecated in Python 3.11 and removed in Python 3.13. Use `soundfile` or `pydub` instead.,1,,Python 3.13,Migrate,Python,,,,,
pip,openrewrite-migrate-python,,0.11.0,org.openrewrite.python.migrate.FindSysCoroutineWrapper,Find removed `sys.set_coroutine_wrapper()` / `sys.get_coroutine_wrapper()`,`sys.set_coroutine_wrapper()` and `sys.get_coroutine_wrapper()` were deprecated in Python 3.7 and removed in Python 3.8.,1,,Python 3.8,Migrate,Python,,,,,
pip,openrewrite-migrate-python,,0.11.0,org.openrewrite.python.migrate.FindTelnetlibModule,Find deprecated `telnetlib` module usage,"The `telnetlib` module was deprecated in Python 3.11 and removed in Python 3.13. Consider using `telnetlib3` from PyPI, direct socket usage, or SSH-based alternatives like paramiko.",1,,Python 3.13,Migrate,Python,,,,,
pip,openrewrite-migrate-python,,0.11.0,org.openrewrite.python.migrate.FindTempfileMktemp,Find deprecated `tempfile.mktemp()` usage,Find usage of `tempfile.mktemp()` which is deprecated due to security concerns (race condition). Use `mkstemp()` or `NamedTemporaryFile()` instead.,1,,Python 3.14,Migrate,Python,,,,,
pip,openrewrite-migrate-python,,0.11.0,org.openrewrite.python.migrate.FindUrllibParseSplitFunctions,Find deprecated urllib.parse split functions,"Find usage of deprecated urllib.parse split functions (splithost, splitport, etc.) removed in Python 3.14. Use urlparse() instead.",1,,Python 3.14,Migrate,Python,,,,,
pip,openrewrite-migrate-python,,0.11.0,org.openrewrite.python.migrate.FindUrllibParseToBytes,Find deprecated `urllib.parse.to_bytes()` usage,Find usage of `urllib.parse.to_bytes()` which was deprecated in Python 3.8 and removed in 3.14. Use str.encode() directly.,1,,Python 3.14,Migrate,Python,,,,,
pip,openrewrite-migrate-python,,0.11.0,org.openrewrite.python.migrate.FindUuModule,Find deprecated `uu` module usage,The `uu` module was deprecated in Python 3.11 and removed in Python 3.13. Use `base64` module instead for encoding binary data.,1,,Python 3.13,Migrate,Python,,,,,
pip,openrewrite-migrate-python,,0.11.0,org.openrewrite.python.migrate.FindXdrlibModule,Find deprecated `xdrlib` module usage,The `xdrlib` module was deprecated in Python 3.11 and removed in Python 3.13. Use `struct` module for binary packing/unpacking.,1,,Python 3.13,Migrate,Python,,,,,
pip,openrewrite-migrate-python,,0.11.0,org.openrewrite.python.migrate.MigrateAsyncioCoroutine,Migrate `@asyncio.coroutine` to `async def`,Migrate functions using the deprecated `@asyncio.coroutine` decorator to use `async def` syntax. Also transforms `yield from` to `await`. The decorator was removed in Python 3.11.,1,,Python 3.11,Migrate,Python,,,,,
pip,openrewrite-migrate-python,,0.11.0,org.openrewrite.python.migrate.MigrateAvroPython3ToAvro,Migrate the deprecated `avro-python3` package to `avro`,"Replace the deprecated `avro-python3` distribution with its maintained successor, Apache `avro`. Both install the same top-level `avro` import package, so module imports are unchanged, but `avro-python3`'s `avro.schema.Parse` was renamed to the lowercase `avro.schema.parse` (and `Parse` removed) in `avro` 1.11+, so that reference is rewritten. The dependency swap is applied by `org.openrewrite.python.ChangeDependency`.",4,,,Migrate,Python,,,,,
pip,openrewrite-migrate-python,,0.11.0,org.openrewrite.python.migrate.RemoveFutureImports,Remove obsolete `__future__` imports,Remove `from __future__ import ...` statements for features that are enabled by default in Python 3.,1,,,Migrate,Python,,,,,
pip,openrewrite-migrate-python,,0.11.0,org.openrewrite.python.migrate.ReplaceArrayFromstring,Replace `array.fromstring()` with `array.frombytes()`,Replace `fromstring()` with `frombytes()` on array objects. The fromstring() method was deprecated in Python 3.2 and removed in 3.14.,1,,Python 3.14,Migrate,Python,,,,,
pip,openrewrite-migrate-python,,0.11.0,org.openrewrite.python.migrate.ReplaceArrayTostring,Replace `array.tostring()` with `array.tobytes()`,Replace `tostring()` with `tobytes()` on array objects. The tostring() method was deprecated in Python 3.2 and removed in 3.14.,1,,Python 3.14,Migrate,Python,,,,,
pip,openrewrite-migrate-python,,0.11.0,org.openrewrite.python.migrate.ReplaceAstBytes,Replace `ast.Bytes` with `ast.Constant`,"The `ast.Bytes` node type was deprecated in Python 3.8 and removed in Python 3.14. Replace with `ast.Constant` and check `isinstance(node.value, bytes)`.",1,,Python 3.8,Migrate,Python,,,,,
pip,openrewrite-migrate-python,,0.11.0,org.openrewrite.python.migrate.ReplaceAstEllipsis,Replace `ast.Ellipsis` with `ast.Constant`,The `ast.Ellipsis` node type was deprecated in Python 3.8 and removed in Python 3.14. Replace with `ast.Constant` and check `node.value is ...`.,1,,Python 3.8,Migrate,Python,,,,,
pip,openrewrite-migrate-python,,0.11.0,org.openrewrite.python.migrate.ReplaceAstNameConstant,Replace `ast.NameConstant` with `ast.Constant`,"The `ast.NameConstant` node type was deprecated in Python 3.8 and removed in Python 3.14. Replace with `ast.Constant` and check `node.value in (True, False, None)`.",1,,Python 3.8,Migrate,Python,,,,,
pip,openrewrite-migrate-python,,0.11.0,org.openrewrite.python.migrate.ReplaceAstNum,Replace `ast.Num` with `ast.Constant`,"The `ast.Num` node type was deprecated in Python 3.8 and removed in Python 3.14. Replace with `ast.Constant` and check `isinstance(node.value, (int, float, complex))`.",1,,Python 3.8,Migrate,Python,,,,,
pip,openrewrite-migrate-python,,0.11.0,org.openrewrite.python.migrate.ReplaceAstStr,Replace `ast.Str` with `ast.Constant`,"The `ast.Str` node type was deprecated in Python 3.8 and removed in Python 3.14. Replace with `ast.Constant` and check `isinstance(node.value, str)`.",1,,Python 3.8,Migrate,Python,,,,,
pip,openrewrite-migrate-python,,0.11.0,org.openrewrite.python.migrate.ReplaceCalendarConstants,Replace deprecated calendar constants with uppercase,Replace deprecated mixed-case calendar constants like `calendar.January` with their uppercase equivalents like `calendar.JANUARY`. The mixed-case constants were deprecated in Python 3.12.,1,,Python 3.12,Migrate,Python,,,,,
pip,openrewrite-migrate-python,,0.11.0,org.openrewrite.python.migrate.ReplaceCgiParseQs,Replace `cgi.parse_qs()` with `urllib.parse.parse_qs()`,`cgi.parse_qs()` was removed in Python 3.8. Use `urllib.parse.parse_qs()` instead. Note: this rewrites call sites but does not manage imports. Use with `ChangeImport` in a composite recipe to update `from` imports.,1,,Python 3.8,Migrate,Python,,,,,
pip,openrewrite-migrate-python,,0.11.0,org.openrewrite.python.migrate.ReplaceCgiParseQsl,Replace `cgi.parse_qsl()` with `urllib.parse.parse_qsl()`,`cgi.parse_qsl()` was removed in Python 3.8. Use `urllib.parse.parse_qsl()` instead. Note: this rewrites call sites but does not manage imports. Use with `ChangeImport` in a composite recipe to update `from` imports.,1,,Python 3.8,Migrate,Python,,,,,
pip,openrewrite-migrate-python,,0.11.0,org.openrewrite.python.migrate.ReplaceCollectionsAbcImports,Replace `collections` ABC imports with `collections.abc`,Migrate deprecated abstract base class imports from `collections` to `collections.abc`. These imports were deprecated in Python 3.3 and removed in Python 3.10.,1,,Python 3.10,Migrate,Python,,,,,
pip,openrewrite-migrate-python,,0.11.0,org.openrewrite.python.migrate.ReplaceConditionNotifyAll,Replace `Condition.notifyAll()` with `Condition.notify_all()`,Replace `notifyAll()` method calls with `notify_all()`. The camelCase version was deprecated in Python 3.10 and removed in 3.12.,1,,Python 3.10,Migrate,Python,,,,,
pip,openrewrite-migrate-python,,0.11.0,org.openrewrite.python.migrate.ReplaceConfigparserReadfp,Replace `ConfigParser.readfp()` with `read_file()`,The `ConfigParser.readfp()` method was deprecated in Python 3.2 and removed in Python 3.13. Replace with `read_file()`.,1,,Python 3.13,Migrate,Python,,,,,
pip,openrewrite-migrate-python,,0.11.0,org.openrewrite.python.migrate.ReplaceConfigparserSafeConfigParser,Replace `configparser.SafeConfigParser` with `ConfigParser`,The `configparser.SafeConfigParser` class was deprecated in Python 3.2 and removed in Python 3.12. Replace with `configparser.ConfigParser`.,1,,Python 3.12,Migrate,Python,,,,,
pip,openrewrite-migrate-python,,0.11.0,org.openrewrite.python.migrate.ReplaceDatetimeUtcFromTimestamp,"Replace `datetime.utcfromtimestamp()` with `datetime.fromtimestamp(ts, UTC)`","The `datetime.utcfromtimestamp()` method is deprecated in Python 3.12. Replace it with `datetime.fromtimestamp(ts, datetime.UTC)` for timezone-aware datetime objects.",1,,Python 3.12,Migrate,Python,,,,,
pip,openrewrite-migrate-python,,0.11.0,org.openrewrite.python.migrate.ReplaceDatetimeUtcNow,Replace `datetime.utcnow()` with `datetime.now(UTC)`,The `datetime.utcnow()` method is deprecated in Python 3.12. Replace it with `datetime.now(datetime.UTC)` for timezone-aware datetime objects.,1,,Python 3.12,Migrate,Python,,,,,
pip,openrewrite-migrate-python,,0.11.0,org.openrewrite.python.migrate.ReplaceDistutilsVersion,Replace deprecated distutils.version usage,Detect usage of deprecated `distutils.version.LooseVersion` and `distutils.version.StrictVersion`. These should be migrated to `packaging.version.Version`. Note: Manual migration is required as `packaging.version.Version` is not a drop-in replacement.,1,,Python 3.12,Migrate,Python,,,,,
pip,openrewrite-migrate-python,,0.11.0,org.openrewrite.python.migrate.ReplaceElementGetchildren,Replace `Element.getchildren()` with `list(element)`,Replace `getchildren()` with `list(element)` on XML Element objects. Deprecated in Python 3.9.,1,,Python 3.9,Migrate,Python,,,,,
pip,openrewrite-migrate-python,,0.11.0,org.openrewrite.python.migrate.ReplaceElementGetiterator,Replace `Element.getiterator()` with `Element.iter()`,Replace `getiterator()` with `iter()` on XML Element objects. The getiterator() method was deprecated in Python 3.9.,1,,Python 3.9,Migrate,Python,,,,,
pip,openrewrite-migrate-python,,0.11.0,org.openrewrite.python.migrate.ReplaceEventIsSet,Replace `Event.isSet()` with `Event.is_set()`,Replace `isSet()` method calls with `is_set()`. The camelCase version was deprecated in Python 3.10 and removed in 3.12.,1,,Python 3.10,Migrate,Python,,,,,
pip,openrewrite-migrate-python,,0.11.0,org.openrewrite.python.migrate.ReplaceGettextDeprecations,Replace deprecated gettext l*gettext() functions,Replace deprecated gettext functions like `lgettext()` with their modern equivalents like `gettext()`. The l*gettext() functions were removed in Python 3.11.,1,,Python 3.11,Migrate,Python,,,,,
pip,openrewrite-migrate-python,,0.11.0,org.openrewrite.python.migrate.ReplaceHtmlParserUnescape,Replace `HTMLParser.unescape()` with `html.unescape()`,`HTMLParser.unescape()` was removed in Python 3.9. Use `html.unescape()` instead.,1,,Python 3.9,Migrate,Python,,,,,
pip,openrewrite-migrate-python,,0.11.0,org.openrewrite.python.migrate.ReplaceLocaleResetlocale,"Replace `locale.resetlocale()` with `locale.setlocale(LC_ALL, '')`","The `locale.resetlocale()` function was deprecated in Python 3.11 and removed in Python 3.13. Replace with `locale.setlocale(locale.LC_ALL, '')`.",1,,Python 3.11,Migrate,Python,,,,,
pip,openrewrite-migrate-python,,0.11.0,org.openrewrite.python.migrate.ReplacePercentFormatWithFString,Replace `%` formatting with f-string,Replace `"..." % (...)` expressions with f-strings (Python 3.6+). Only converts `%s` and `%r` specifiers where the format string is a literal and the conversion is safe.,1,,Python 3.6,Migrate,Python,,,,,
pip,openrewrite-migrate-python,,0.11.0,org.openrewrite.python.migrate.ReplacePkgutilFindLoader,Replace `pkgutil.find_loader()` with `importlib.util.find_spec()`,"The `pkgutil.find_loader()` function was deprecated in Python 3.12. Replace with `importlib.util.find_spec()`. Note: returns ModuleSpec, use .loader for loader.",1,,Python 3.12,Migrate,Python,,,,,
pip,openrewrite-migrate-python,,0.11.0,org.openrewrite.python.migrate.ReplacePkgutilGetLoader,Replace `pkgutil.get_loader()` with `importlib.util.find_spec()`,"The `pkgutil.get_loader()` function was deprecated in Python 3.12. Replace with `importlib.util.find_spec()`. Note: returns ModuleSpec, use .loader for loader.",1,,Python 3.12,Migrate,Python,,,,,
pip,openrewrite-migrate-python,,0.11.0,org.openrewrite.python.migrate.ReplacePlatformPopen,Replace `platform.popen()` with `subprocess.check_output()`,"`platform.popen()` was removed in Python 3.8. Use `subprocess.check_output(cmd, shell=True)` instead. Note: this rewrites call sites but does not manage imports.",1,,Python 3.8,Migrate,Python,,,,,
pip,openrewrite-migrate-python,,0.11.0,org.openrewrite.python.migrate.ReplaceReTemplate,Replace `re.template()` with `re.compile()` and flag `re.TEMPLATE`/`re.T`,`re.template()` was deprecated in Python 3.11 and removed in 3.13. Calls are auto-replaced with `re.compile()`. `re.TEMPLATE`/`re.T` flags have no direct replacement and are flagged for manual review.,1,,Python 3.11,Migrate,Python,,,,,
pip,openrewrite-migrate-python,,0.11.0,org.openrewrite.python.migrate.ReplaceStrFormatWithFString,Replace `str.format()` with f-string,Replace `"...".format(...)` calls with f-strings (Python 3.6+). Only converts cases where the format string is a literal and the conversion is safe.,1,,Python 3.6,Migrate,Python,,,,,
pip,openrewrite-migrate-python,,0.11.0,org.openrewrite.python.migrate.ReplaceSysLastExcInfo,Replace `sys.last_type` / `sys.last_value` / `sys.last_traceback` with `sys.last_exc`,"`sys.last_type`, `sys.last_value`, and `sys.last_traceback` were deprecated in Python 3.12. Replace them with their `sys.last_exc`-based equivalents: `type(sys.last_exc)`, `sys.last_exc`, and `sys.last_exc.__traceback__` respectively.",1,,Python 3.12,Migrate,Python,,,,,
pip,openrewrite-migrate-python,,0.11.0,org.openrewrite.python.migrate.ReplaceTarfileFilemode,Replace `tarfile.filemode` with `stat.filemode`,`tarfile.filemode` was removed in Python 3.8. Use `stat.filemode()` instead.,1,,Python 3.8,Migrate,Python,,,,,
pip,openrewrite-migrate-python,,0.11.0,org.openrewrite.python.migrate.ReplaceThreadGetName,Replace `Thread.getName()` with `Thread.name`,"Replace `getName()` method calls with the `name` property. Deprecated in Python 3.10, removed in 3.12.",1,,Python 3.10,Migrate,Python,,,,,
pip,openrewrite-migrate-python,,0.11.0,org.openrewrite.python.migrate.ReplaceThreadIsAlive,Replace `Thread.isAlive()` with `Thread.is_alive()`,Replace `isAlive()` method calls with `is_alive()`. Deprecated in Python 3.1 and removed in 3.9.,1,,Python 3.9,Migrate,Python,,,,,
pip,openrewrite-migrate-python,,0.11.0,org.openrewrite.python.migrate.ReplaceThreadIsDaemon,Replace `Thread.isDaemon()` with `Thread.daemon`,"Replace `isDaemon()` method calls with the `daemon` property. Deprecated in Python 3.10, removed in 3.12.",1,,Python 3.10,Migrate,Python,,,,,
pip,openrewrite-migrate-python,,0.11.0,org.openrewrite.python.migrate.ReplaceThreadSetDaemon,Replace `Thread.setDaemon()` with `Thread.daemon = ...`,"Replace `setDaemon()` method calls with `daemon` property assignment. Deprecated in Python 3.10, removed in 3.12.",1,,Python 3.10,Migrate,Python,,,,,
pip,openrewrite-migrate-python,,0.11.0,org.openrewrite.python.migrate.ReplaceThreadSetName,Replace `Thread.setName()` with `Thread.name = ...`,"Replace `setName()` method calls with `name` property assignment. Deprecated in Python 3.10, removed in 3.12.",1,,Python 3.10,Migrate,Python,,,,,
pip,openrewrite-migrate-python,,0.11.0,org.openrewrite.python.migrate.ReplaceThreadingActiveCount,Replace `threading.activeCount()` with `threading.active_count()`,Replace `threading.activeCount()` with `threading.active_count()`. The camelCase version was deprecated in Python 3.10 and removed in 3.12.,1,,Python 3.10,Migrate,Python,,,,,
pip,openrewrite-migrate-python,,0.11.0,org.openrewrite.python.migrate.ReplaceThreadingCurrentThread,Replace `threading.currentThread()` with `threading.current_thread()`,Replace `threading.currentThread()` with `threading.current_thread()`. The camelCase version was deprecated in Python 3.10 and removed in 3.12.,1,,Python 3.10,Migrate,Python,,,,,
pip,openrewrite-migrate-python,,0.11.0,org.openrewrite.python.migrate.ReplaceTypingCallableWithCollectionsAbcCallable,Replace `typing.Callable` with `collections.abc.Callable`,PEP 585 deprecated `typing.Callable` in Python 3.9. Replace with `collections.abc.Callable` for type annotations.,3,,Python 3.9,Migrate,Python,,,,,
pip,openrewrite-migrate-python,,0.11.0,org.openrewrite.python.migrate.ReplaceTypingDictWithDict,Replace `typing.Dict` with `dict`,PEP 585 deprecated `typing.Dict` in Python 3.9. Replace with the built-in `dict` type for generic annotations.,1,,Python 3.9,Migrate,Python,,,,,
pip,openrewrite-migrate-python,,0.11.0,org.openrewrite.python.migrate.ReplaceTypingListWithList,Replace `typing.List` with `list`,PEP 585 deprecated `typing.List` in Python 3.9. Replace with the built-in `list` type for generic annotations.,1,,Python 3.9,Migrate,Python,,,,,
pip,openrewrite-migrate-python,,0.11.0,org.openrewrite.python.migrate.ReplaceTypingOptionalWithUnion,Replace `typing.Optional[X]` with `X | None`,PEP 604 introduced the `|` operator for union types in Python 3.10. Replace `Optional[X]` with the more concise `X | None` syntax.,1,,Python 3.10,Migrate,Python,,,,,
pip,openrewrite-migrate-python,,0.11.0,org.openrewrite.python.migrate.ReplaceTypingSetWithSet,Replace `typing.Set` with `set`,PEP 585 deprecated `typing.Set` in Python 3.9. Replace with the built-in `set` type for generic annotations.,1,,Python 3.9,Migrate,Python,,,,,
pip,openrewrite-migrate-python,,0.11.0,org.openrewrite.python.migrate.ReplaceTypingText,Replace `typing.Text` with `str`,`typing.Text` is deprecated as of Python 3.11. It was an alias for `str` for Python 2/3 compatibility. Replace with `str`.,1,,Python 3.11,Migrate,Python,,,,,
pip,openrewrite-migrate-python,,0.11.0,org.openrewrite.python.migrate.ReplaceTypingTupleWithTuple,Replace `typing.Tuple` with `tuple`,PEP 585 deprecated `typing.Tuple` in Python 3.9. Replace with the built-in `tuple` type for generic annotations.,1,,Python 3.9,Migrate,Python,,,,,
pip,openrewrite-migrate-python,,0.11.0,org.openrewrite.python.migrate.ReplaceTypingUnionWithPipe,"Replace `typing.Union[X, Y]` with `X | Y`","PEP 604 introduced the `|` operator for union types in Python 3.10. Replace `Union[X, Y, ...]` with the more concise `X | Y | ...` syntax.",1,,Python 3.10,Migrate,Python,,,,,
pip,openrewrite-migrate-python,,0.11.0,org.openrewrite.python.migrate.ReplaceUnittestDeprecatedAliases,Replace deprecated unittest method aliases,Replace deprecated unittest.TestCase method aliases like `assertEquals` with their modern equivalents like `assertEqual`. These aliases were removed in Python 3.11/3.12.,1,,Python 3.11,Migrate,Python,,,,,
pip,openrewrite-migrate-python,,0.11.0,org.openrewrite.python.migrate.UpgradeToPython310,Upgrade to Python 3.10,Migrate deprecated APIs and adopt new syntax for Python 3.10 compatibility. This includes adopting PEP 604 union type syntax (`X | Y`) and other modernizations between Python 3.9 and 3.10.,120,,,Migrate,Python,,,,,
pip,openrewrite-migrate-python,,0.11.0,org.openrewrite.python.migrate.UpgradeToPython311,Upgrade to Python 3.11,"Migrate deprecated and removed APIs for Python 3.11 compatibility. This includes handling removed modules, deprecated functions, and API changes between Python 3.10 and 3.11.",133,,,Migrate,Python,,,,,
pip,openrewrite-migrate-python,,0.11.0,org.openrewrite.python.migrate.UpgradeToPython312,Upgrade to Python 3.12,Migrate deprecated and removed APIs for Python 3.12 compatibility. This includes detecting usage of the removed `imp` module and other legacy modules that were removed in Python 3.12.,151,,,Migrate,Python,,,,,
pip,openrewrite-migrate-python,,0.11.0,org.openrewrite.python.migrate.UpgradeToPython313,Upgrade to Python 3.13,"Migrate deprecated and removed APIs for Python 3.13 compatibility. This includes detecting usage of modules removed in PEP 594 ('dead batteries'), other API changes between Python 3.12 and 3.13, and bumping third-party dependencies (`ruff`, `avro-python3`) whose pinned releases do not install cleanly on Python 3.13.",175,,,Migrate,Python,,,,,
pip,openrewrite-migrate-python,,0.11.0,org.openrewrite.python.migrate.UpgradeToPython314,Upgrade to Python 3.14,Migrate deprecated and removed APIs for Python 3.14 compatibility. This includes replacing deprecated AST node types with `ast.Constant` and other API changes between Python 3.13 and 3.14.,187,,,Migrate,Python,,,,,
pip,openrewrite-migrate-python,,0.11.0,org.openrewrite.python.migrate.UpgradeToPython38,Upgrade to Python 3.8,Migrate deprecated APIs and detect legacy patterns for Python 3.8 compatibility.,17,,,Migrate,Python,,,,,
pip,openrewrite-migrate-python,,0.11.0,org.openrewrite.python.migrate.UpgradeToPython39,Upgrade to Python 3.9,"Migrate deprecated APIs for Python 3.9 compatibility. This includes PEP 585 built-in generics, removed base64 functions, and deprecated XML Element methods.",107,,,Migrate,Python,,,,,
pip,openrewrite-migrate-python,,0.11.0,org.openrewrite.python.migrate.langchain.FindDeprecatedLangchainAgents,Find deprecated LangChain agent patterns,"Find usage of deprecated LangChain agent patterns including `initialize_agent`, `AgentExecutor`, and `LLMChain`. These were deprecated in LangChain v0.2 and removed in v1.0.",1,,LangChain 1.0,Migrate,Python,,,,,
pip,openrewrite-migrate-python,,0.11.0,org.openrewrite.python.migrate.langchain.FindLangchainCreateReactAgent,Find `create_react_agent` usage (replace with `create_agent`),Find `from langgraph.prebuilt import create_react_agent` which should be replaced with `from langchain.agents import create_agent` in LangChain v1.0.,1,,LangChain 1.0,Migrate,Python,,,,,
pip,openrewrite-migrate-python,,0.11.0,org.openrewrite.python.migrate.langchain.ReplaceLangchainClassicImports,Replace `langchain` legacy imports with `langchain_classic`,"Migrate legacy chain, retriever, and indexing imports from `langchain` to `langchain_classic`. These were moved in LangChain v1.0.",1,,LangChain 1.0,Migrate,Python,,,,,
pip,openrewrite-migrate-python,,0.11.0,org.openrewrite.python.migrate.langchain.ReplaceLangchainCommunityImports,Replace `langchain` imports with `langchain_community`,Migrate third-party integration imports from `langchain` to `langchain_community`. These integrations were moved in LangChain v0.2.,1,,LangChain 0.2,Migrate,Python,,,,,
pip,openrewrite-migrate-python,,0.11.0,org.openrewrite.python.migrate.langchain.ReplaceLangchainProviderImports,Replace `langchain_community` imports with provider packages,"Migrate provider-specific imports from `langchain_community` to dedicated provider packages like `langchain_openai`, `langchain_anthropic`, etc.",1,,LangChain 0.2,Migrate,Python,,,,,
pip,openrewrite-migrate-python,,0.11.0,org.openrewrite.python.migrate.langchain.UpgradeToLangChain02,Upgrade to LangChain 0.2,Migrate to LangChain 0.2 by updating imports from `langchain` to `langchain_community` and provider-specific packages.,3,,,Migrate,Python,,,,,
pip,openrewrite-migrate-python,,0.11.0,org.openrewrite.python.migrate.langchain.UpgradeToLangChain1,Upgrade to LangChain 1.0,Migrate to LangChain 1.0 by applying all v0.2 migrations and then moving legacy functionality to `langchain_classic`.,7,,,Migrate,Python,,,,,
pip,openrewrite-migrate-python,,0.11.0,org.openrewrite.python.migrate.pydantic.FindDeprecatedJsonEncoders,Find deprecated `json_encoders` config option,"Pydantic deprecated the `json_encoders` option in `ConfigDict`. Its replacements (`@field_serializer` / `@model_serializer` or `Annotated[..., PlainSerializer(...)]`) require restructuring, so this recipe flags its use for review.",1,,Pydantic,Migrate,Python,,,,,
pip,openrewrite-migrate-python,,0.11.0,org.openrewrite.python.migrate.pydantic.FindDeprecatedSchemaGenerator,Find deprecated `schema_generator` config option,"Pydantic 2.10 deprecated the `schema_generator` option in `ConfigDict`. It has no public replacement yet, so this recipe flags its use for review.",1,,Pydantic,Migrate,Python,,,,,
pip,openrewrite-migrate-python,,0.11.0,org.openrewrite.python.migrate.pydantic.FindEvalTypeBackportUsage,Find `eval_type_backport` usage removed in Pydantic 2.14,Pydantic 2.14 removed its support for the `eval_type_backport` package. With the Python 3.10 minimum it is no longer needed. This recipe flags `import eval_type_backport` and `from eval_type_backport import ...` for review.,1,,Pydantic,Migrate,Python,,,,,
pip,openrewrite-migrate-python,,0.11.0,org.openrewrite.python.migrate.pydantic.FindModelValidatorAfterClassmethod,Find `@model_validator(mode='after')` on a classmethod,"Pydantic 2.12 deprecated `@model_validator` with `mode='after'` on a classmethod; the implicit classmethod conversion for `after` model validators is removed in V3. Such validators should be instance methods (`self`, no `@classmethod`). This recipe flags the decorator for review, since the rewrite is not safe to mechanize. `field_validator` is unaffected.",1,,Pydantic,Migrate,Python,,,,,
pip,openrewrite-migrate-python,,0.11.0,org.openrewrite.python.migrate.pydantic.FindSerializeAsAnyUsage,Find `serialize_as_any` usage affected by the Pydantic 2.12 unification,"Pydantic 2.12 unified the `serialize_as_any` flag with the `SerializeAsAny` annotation, which can change serialization output versus 2.11. This recipe flags `serialize_as_any=` on `model_dump` / `model_dump_json` (and `TypeAdapter.dump_python` / `dump_json`) for review, since there is no safe mechanical rewrite.",1,,Pydantic,Migrate,Python,,,,,
pip,openrewrite-migrate-python,,0.11.0,org.openrewrite.python.migrate.pydantic.RemoveEllipsisFromField,Remove `...` (Ellipsis) from `Field()`,"Pydantic 2.10 recommends against using `Ellipsis` (`...`) with `Field` to mark a field as required, as it does not play well with static type checkers. Rewrite `Field(...)` to `Field()` (and `Field(..., x=y)` to `Field(x=y)`), keeping the remaining arguments. Only calls resolving to `pydantic.fields.Field` are rewritten.",1,,Pydantic,Migrate,Python,,,,,
pip,openrewrite-migrate-python,,0.11.0,org.openrewrite.python.migrate.pydantic.ReplaceFinalFieldWithClassVar,Replace `Final` model fields with a default with `ClassVar`,"Pydantic 2.11 deprecates annotating a model field as `Final` with a default value (such fields were treated as class variables). Replace `Final[X] = default` with `ClassVar[X] = default`, which preserves the existing class-variable behavior and is the replacement Pydantic recommends.",1,,Pydantic,Migrate,Python,,,,,
pip,openrewrite-migrate-python,,0.11.0,org.openrewrite.python.migrate.pydantic.ReplaceModelFieldsInstanceAccess,Replace instance access of `model_fields` / `model_computed_fields`,"Pydantic 2.11 deprecated accessing `model_fields` and `model_computed_fields` on a model instance; these are removed in Pydantic 3.0. Replace `<instance>.model_fields` with `type(<instance>).model_fields` (and likewise for `model_computed_fields`) when the receiver resolves to a Pydantic model, so the attribute is accessed on the class. Class access and `cls` access are left untouched.",1,,Pydantic,Migrate,Python,,,,,
pip,openrewrite-migrate-python,,0.11.0,org.openrewrite.python.migrate.pydantic.ReplacePopulateByNameWithValidateByName,Replace `populate_by_name` with `validate_by_name`,"Pydantic 2.11 introduced `validate_by_name` as the equivalent of `populate_by_name`, which is pending deprecation in Pydantic V3. Rename `ConfigDict(populate_by_name=...)` to `ConfigDict(validate_by_name=...)`. This is behavior-preserving (`validate_by_alias` defaults to `True`) and future-proofs the configuration.",1,,Pydantic,Migrate,Python,,,,,
pip,openrewrite-migrate-python,,0.11.0,org.openrewrite.python.migrate.pydantic.UpgradeToPydantic210,Upgrade to Pydantic 2.10,"Flag and migrate code affected by deprecations introduced in Pydantic 2.10, such as the deprecated `schema_generator` config option and the discouraged `Field(...)` Ellipsis form. Also flags the deprecated `json_encoders` config option.",4,,Pydantic,Migrate,Python,,,,,
pip,openrewrite-migrate-python,,0.11.0,org.openrewrite.python.migrate.pydantic.UpgradeToPydantic211,Upgrade to Pydantic 2.11,"Migrate code affected by deprecations introduced in Pydantic 2.11 (and 2.10). Rewrites instance access of `model_fields` / `model_computed_fields` to class access, rewrites `Final` model fields with default values to `ClassVar`, and renames `populate_by_name` to `validate_by_name`.",8,,Pydantic,Migrate,Python,,,,,
pip,openrewrite-migrate-python,,0.11.0,org.openrewrite.python.migrate.pydantic.UpgradeToPydantic212,Upgrade to Pydantic 2.12,Migrate code affected by changes introduced in Pydantic 2.12 (and 2.10/2.11). Flags `serialize_as_any` usage affected by the 2.12 unification with the `SerializeAsAny` annotation.,11,,Pydantic,Migrate,Python,,,,,
pip,openrewrite-migrate-python,,0.11.0,org.openrewrite.python.migrate.pydantic.UpgradeToPydantic213,Upgrade to Pydantic 2.13,"Migrate code for Pydantic 2.13. Pydantic 2.13 introduced no new deprecations (an additive release), so this applies all Pydantic 2.12 migrations (which chain back to 2.10).",12,,Pydantic,Migrate,Python,,,,,
pip,openrewrite-migrate-python,,0.11.0,org.openrewrite.python.migrate.pydantic.UpgradeToPydantic214,Upgrade to Pydantic 2.14,"Migrate code affected by changes introduced in Pydantic 2.14 (and 2.10-2.13). Flags `eval_type_backport` usage, whose support 2.14 removed. Note: 2.14 is in prerelease; verify against the 2.14.0 GA release.",14,,Pydantic,Migrate,Python,,,,,
